# callgrind format
version: 1
creator: callgrind-3.22.0
pid: 106441
cmd:  ./bin/eval_match --p0 pimc --p0-param 20 --p1 greedy --deals 3 --threads 1 --seed 42
part: 1


desc: I1 cache: 
desc: D1 cache: 
desc: LL cache: 

desc: Timerange: Basic block 0 - 134443712
desc: Trigger: Program termination

positions: line
events: Ir
summary: 588565993


ob=(10) /home/max/big2-ai/bin/eval_match
fl=(296) /usr/include/c++/13/bits/std_thread.h
fn=(2800) std::thread::_State_impl<std::thread::_Invoker<std::tuple<main::{lambda()#2}> > >::~_State_impl()
234 6
cob=(4) ???
cfi=(178) ???
cfn=(2768) 0x000000000010e6f0
calls=1 0 
* 4
* 3
cob=(4)
cfi=(178)
cfn=(2228) 0x000000000010e8b0
calls=1 0 
* 2298
* 2

fn=(2766) std::thread::_State_impl<std::thread::_Invoker<std::tuple<main::{lambda()#1}> > >::~_State_impl()
234 6
cob=(4)
cfi=(178)
cfn=(2768)
calls=1 0 
* 4
* 3
cob=(4)
cfi=(178)
cfn=(2228)
calls=1 0 
* 123
* 2

fn=(2108) std::thread::_State_impl<std::thread::_Invoker<std::tuple<main::{lambda()#1}> > >::_M_run()
244 11
fi=(253) /home/max/big2-ai/src/datagen/eval_match.cpp
-66 3
+1 6
cfi=(325) /home/max/big2-ai/src/players/player_factory_registry.h
cfn=(2110) make_player_factory(std::__cxx11::basic_string<char, std::char_traits<char>, std::allocator<char> > const&, double, unsigned int)
calls=1 55 
* 1653
+1 6
cfi=(325)
cfn=(2110)
calls=1 55 
* 333
+1 4
+6 1
-1 1
-1 1
-1 2
+9 6
+1 6
+2 4
fi=(329) /usr/include/c++/13/bits/atomic_base.h
635 12
fi=(253)
188 12
+3 6
+1 9
cfn=(2144) run_paired_deal(unsigned int, PlayerFactory&, PlayerFactory&)
calls=3 46 
* 586071007
* 3
+3 2
+2 4
fi=(329)
635 8
fi=(328) /usr/include/c++/13/bits/shared_ptr_base.h
1070 3
334 1
+3 4
1070 3
334 1
+3 4
fe=(296)
-93 10
fi=(328)
+99 2
+3 3
cfn=(2752) std::_Sp_counted_ptr_inplace<GreedyPlayerFactory, std::allocator<void>, (__gnu_cxx::_Lock_policy)2>::_M_dispose()
calls=1 611 
* 10
+1 3
cfn=(2756) std::_Sp_counted_ptr_inplace<GreedyPlayerFactory, std::allocator<void>, (__gnu_cxx::_Lock_policy)2>::_M_destroy()
calls=1 618 
* 139
+1 1
-5 2
+3 3
cfn=(2758) std::_Sp_counted_ptr_inplace<PimcPlayerFactory, std::allocator<void>, (__gnu_cxx::_Lock_policy)2>::_M_dispose()
calls=1 611 
* 10
+1 3
cfn=(2762) std::_Sp_counted_ptr_inplace<PimcPlayerFactory, std::allocator<void>, (__gnu_cxx::_Lock_policy)2>::_M_destroy()
calls=1 618 
* 139
+1 1
fe=(296)

fn=(2704) std::thread::_State_impl<std::thread::_Invoker<std::tuple<main::{lambda()#2}> > >::_M_run()
244 9
fi=(272) /usr/include/x86_64-linux-gnu/bits/stdio2.h
79 1
fi=(253)
212 1
fi=(369) /usr/include/c++/13/bits/this_thread_sleep.h
80 3
cob=(4)
cfi=(178)
cfn=(2744) 0x000000000010e650
calls=1 -80 
* 98
* 2
fi=(329)
505 4
fi=(253)
212 4
fi=(329)
505 4
fi=(253)
214 8
+1 2
cob=(4)
cfi=(178)
cfn=(2064) 0x000000000010e980
calls=2 0 
* 62
fi=(363) /usr/include/c++/13/bits/chrono.h
950 2
716 2
212 6
fi=(253)
+5 14
+1 22
fi=(272)
79 12
cob=(4)
cfi=(178)
cfn=(2712) 0x000000000010ea80
calls=2 -79 
* 5087
fi=(253)
221 4
cob=(4)
cfi=(178)
cfn=(2734) 0x000000000010e910
calls=2 0 
* 148
+1 6
fi=(369)
75 2
+5 2
fe=(296)
244 8

fl=(344) /home/max/big2-ai/src/core/partial_game.cpp
fn=(2462) PartialGame::get_legal_moves_into(std::vector<int, std::allocator<int> >&) const
49 181176
+1 181176
cfi=(349) /home/max/big2-ai/src/core/util.cpp
cfn=(2464) compute_legal_moves_into(std::array<int, 13ul> const&, int, std::vector<int, std::allocator<int> >&)
calls=60392 343 
* 46634107
+1 120784

fn=(2518) PartialGame::apply_move(Move const&)
22 1153566
+1 384522
cfi=(353) /home/max/big2-ai/src/core/move.cpp
cfn=(2490) encodeMove(Move const&)
calls=192261 215 
* 2441135
* 192261
+1 192261
+2 1729377
+2 192099
+1 192099
+1 192099
-3 768396
+1 2305188
+1 2305188
+1 2305188
-3 9413499
-1 162
+9 324
-2 486
+2 3888
-2 5832
+4 810
+3 648
+1 162
+1 486
+1 648
-3 768396
+1 192099
+1 576297
+1 768396

fn=(2262) PartialGame::PartialGame(Game const&, int)
15 775544
+1 141008
cfi=(335) /home/max/big2-ai/src/core/game.cpp
cfn=(2264) Game::current_player() const
calls=70504 +34 
* 211512
* 282016
+1 282016
cfi=(335)
cfn=(2266) Game::player_hand(int) const
calls=70504 +45 
* 775544
+1 282016
cfi=(335)
cfn=(2268) Game::get_player_hand_size(int) const
calls=70504 +48 
* 282016
* 70504
+1 211512
cfi=(335)
cfn=(2270) Game::discard_pile() const
calls=70504 +49 
* 493528
* 141008
cfi=(335)
cfn=(2272) Game::last_move() const
calls=70504 +51 
* 282016
* 141008
+1 141008
cfi=(335)
cfn=(2274) Game::last_move_id() const
calls=70504 +72 
* 211512
* 634536

fn=(2296) PartialGame::get_legal_moves() const
45 522172
+1 223788
cfi=(349)
cfn=(2298) compute_legal_moves(std::array<int, 13ul> const&, int)
calls=74596 348 
* 108995929
+1 522172

fn=(2572) PartialGame::get_possible_moves() const
53 567
+2 81
-1 162
+1 324
cfi=(349)
cfn=(2574) compute_possible_moves(std::array<int, 13ul> const&, std::array<int, 13ul> const&, int, int, bool)
calls=81 505 
* 1183159
+1 567

fl=(350) /usr/include/c++/13/bits/hashtable.h
fn=(2882) std::_Hashtable<std::array<unsigned char, 13ul>, std::pair<std::array<unsigned char, 13ul> const, Opp1Result>, std::allocator<std::pair<std::array<unsigned char, 13ul> const, Opp1Result> >, std::__detail::_Select1st, std::equal_to<std::array<unsigned char, 13ul> >, (anonymous namespace)::HandHash, std::__detail::_Mod_range_hashing, std::__detail::_Default_ranged_hash, std::__detail::_Prime_rehash_policy, std::__detail::_Hashtable_traits<false, false, true> >::clear()
2520 4
465 1
fi=(356) /usr/include/c++/13/bits/hashtable_policy.h
2029 2
fe=(350)
2525 5
cob=(4)
cfi=(178)
cfn=(2316) 0x000000000010e740
calls=1 0 
* 15
+2 1
+1 1
+1 4

fn=(2426) std::_Hashtable<(anonymous namespace)::HDKey, std::pair<(anonymous namespace)::HDKey const, std::optional<std::vector<int, std::allocator<int> > > >, std::allocator<std::pair<(anonymous namespace)::HDKey const, std::optional<std::vector<int, std::allocator<int> > > > >, std::__detail::_Select1st, std::equal_to<(anonymous namespace)::HDKey>, (anonymous namespace)::HDKeyHash, std::__detail::_Mod_range_hashing, std::__detail::_Default_ranged_hash, std::__detail::_Prime_rehash_policy, std::__detail::_Hashtable_traits<false, false, true> >::_M_find_before_node(unsigned long, (anonymous namespace)::HDKey const&, unsigned long) const
1948 345282
+6 147978
+1 141972
+3 14440
fi=(349)
415 14440
+3 28880
fe=(350)
1966 11918
fi=(356)
528 23836
fe=(350)
1964 23836
-5 4216
fi=(343) /usr/include/c++/13/bits/stl_algobase.h
108 16864
cob=(4)
cfi=(178)
cfn=(1770) 0x000000000010e6e0
calls=4216 0 
* 98875
* 57760
cob=(4)
cfi=(178)
cfn=(1770)
calls=14440 0 
* 338577
fe=(350)
1961 37312
+3 41178
793 11918
fi=(349)
416 23836
-1 11918
+2 23836
+1 11918
-2 35754
+1 595900
+1 297950
-2 905768
fe=(350)
1969 17212
+1 443934

fn=(2446) std::_Hashtable<(anonymous namespace)::HDKey, std::pair<(anonymous namespace)::HDKey const, std::optional<std::vector<int, std::allocator<int> > > >, std::allocator<std::pair<(anonymous namespace)::HDKey const, std::optional<std::vector<int, std::allocator<int> > > > >, std::__detail::_Select1st, std::equal_to<(anonymous namespace)::HDKey>, (anonymous namespace)::HDKeyHash, std::__detail::_Mod_range_hashing, std::__detail::_Default_ranged_hash, std::__detail::_Prime_rehash_policy, std::__detail::_Hashtable_traits<false, false, true> >::~_Hashtable()
1595 62512
465 15628
fi=(356)
2029 31256
380 32213
+1 32213
2033 64426
cfn=(2450) std::__detail::_Hashtable_alloc<std::allocator<std::__detail::_Hash_node<std::pair<(anonymous namespace)::HDKey const, std::optional<std::vector<int, std::allocator<int> > > >, false> > >::_M_deallocate_node(std::__detail::_Hash_node<std::pair<(anonymous namespace)::HDKey const, std::optional<std::vector<int, std::allocator<int> > > >, false>*)
calls=32213 -24 
* 4234597
-4 64426
fe=(350)
2525 78140
cob=(4)
cfi=(178)
cfn=(2316)
calls=15628 0 
* 331585
+2 15628
+1 15628
456 31256
-39 15628
+31 31256
fi=(271) /usr/include/c++/13/bits/new_allocator.h
172 31256
cob=(4)
cfi=(178)
cfn=(2228)
calls=15628 0 
* 1609684
fe=(350)
1610 62512

fl=(334) /home/max/big2-ai/src/simulation/game_simulator.cpp
fn=(2162) GameSimulator::GameSimulator(std::unique_ptr<Player, std::default_delete<Player> >, std::unique_ptr<Player, std::default_delete<Player> >, std::mersenne_twister_engine<unsigned long, 32ul, 624ul, 397ul, 31ul, 2567483615ul, 11ul, 4294967295ul, 7ul, 2636928640ul, 15ul, 4022730752ul, 18ul, 1812433253ul>&, std::__cxx11::basic_string<char, std::char_traits<char>, std::allocator<char> > const&)
9 96
fi=(330) /usr/include/c++/13/bits/random.tcc
458 12
+4 24
+1 24
+1 24
+1 24
+1 18
fe=(334)
12 54
fi=(333) /usr/include/c++/13/tuple
302 12
fi=(314) /usr/include/c++/13/bits/unique_ptr.h
186 6
fi=(333)
302 12
fi=(314)
186 6
fe=(334)
13 6
+1 12
cfi=(335)
cfn=(2168) Game::Game()
calls=6 -4 
* 96
* 6
fi=(330)
459 12
cfn=(2166) std::mersenne_twister_engine<unsigned long, 32ul, 624ul, 397ul, 31ul, 2567483615ul, 11ul, 4294967295ul, 7ul, 2636928640ul, 15ul, 4022730752ul, 18ul, 1812433253ul>::_M_gen_rand()
calls=6 -62 
* 56202
* 6
fe=(334)
14 12
cfi=(336) /home/max/big2-ai/src/core/game_record.cpp
cfn=(2170) GameRecord::GameRecord()
calls=6 +17 
* 252
* 12
fi=(255) /usr/include/c++/13/bits/basic_string.h
230 6
-37 6
+30 6
1079 6
fi=(254) /usr/include/c++/13/bits/basic_string.tcc
225 6
+2 12
fi=(255)
427 12
fi=(254)
251 6
fi=(255)
-33 6
fi=(256) /usr/include/c++/13/bits/char_traits.h
358 12
fe=(334)
14 6
fi=(338) /usr/include/c++/13/bits/basic_ios.h
462 18
cob=(4)
cfi=(178)
cfn=(2180) 0x000000000010e640
calls=6 0 
* 728
* 12
-1 18
+1 24
fi=(293) /usr/include/c++/13/ostream
-30 60
cob=(4)
cfi=(178)
cfn=(2192) 0x000000000010e990
calls=6 0 
* 1194
* 6
fi=(256)
-3 12
fi=(339) /usr/include/c++/13/fstream
786 42
cob=(4)
cfi=(178)
cfn=(2198) 0x000000000010e8c0
calls=6 0 
* 1580
+1 18
cob=(4)
cfi=(178)
cfn=(2192)
calls=6 0 
* 1194
* 6
fe=(334)
14 6
+1 12
+11 66

fn=(2284) GameSimulator::play_loop()
48 30
+1 12
+1 162
cfn=(2288) GameSimulator::play_turn()
calls=81 +4 
* 585735767
-1 174
cfi=(335)
cfn=(2286) Game::is_over() const
calls=87 +3 
* 607
* 174
+3 24

fn=(2288)
54 891
+1 243
cfi=(335)
cfn=(2264)
calls=81 -5 
* 243
+1 162
fi=(314)
199 82
fi=(345) /home/max/big2-ai/src/players/player.h
39 41
+1 41
+1 41
+42 164
cfi=(347) /home/max/big2-ai/src/core/tablebase_peek.h
cfn=(2292) peek_tablebase_move(PartialGame const&)
calls=41 -63 
* 53382326
-44 40
+1 40
+1 40
+42 160
cfi=(347)
cfn=(2292)
calls=40 -63 
* 477829
+1 162
+1 162
+1 162
+1 324
-45 162
+1 162
+4 213
cfi=(358) /home/max/big2-ai/src/players/greedy/greedy_player.h
cfn=(2602) GreedyPlayer::select_move_impl()
calls=38 +83 
* 178295
cfi=(346) /home/max/big2-ai/src/players/pimc/pimc_player.h
cfn=(2458) PimcPlayer::select_move_impl()
calls=33 347 
* 530219533
* 142
+1 213
cfi=(344)
cfn=(2518)
calls=71 -26 
* 9547
+1 213
fe=(334)
+10 213
+2 497
cfi=(336)
cfn=(2568) GameRecord::add_move(Move const&, int, int, bool)
calls=71 -21 
* 1202298
-2 30
+2 70
cfi=(336)
cfn=(2568)
calls=10 -21 
* 220914
+3 243
cfi=(335)
cfn=(2526) Game::apply_move(Move const&)
calls=81 +8 
* 27538
fi=(345)
-33 243
cfi=(344)
cfn=(2518)
calls=81 -9 
* 9062
+1 324
cfn=(2600) Player::on_opponent_move(Move const&)
calls=81 +37 
* 162
fe=(334)
+35 162
+3 810
fi=(314)
199 120
fi=(345)
44 30
cfi=(344)
cfn=(2518)
calls=10 -22 
* 1378
+1 40
fe=(334)

fn=(2210) GameSimulator::run()
28 54
+1 12
cfn=(2212) GameSimulator::initialize_game()
calls=6 +12 
* 34263
+1 24
cfi=(336)
cfn=(2282) GameRecord::set_initial_state(Game const&)
calls=6 +3 
* 1254
+2 12
+4 12
cfn=(2284)
calls=6 +12 
* 585736950
fi=(361) /home/max/big2-ai/src/core/game_record.h
+5 168
fi=(331) /usr/include/c++/13/bits/stl_vector.h
993 12
100 18
381 6
fi=(271)
134 18
+17 12
cob=(4)
cfi=(178)
cfn=(2004) 0x000000000010e8a0
calls=6 0 
* 4713
* 6
fi=(331)
398 6
+1 6
+1 12
fi=(315) /usr/include/c++/13/bits/stl_iterator.h
1077 6
fi=(340) /usr/include/c++/13/bits/stl_uninitialized.h
163 6
-26 6
cfn=(2636) TurnRecord* std::__do_uninit_copy<__gnu_cxx::__normal_iterator<TurnRecord const*, std::vector<TurnRecord, std::allocator<TurnRecord> > >, TurnRecord*>(__gnu_cxx::__normal_iterator<TurnRecord const*, std::vector<TurnRecord, std::allocator<TurnRecord> > >, __gnu_cxx::__normal_iterator<TurnRecord const*, std::vector<TurnRecord, std::allocator<TurnRecord> > >, TurnRecord*)
calls=6 -24 
* 39296
* 6
fi=(331)
605 6
fe=(334)
39 42

fn=(2212)
41 78
+1 24
cfi=(335)
cfn=(2214) Game::shuffle_deal(std::mersenne_twister_engine<unsigned long, 32ul, 624ul, 397ul, 31ul, 2567483615ul, 11ul, 4294967295ul, 7ul, 2636928640ul, 15ul, 4022730752ul, 18ul, 1812433253ul>&)
calls=6 -19 
* 32739
fi=(314)
199 6
fi=(345)
25 30
cfi=(344)
cfn=(2262)
calls=6 -10 
* 456
* 48
+1 36
cfi=(335)
cfn=(2266)
calls=6 +36 
* 66
* 24
cfn=(2280) Player::on_deal(std::array<int, 13ul> const&, int)
calls=3 +40 
* 6
cfi=(346)
cfn=(2278) PimcPlayer::on_deal(std::array<int, 13ul> const&, int)
calls=3 343 
* 9
fi=(314)
199 6
fi=(345)
25 24
cfi=(344)
cfn=(2262)
calls=6 -10 
* 456
* 48
+1 36
cfi=(335)
cfn=(2266)
calls=6 +36 
* 66
* 24
cfi=(346)
cfn=(2278)
calls=3 343 
* 9
cfn=(2280)
calls=3 +40 
* 6
fe=(334)
+20 66

fl=(349)
fn=(2352) (anonymous namespace)::append_pass_singles_doubles_triples(unsigned short, unsigned short, unsigned short, std::vector<int, std::allocator<int> >&)
228 896292
+1 74691
+1 149382
-1 2912949
+1 2637826
fi=(331)
1299 1043790
cfi=(295) /usr/include/c++/13/bits/vector.tcc
cfn=(2324) int& std::vector<int, std::allocator<int> >::emplace_back<int>(int&&)
calls=347930 111 
* 4523090
* 347930
fe=(349)
231 74691
+1 149382
-1 2688876
+1 1990426
fi=(331)
1299 296763
cfi=(295)
cfn=(2324)
calls=98921 111 
* 1285973
* 98921
fe=(349)
233 74691
+1 149382
-1 2464803
+1 1667110
fi=(331)
1299 35862
cfi=(295)
cfn=(2324)
calls=11954 111 
* 155402
* 11954
fe=(349)
235 746910

fn=(2300) (anonymous namespace)::legal_moves_fill(std::array<int, 13ul> const&, int, std::vector<int, std::allocator<int> >&)
301 1685170
fi=(331)
1606 168517
1935 337034
+4 60386
1080 120772
fe=(349)
303 120772
fi=(331)
1080 216262
fe=(349)
303 216262
+3 337034
+1 74691
cfn=(2310) (anonymous namespace)::get_move_tables()
calls=74691 162 
* 42583200
* 149382
+2 224073
+3 149382
-8 227754
cfi=(295)
cfn=(2304) std::vector<int, std::allocator<int> >::reserve(unsigned long)
calls=75918 67 
* 7971855
* 75918
+9 98921
+1 209970
-4 2912949
+1 970983
+1 2637826
+1 944869
+4 597528
cfn=(2352)
calls=74691 -89 
* 24477096
+1 298764
cfn=(2356) (anonymous namespace)::append_pass_full_houses_sparse(unsigned short, unsigned short, std::vector<int, std::allocator<int> >&)
calls=74691 -77 
* 2992786
+1 298764
cfn=(2360) (anonymous namespace)::add_bombs_from_hand(std::array<int, 13ul> const&, std::vector<int, std::allocator<int> >&, int)
calls=74691 171 
* 13684749
+1 448146
cfn=(2362) (anonymous namespace)::append_pass_straights((anonymous namespace)::MoveTables const&, unsigned short, unsigned short, unsigned short, std::vector<int, std::allocator<int> >&)
calls=74691 -52 
* 10267540
+9 1348136
-7 375304
cfn=(2498) (anonymous namespace)::append_response_beats_and_pass(std::array<int, 13ul> const&, int, std::vector<int, std::allocator<int> >&)
calls=93826 -36 
* 48305830
+1 281478
+2 12918
-1 8612
cfn=(2360)
calls=2153 171 
* 291891
* 2153
+3 366692
cfn=(2360)
calls=91673 171 
* 16952705
+2 91673

fn=(2310)
162 2432890
+1 729867
+2 2919468
-2 2
cob=(4)
cfi=(178)
cfn=(2312) 0x000000000010eb00
calls=1 0 
* 22
* 2
-61 4
cob=(4)
cfi=(178)
cfn=(2316)
calls=1 0 
* 98335
fi=(331)
-2 10
fe=(349)
+2 1
+6 2
+3 132
-2 66
+1 288
+1 78
-2 234
-1 48
+54 26
-44 4
-2 3
+2 32764
-2 24576
+9 1
+4 1
+1 1
+3 2
-10 5577
+1 5577
+1 1558
+1 2337
+3 143
+1 143
+1 143
+1 143
+1 1144
+3 572
-17 715
-3 143
+6 143
-1 286
fi=(331)
-21 3
fe=(349)
+40 3
cfi=(295)
cfn=(2304)
calls=1 -73 
* 105
* 2
+1 1
-66 2
-20 8192
-1 16384
+19 328149
-1 109383
+2 109383
-1 109383
+1 1312596
-1 328149
+1 2666808
-1 666702
+2 437532
+1 218766
+1 162110
fi=(331)
1299 243165
cfi=(295)
cfn=(2324)
calls=81055 111 
* 1053715
* 81055
fe=(349)
63 958464
+1 958464
+1 4472832
+4 8126464
+1 6094848
-6 9936896
fi=(315)
1077 49152
fe=(349)
153 65228
fi=(295)
-30 32296
cfn=(2330) void std::vector<unsigned short, std::allocator<unsigned short> >::_M_realloc_insert<unsigned short>(__gnu_cxx::__normal_iterator<unsigned short*, std::vector<unsigned short, std::allocator<unsigned short> > >, unsigned short&&)
calls=48 445 
* 252821
fe=(349)
+30 324220
+1 243165
fi=(295)
-40 243165
fi=(271)
+77 81007
fi=(295)
-72 162014
fe=(349)
+25 98304
fi=(337) /usr/include/c++/13/array
+56 49152
fi=(331)
993 73728
fe=(349)
145 49152
fi=(331)
1606 24576
1935 49152
+4 16075
fe=(349)
150 96450
-97 32150
+97 51006
-97 17002
+4 81920
+6 49152
fi=(331)
993 9
fe=(349)
156 6
-15 12
+1 3
fi=(337)
+61 6
fi=(331)
1606 3
1935 6
fe=(349)
141 6
fi=(331)
389 2
-19 2
fi=(271)
172 2
cob=(4)
cfi=(178)
cfn=(2228)
calls=1 0 
* 103
fe=(349)
-9 4
cob=(4)
cfi=(178)
cfn=(1698) 0x000000000010e830
calls=1 0 
* 78
* 2
cob=(4)
cfi=(178)
cfn=(2348) 0x000000000010e790
calls=1 0 
* 11
* 1

fn=(2356)
241 746910
+5 224073
+1 234906
fi=(331)
1299 21666
fe=(349)
250 70994
+1 70994
+1 70994
+1 70994
+1 116845
fi=(331)
1299 70107
cfi=(295)
cfn=(2324)
calls=23369 111 
* 303797
* 23369
fe=(349)
247 24256
+1 24256
+1 24256
+1 36384
+4 36384
+3 821601

fn=(2378) (anonymous namespace)::find_forced_win_impl(std::array<int, 13ul> const&, std::array<int, 13ul> const&, int, std::unordered_map<(anonymous namespace)::HDKey, std::optional<std::vector<int, std::allocator<int> > >, (anonymous namespace)::HDKeyHash, std::equal_to<(anonymous namespace)::HDKey>, std::allocator<std::pair<(anonymous namespace)::HDKey const, std::optional<std::vector<int, std::allocator<int> > > > > >&)
441 265676
-11 31256
-1 46884
+1 375072
-1 578236
+3 46884
-1 46884
+1 375072
-1 562608
fi=(350)
1669 46884
465 15628
1671 31256
fe=(349)
447 31256
-1 15628
+1 812656
fi=(331)
100 46884
fe=(349)
450 46884
cfi=(295)
cfn=(2304)
calls=15628 67 
* 1641105
* 15628
+35 203164
344 62512
cfn=(2300)
calls=15628 -43 
* 14147337
fi=(315)
1077 62512
fi=(341) /usr/include/c++/13/bits/stl_algo.h
1945 31256
fi=(315)
1337 93768
fi=(343)
1518 46884
fi=(341)
1947 62512
cfn=(2386) void std::__introsort_loop<__gnu_cxx::__normal_iterator<int*, std::vector<int, std::allocator<int> > >, long, __gnu_cxx::__ops::_Iter_comp_iter<(anonymous namespace)::find_forced_win_impl(std::array<int, 13ul> const&, std::array<int, 13ul> const&, int, std::unordered_map<(anonymous namespace)::HDKey, std::optional<std::vector<int, std::allocator<int> > >, (anonymous namespace)::HDKeyHash, std::equal_to<(anonymous namespace)::HDKey>, std::allocator<std::pair<(anonymous namespace)::HDKey const, std::optional<std::vector<int, std::allocator<int> > > > > >&)::{lambda(int, int)#1}> >(__gnu_cxx::__normal_iterator<int*, std::vector<int, std::allocator<int> > >, __gnu_cxx::__normal_iterator<int*, std::vector<int, std::allocator<int> > >, long, __gnu_cxx::__ops::_Iter_comp_iter<(anonymous namespace)::find_forced_win_impl(std::array<int, 13ul> const&, std::array<int, 13ul> const&, int, std::unordered_map<(anonymous namespace)::HDKey, std::optional<std::vector<int, std::allocator<int> > >, (anonymous namespace)::HDKeyHash, std::equal_to<(anonymous namespace)::HDKey>, std::allocator<std::pair<(anonymous namespace)::HDKey const, std::optional<std::vector<int, std::allocator<int> > > > > >&)::{lambda(int, int)#1}>)
calls=15628 -29 
* 1180424
-90 31256
fi=(315)
1148 3314
fi=(341)
1859 3314
cfn=(2398) void std::__insertion_sort<__gnu_cxx::__normal_iterator<int*, std::vector<int, std::allocator<int> > >, __gnu_cxx::__ops::_Iter_comp_iter<(anonymous namespace)::find_forced_win_impl(std::array<int, 13ul> const&, std::array<int, 13ul> const&, int, std::unordered_map<(anonymous namespace)::HDKey, std::optional<std::vector<int, std::allocator<int> > >, (anonymous namespace)::HDKeyHash, std::equal_to<(anonymous namespace)::HDKey>, std::allocator<std::pair<(anonymous namespace)::HDKey const, std::optional<std::vector<int, std::allocator<int> > > > > >&)::{lambda(int, int)#1}> >(__gnu_cxx::__normal_iterator<int*, std::vector<int, std::allocator<int> > >, __gnu_cxx::__normal_iterator<int*, std::vector<int, std::allocator<int> > >, __gnu_cxx::__ops::_Iter_comp_iter<(anonymous namespace)::find_forced_win_impl(std::array<int, 13ul> const&, std::array<int, 13ul> const&, int, std::unordered_map<(anonymous namespace)::HDKey, std::optional<std::vector<int, std::allocator<int> > >, (anonymous namespace)::HDKeyHash, std::equal_to<(anonymous namespace)::HDKey>, std::allocator<std::pair<(anonymous namespace)::HDKey const, std::optional<std::vector<int, std::allocator<int> > > > > >&)::{lambda(int, int)#1}>)
calls=1657 -44 
* 1544600
-20 3314
+1 22564
cfn=(2404) void std::__unguarded_linear_insert<__gnu_cxx::__normal_iterator<int*, std::vector<int, std::allocator<int> > >, __gnu_cxx::__ops::_Val_comp_iter<(anonymous namespace)::find_forced_win_impl(std::array<int, 13ul> const&, std::array<int, 13ul> const&, int, std::unordered_map<(anonymous namespace)::HDKey, std::optional<std::vector<int, std::allocator<int> > >, (anonymous namespace)::HDKeyHash, std::equal_to<(anonymous namespace)::HDKey>, std::allocator<std::pair<(anonymous namespace)::HDKey const, std::optional<std::vector<int, std::allocator<int> > > > > >&)::{lambda(int, int)#1}> >(__gnu_cxx::__normal_iterator<int*, std::vector<int, std::allocator<int> > >, __gnu_cxx::__ops::_Val_comp_iter<(anonymous namespace)::find_forced_win_impl(std::array<int, 13ul> const&, std::array<int, 13ul> const&, int, std::unordered_map<(anonymous namespace)::HDKey, std::optional<std::vector<int, std::allocator<int> > >, (anonymous namespace)::HDKeyHash, std::equal_to<(anonymous namespace)::HDKey>, std::allocator<std::pair<(anonymous namespace)::HDKey const, std::optional<std::vector<int, std::allocator<int> > > > > >&)::{lambda(int, int)#1}>)
calls=11282 -44 
* 667964
-1 35503
+25 41913
cfn=(2398)
calls=13971 -49 
* 4591544
fe=(349)
457 46884
+9 357618
-9 829686
+1 357618
+2 357618
+6 596030
cfn=(2408) opponent_can_respond(int, std::array<int, 13ul> const&, std::array<int, 13ul> const&, int)
calls=119206 -83 
* 97139357
* 119206
+2 42960
+1 42960
+1 75180
+1 21480
+1 10740
-2 53700
+1 257760
+1 128880
-2 644400
+4 64440
cfn=(2379) (anonymous namespace)::find_forced_win_impl(std::array<int, 13ul> const&, std::array<int, 13ul> const&, int, std::unordered_map<(anonymous namespace)::HDKey, std::optional<std::vector<int, std::allocator<int> > >, (anonymous namespace)::HDKeyHash, std::equal_to<(anonymous namespace)::HDKey>, std::allocator<std::pair<(anonymous namespace)::HDKey const, std::optional<std::vector<int, std::allocator<int> > > > > >&)'2
calls=10740 -33 
* 112948205
fi=(357) /usr/include/c++/13/optional
-1 10740
fe=(349)
+2 21480
fi=(331)
1283 3567
fi=(271)
191 95
fi=(331)
1288 190
fi=(355) /usr/include/c++/13/bits/unordered_map.h
987 285
cfi=(356)
cfn=(2422) std::__detail::_Map_base<(anonymous namespace)::HDKey, std::pair<(anonymous namespace)::HDKey const, std::optional<std::vector<int, std::allocator<int> > > >, std::allocator<std::pair<(anonymous namespace)::HDKey const, std::optional<std::vector<int, std::allocator<int> > > > >, std::__detail::_Select1st, std::equal_to<(anonymous namespace)::HDKey>, (anonymous namespace)::HDKeyHash, std::__detail::_Mod_range_hashing, std::__detail::_Default_ranged_hash, std::__detail::_Prime_rehash_policy, std::__detail::_Hashtable_traits<false, false, true>, true>::operator[]((anonymous namespace)::HDKey const&)
calls=95 807 
* 155099
* 3282
cfi=(356)
cfn=(2422)
calls=1094 807 
* 654478
* 1189
fi=(331)
1292 3282
cfi=(295)
cfn=(2218) void std::vector<int, std::allocator<int> >::_M_realloc_insert<int const&>(__gnu_cxx::__normal_iterator<int*, std::vector<int, std::allocator<int> > >, int const&)
calls=1094 445 
* 276139
* 1094
fi=(355)
987 1189
fi=(357)
176 2378
+4 2378
fi=(331)
993 1189
100 3567
381 3567
fi=(271)
134 3567
+17 2378
cob=(4)
cfi=(178)
cfn=(2004)
calls=1189 0 
* 75684
* 2378
fi=(331)
398 1189
+1 1189
+1 2378
fi=(343)
+36 2378
+1 3567
cob=(4)
cfi=(178)
cfn=(2226) 0x000000000010ea60
calls=1189 0 
* 17645
fi=(331)
605 1189
fi=(357)
280 1189
fi=(331)
106 5945
+1 2378
fi=(357)
280 2378
-17 1189
fi=(355)
987 43317
cfi=(356)
cfn=(2422)
calls=14439 807 
* 7665449
fi=(357)
317 28878
120 28878
fi=(331)
389 46884
-19 31256
fi=(271)
172 15628
cob=(4)
cfi=(178)
cfn=(2228)
calls=15628 0 
* 1609684
fi=(331)
738 15628
fe=(349)

fn=(2379)
441 365755
-11 43030
-1 64545
+1 516360
-1 796055
+3 64545
-1 64545
+1 516360
-1 774540
fi=(350)
1669 64545
465 4402
1671 8804
fe=(349)
447 33170
-1 16585
+1 862420
fi=(331)
100 49755
fe=(349)
450 49755
cfi=(295)
cfn=(2304)
calls=16585 67 
* 1742286
* 50811
-35 17113
+3 17113
-1 34226
+1 17113
-2 51339
+1 855650
+1 427825
-2 1283475
fi=(350)
815 17113
fi=(356)
528 85565
fi=(350)
815 51339
cfn=(2426)
calls=17113 1948 
* 1799849
+1 34226
+1 4930
fe=(349)
444 9860
fi=(357)
+96 4930
143 9860
+1 9860
fe=(349)
485 279695
344 66340
cfn=(2300)
calls=16585 -43 
* 14125692
fi=(315)
1077 66340
fi=(341)
1945 33170
fi=(315)
1337 99510
fi=(343)
1518 49755
fi=(341)
1947 66340
cfn=(2386)
calls=16585 -29 
* 304102
-90 33170
fi=(315)
1148 166
fi=(341)
1859 166
cfn=(2398)
calls=83 -44 
* 78681
-20 166
+1 680
cfn=(2404)
calls=340 -44 
* 24129
-1 1103
+25 49506
cfn=(2398)
calls=16502 -49 
* 4541493
fe=(349)
457 49755
fi=(271)
151 2378
cob=(4)
cfi=(178)
cfn=(2004)
calls=1189 0 
* 73718
* 1189
fi=(331)
1693 1189
fi=(343)
398 1189
fi=(331)
106 2378
+1 1189
fi=(357)
+20 1189
fi=(355)
987 3567
cfi=(356)
cfn=(2422)
calls=1189 807 
* 735633
* 1189
fi=(357)
176 2378
fi=(331)
-76 3567
fi=(271)
+51 2378
cob=(4)
cfi=(178)
cfn=(2004)
calls=1189 0 
* 74605
fi=(331)
398 1189
+1 1189
+1 2378
fi=(343)
-2 2378
fi=(331)
605 1189
fi=(357)
280 1189
fi=(331)
106 3567
+1 1189
fi=(357)
280 1189
-17 1189
fe=(349)
466 291558
-9 681377
+1 295125
+2 295125
+6 485930
cfn=(2408)
calls=97186 -83 
* 66301371
* 97186
+2 43100
+1 43100
+1 75425
+1 21550
+1 10775
-2 53875
+1 258600
+1 129300
-2 646500
+4 64650
cfn=(2379)
calls=10775 -33 
* 29087949
fi=(357)
-1 10775
fe=(349)
+2 21550
fi=(331)
1283 1869
fi=(355)
987 1869
cfi=(356)
cfn=(2422)
calls=623 807 
* 342049
* 623
fi=(331)
1292 1869
cfi=(295)
cfn=(2218)
calls=623 445 
* 156469
* 623
fi=(355)
987 623
fi=(357)
176 1246
+4 1246
fi=(331)
993 623
100 1869
381 1869
fi=(271)
134 1869
+17 1246
cob=(4)
cfi=(178)
cfn=(2004)
calls=623 0 
* 38911
* 1246
fi=(331)
398 623
+1 623
+1 1246
fi=(343)
+36 1246
+1 1869
cob=(4)
cfi=(178)
cfn=(2226)
calls=623 0 
* 9345
fi=(331)
605 623
fi=(357)
280 623
fi=(331)
106 3115
+1 1246
fi=(357)
280 1246
-17 623
fi=(355)
987 44319
cfi=(356)
cfn=(2422)
calls=14773 807 
* 9001030
fi=(357)
317 29546
120 29546
fi=(331)
389 49755
-19 33170
fi=(271)
172 16585
cob=(4)
cfi=(178)
cfn=(2228)
calls=16585 0 
* 1708255
fi=(331)
738 16585
fe=(349)

fn=(2498)
286 1125912
fi=(331)
1283 281478
fi=(271)
191 93826
fi=(331)
1288 93826
fe=(349)
288 93826
cfn=(2502) (anonymous namespace)::get_combo_beats()
calls=93826 -77 
* 3135019
* 187652
fi=(331)
1148 281478
fi=(315)
-71 187652
fe=(349)
288 355192
fi=(271)
-97 138333
fi=(331)
1288 138333
fe=(349)
288 3224175
+2 2579340
-2 644835
+3 17955600
-1 16436094
fi=(331)
1283 414999
fe=(349)
298 938260

fn=(2502)
211 844866
+11 281622
+2 1032614
-2 2
cob=(4)
cfi=(178)
cfn=(2312)
calls=1 0 
* 22
* 2
fi=(331)
100 3
fi=(271)
+51 2
cob=(4)
cfi=(178)
cfn=(2004)
calls=1 0 
* 320
fi=(331)
398 1
+2 2
100 3
fi=(340)
642 3
fi=(331)
100 1401
fi=(340)
642 1401
fi=(331)
1717 1
fe=(349)
214 1
cfn=(2410) get_beating_moves()
calls=1 357 
* 24
* 2
fi=(331)
1292 2736
cfi=(295)
cfn=(2218)
calls=1367 445 
* 354490
fe=(349)
216 341795
+1 205077
fi=(331)
1129 17378
1283 26067
fi=(271)
191 7322
fi=(331)
1288 14644
fe=(349)
215 1404
fi=(331)
1148 936
fi=(315)
-71 936
fe=(349)
216 950
+6 4
cob=(4)
cfi=(178)
cfn=(1698)
calls=1 0 
* 78
* 2
cob=(4)
cfi=(178)
cfn=(2348)
calls=1 0 
* 11
* 1

fn=(2298)
348 531384
fi=(331)
100 227736
fe=(349)
344 151824
cfn=(2300)
calls=75912 -43 
* 108991571
* 75912
+8 379560

fn=(2410)
357 2163930
+18 649179
+2 2380323
-2 2
cob=(4)
cfi=(178)
cfn=(2312)
calls=1 0 
* 22
* 2
fi=(331)
100 3
fi=(271)
+51 2
cob=(4)
cfi=(178)
cfn=(2004)
calls=1 0 
* 270
fi=(331)
398 1
+2 2
100 3
fi=(340)
642 3
fi=(331)
100 1401
fi=(340)
642 1401
fi=(331)
1717 2
fe=(349)
360 1
+1 2
+1 934
+1 934
+2 654267
+4 290474
-7 872356
+1 654267
cfi=(353)
cfn=(2414) Move::Move(int)
calls=218089 9 
* 7827854
* 218089
+3 145704
fi=(331)
1129 136718
1283 205077
fi=(271)
191 64459
fi=(331)
1288 128918
fe=(349)
366 86190
+3 65716
fi=(331)
1292 7800
cfi=(295)
cfn=(2218)
calls=3900 445 
* 1032100
* 3900
fe=(349)
360 1868
+1 1401
cfi=(353)
cfn=(2414)
calls=467 9 
* 16762
* 467
+14 4
cob=(4)
cfi=(178)
cfn=(1698)
calls=1 0 
* 78
* 2
cob=(4)
cfi=(178)
cfn=(2348)
calls=1 0 
* 11
* 1

fn=(2464)
343 120784
+1 60392
cfn=(2300)
calls=60392 -43 
* 46332147
+1 120784

fn=(2574)
505 1377
fi=(331)
100 243
fe=(349)
507 162
cfi=(295)
cfn=(2304)
calls=81 67 
* 8505
+14 81
+15 81
fi=(331)
1292 162
fe=(349)
521 162
fi=(331)
1283 144
fi=(271)
191 48
fi=(331)
1288 48
fe=(349)
523 48
cfn=(2502)
calls=48 211 
* 1104
* 144
fi=(331)
1148 144
fi=(315)
-71 144
fe=(349)
523 96
fi=(354) /home/max/big2-ai/src/core/util.h
51 90
fi=(331)
1292 4
cfi=(295)
cfn=(2218)
calls=1 445 
* 260
* 1
fe=(349)
525 96
+1 192
+3 5
-2 6
cfn=(2582) (anonymous namespace)::add_possible_bombs(std::array<int, 13ul> const&, std::array<int, 13ul> const&, int, std::vector<int, std::allocator<int> >&, int)
calls=1 189 
* 218
* 1
+4 282
cfn=(2582)
calls=47 189 
* 45305
* 47
fi=(354)
48 1941
fe=(349)
513 1941
+1 1941
+1 3882
-2 40520
+1 40520
+1 81040
-3 118455
fi=(354)
47 84922
+4 202600
fi=(331)
1292 108
cfi=(295)
cfn=(2218)
calls=36 445 
* 9599
* 36
fe=(349)
538 66
+3 33
fi=(354)
50 33
fi=(331)
1292 99
fe=(349)
539 198
cfn=(2582)
calls=33 189 
* 26842
* 33
fi=(354)
48 1365
fe=(349)
513 1365
+1 1365
+1 2730
-2 23958
+1 23958
+1 47916
-3 71883
fi=(354)
47 50646
+4 119790
fi=(331)
1292 60
cfi=(295)
cfn=(2218)
calls=20 445 
* 6768
* 20
fi=(354)
48 255
fe=(349)
513 255
+1 255
+1 510
-2 3328
+1 3328
+1 6656
-3 3497
fi=(354)
47 7636
+4 3563
-2 7126
fe=(349)
513 470
+1 235
+1 470
-3 675
fi=(331)
1283 675
fi=(271)
191 224
fi=(331)
1288 224
fe=(349)
523 1340
+1 335
-14 1005
+1 2610
fi=(331)
1283 3816
fi=(271)
191 1252
fi=(331)
1288 1252
fe=(349)
541 18876
+1 4719
-32 4719
+1 14706
fi=(331)
1283 5190
fi=(271)
191 1694
fi=(331)
1288 1694
fe=(349)
536 22176
+1 5544
-27 5544
+1 20500
+35 972

fn=(2360)
171 2190721
+1 168517
cfn=(2310)
calls=168517 -10 
* 4212925
* 168517
+1 1851743
fi=(331)
1299 504903
fe=(349)
177 135864
+1 135864
+1 109970
fi=(331)
1299 65982
cfi=(295)
cfn=(2324)
calls=21994 111 
* 285922
* 21994
fe=(349)
173 11072676
+1 4025968
+1 3689366
+1 7548
fi=(331)
1299 11322
cfi=(295)
cfn=(2324)
calls=3774 111 
* 49062
fe=(349)
177 15096
+1 3774
+1 11322
-4 336602
+7 1853687

fn=(2362)
268 672219
+1 149382
+1 149382
+1 298764
fi=(315)
1077 448146
fe=(349)
276 1344438
fi=(315)
1148 448146
-71 224073
fe=(349)
274 448146
fi=(315)
1148 448146
fi=(331)
1486 672219
cfi=(295)
cfn=(2366) void std::vector<int, std::allocator<int> >::_M_range_insert<__gnu_cxx::__normal_iterator<unsigned short const*, std::vector<unsigned short, std::allocator<unsigned short> > > >(__gnu_cxx::__normal_iterator<int*, std::vector<int, std::allocator<int> > >, __gnu_cxx::__normal_iterator<unsigned short const*, std::vector<unsigned short, std::allocator<unsigned short> > >, __gnu_cxx::__normal_iterator<unsigned short const*, std::vector<unsigned short, std::allocator<unsigned short> > >, std::forward_iterator_tag)
calls=224073 751 
* 2424985
fe=(349)
272 672219
+1 1269747
+9 597528

fn=(2376) find_forced_win(std::array<int, 13ul> const&, std::array<int, 13ul> const&, int)
491 109396
fi=(350)
+39 46884
fi=(356)
313 15628
fi=(350)
530 15628
fi=(356)
+15 31256
fi=(350)
-15 15628
fe=(349)
-37 31256
cfn=(2378)
calls=15628 -52 
* 252720169
+1 31256
fi=(355)
109 31256
cfi=(350)
cfn=(2446)
calls=15628 1595 
* 6759844
fe=(349)
496 109396
fi=(315)
1077 2378
fi=(341)
+28 2378
fi=(315)
+20 1189
fi=(341)
-17 2378
fi=(352) /usr/include/c++/13/bits/move.h
197 1284
+1 2568
+1 1284
fi=(341)
1108 6325
fe=(349)

fn=(2408)
383 2163920
+1 216392
cfn=(2410)
calls=216392 -27 
* 17612876
* 432784
fi=(331)
1148 649176
fi=(315)
-71 432784
fe=(349)
384 432784
+7 215987
fi=(354)
51 215987
fe=(349)
394 215987
fi=(354)
48 431974
fe=(349)
390 868081
+1 3472324
-7 17972845
+3 13918107
+1 36910359
-1 13652240
+4 1119100
+10 43030
fi=(354)
48 240475
fe=(349)
394 19699668
-1 4563318
fi=(354)
47 10245736
+4 4882393
-2 9764786
fe=(349)
394 989755
-1 584631
+6 194877
+3 1298352

fn=(2870) (anonymous namespace)::MoveTables::~MoveTables()
82 4
fi=(337)
+12 12
fi=(331)
370 3
+19 6
-19 6
fi=(271)
172 3
cob=(4)
cfi=(178)
cfn=(2228)
calls=3 0 
* 389
* 3
fe=(349)
-90 4

fn=(2582)
189 1215
+1 81
cfn=(2310)
calls=81 -28 
* 2025
* 81
+1 972
fi=(354)
48 170
fe=(349)
199 3672
+1 2448
fi=(354)
47 2448
+4 4556
fe=(349)
202 2278
+1 2278
-1 170
+1 170
+1 5730
fi=(331)
1299 3438
cfi=(295)
cfn=(2324)
calls=1146 111 
* 20685
* 1146
fe=(349)
195 237
+1 158
-4 34
+1 162
-2 5448
+1 1940
+1 1778
+2 2535
-3 845
+4 1690
+1 216
fi=(331)
1299 324
cfi=(295)
cfn=(2324)
calls=108 111 
* 1404
fe=(349)
198 732
+2 102
+4 306
+3 891

fl=(264) /usr/include/c++/13/ext/string_conversions.h
fn=(1802) int __gnu_cxx::__stoa<long, int, char, int>(long (*)(char const*, char**, int), char const*, char const*, unsigned long*, int)
56 32
+9 2
cob=(4)
cfi=(178)
cfn=(1782) 0x000000000010e5d0
calls=2 -65 
* 12
* 6
+17 8
cob=(2) /usr/lib/x86_64-linux-gnu/libc.so.6
cfi=(261) ./stdlib/../stdlib/strtol.c
cfn=(1804) __isoc23_strtol
calls=2 +43 
* 214
+2 6
+3 4
-9 4
+9 4
+5 4
-26 6
+30 22

fn=(1780) double __gnu_cxx::__stoa<double, double, char>(double (*)(char const*, char**), char const*, char const*, unsigned long*)
56 15
+9 1
cob=(4)
cfi=(178)
cfn=(1782)
calls=1 -65 
* 6
* 3
+17 3
cob=(2)
cfi=(265) ./stdlib/./stdlib/strtod.c
cfn=(1784) strtod
calls=1 -1 
* 424
+2 3
+3 2
+5 2
-26 3
+30 11

fl=(353)
fn=(2414)
9 4205090
+1 1682036
+2 1499596
+2 371208
-1 1113624
+3 757180
+2 90227
-1 270681
+3 576726
+2 11592
-1 34776
+3 553542
+1 77124
+1 539868
+1 231372
+1 308496
+1 77124
+1 77124
+1 154248
+1 399294
+1 93681
+1 655767
+1 187362
+2 187362
+2 85626
+3 256878
+1 85626
+1 85626
+1 171252
-2 8055
+1 8055
+1 16110
+1 211932
+2 14537
-1 43611
+3 182858
+2 9811
-1 29433
+3 163236
+2 6429
-1 19287
+3 150378
+2 4354
-1 13062
+3 141670
+2 3273
-1 9819
+3 135124
+2 2550
-1 7650
+3 130024
+2 1954
-1 5862
+3 126116
+2 1420
-1 4260
+3 123276
+4 468
+1 936
+1 122340
+2 21761
-1 65283
+3 78818
+2 6316
-1 18948
+3 66186
+2 4358
-1 13074
+3 57470
+2 3768
-1 11304
+3 49934
+2 3276
-1 9828
+3 43382
+2 2808
-1 8424
+3 37766
+2 5311
-1 15933
+3 27144
+2 4212
-1 12636
+3 18720
+2 3744
-1 11232
+3 11232
+2 3276
-1 9828
+5 2340
-1 4680
+4 93560

fn=(2562) Move::numCards() const
131 52
+2 416
+19 76
+3 26
+3 2

fn=(2490)
215 267923
+1 2143384
+4 495864
+2 116850
+2 8802
+5 21684
+1 36140
+2 21684
+4 30315
+3 26760
+1 35680
+2 26760
-5 5925
+8 12696
+2 7434
+2 3687
+2 1953
+2 681
+2 306
+2 123
+2 24
+4 23490
+2 2361
+2 210
+2 36
+6 864
+12 25463

fl=(335)
fn=(2266)
62 141032
+1 564128
+1 70516

fn=(2530) Game::get_winner() const
56 5026
+1 15078
+3 5026

fn=(2268)
66 282016

fn=(2526)
72 353210
cfi=(353)
cfn=(2490)
calls=70642 215 
* 821524
* 211926
cfn=(2492) Game::apply_move(int)
calls=70642 +2 
* 22251254
* 141284

fn=(2286)
52 75587
+1 372469
+1 75587

fn=(2492)
74 529634
+1 302648
+1 75662
+2 302648
-2 75662
fi=(354)
-28 75662
+3 151324
-3 75662
fe=(335)
+34 1815888
-4 907944
+1 7263552
+1 907944
-1 605296
+1 75662
+1 1967212
fi=(354)
-34 1967212
+2 1815888
+2 1664564
fe=(335)
+33 605296
+1 75662
+2 226986
cfi=(353)
cfn=(2414)
calls=75662 -78 
* 1083272
* 302648
+1 75662
+1 226986
+1 529634
-8 151324

fn=(2168)
10 132
fi=(391) /home/max/big2-ai/src/core/move.h
+33 36
fe=(335)
-33 24

fn=(2272)
70 282016

fn=(2264)
50 423924

fn=(2270)
68 493528

fn=(2214)
23 78
fi=(331)
+77 18
fe=(335)
-75 12
fi=(331)
1292 138
cfi=(295)
cfn=(2218)
calls=42 445 
* 12369
fe=(335)
27 864
fi=(331)
1283 864
fi=(271)
191 246
fi=(331)
1288 738
fe=(335)
25 312
+1 522
+1 156
fi=(315)
1077 6
fe=(335)
30 24
cfi=(341)
cfn=(2246) void std::shuffle<__gnu_cxx::__normal_iterator<int*, std::vector<int, std::allocator<int> > >, std::mersenne_twister_engine<unsigned long, 32ul, 624ul, 397ul, 31ul, 2567483615ul, 11ul, 4294967295ul, 7ul, 2636928640ul, 15ul, 4022730752ul, 18ul, 1812433253ul>&>(__gnu_cxx::__normal_iterator<int*, std::vector<int, std::allocator<int> > >, __gnu_cxx::__normal_iterator<int*, std::vector<int, std::allocator<int> > >, std::mersenne_twister_engine<unsigned long, 32ul, 624ul, 397ul, 31ul, 2567483615ul, 11ul, 4294967295ul, 7ul, 2636928640ul, 15ul, 4022730752ul, 18ul, 1812433253ul>&)
calls=6 3742 
* 13698
fi=(337)
137 6
277 6
fi=(343)
930 6
+1 6
-1 18
+1 72
-1 216
fi=(337)
277 6
fi=(343)
931 6
-1 18
+1 72
-1 216
fe=(335)
32 6
fi=(343)
930 6
fe=(335)
36 12
-1 18
+1 180
-1 282
+3 12
-1 18
+1 180
-1 282
+4 6
-1 18
+1 72
-1 216
+4 6
+1 6
+2 6
fi=(331)
389 12
-19 12
fi=(271)
172 12
cob=(4)
cfi=(178)
cfn=(2228)
calls=6 0 
* 618
fe=(335)
48 66

fn=(2274)
92 211512

fn=(2488) Game::Game(std::array<int, 13ul>, std::array<int, 13ul>, std::array<int, 13ul>, Move, int)
12 40160
+2 60240
+2 10040
-1 15060
+1 10040
cfi=(353)
cfn=(2490)
calls=5020 215 
* 54440
* 5020
+2 10040
-2 5020
+2 266060
+2 10040
-2 5020
+2 396580
+1 15060

fl=(358)
fn=(2510) Move greedy_best<GreedyEval (*)(PartialGame const&)>(PartialGame const&, std::vector<int, std::allocator<int> > const&, GreedyEval (*)(PartialGame const&))
81 966352
fi=(331)
+19 181191
993 181191
fe=(358)
84 120794
cfi=(295)
cfn=(2304)
calls=60397 -17 
* 6252762
fi=(315)
1077 120794
fe=(358)
85 120794
+1 656999
-1 1189520
+1 713712
cfi=(353)
cfn=(2414)
calls=237904 -77 
* 3516148
* 237904
fi=(331)
1283 575811
fi=(271)
191 191937
fi=(331)
1288 575811
fi=(315)
1077 181191
fe=(358)
90 120794
+4 303856
+1 151928
cfi=(353)
cfn=(2414)
calls=37982 -86 
* 524705
* 37982
-4 67245
cfi=(353)
cfn=(2414)
calls=22415 -82 
* 179320
* 89660
fi=(331)
389 44830
-19 89660
fe=(358)
95 113946
cfi=(344)
cfn=(2518)
calls=37982 -73 
* 5130907
+1 113946
cfn=(2520) greedy_hand_eval(PartialGame const&)
calls=37982 -51 
* 6891556
fi=(315)
1148 75964
fe=(358)
98 75964
-5 31245
+7 524355
cfi=(344)
cfn=(2518)
calls=153955 -78 
* 20914631
+1 461865
cfn=(2520)
calls=153955 -56 
* 27951697
fi=(333)
+93 9237300
1901 307910
+1 461865
-1 307910
+1 461779
-1 294304
+1 422650
-1 244824
+1 367236
-1 234468
+1 351692
-1 204956
+1 307415
-1 171138
+1 256704
-1 138060
+1 207071
+1 170373
cfn=(2524) std::__tuple_compare<std::tuple<int const&, int const&, int const&, int const&, int const&, int const&, int const&, int const&, int const&, int const&, int const&, int const&, int const&, int const&, int const&>, std::tuple<int const&, int const&, int const&, int const&, int const&, int const&, int const&, int const&, int const&, int const&, int const&, int const&, int const&, int const&, int const&>, 8ul, 15ul>::__less(std::tuple<int const&, int const&, int const&, int const&, int const&, int const&, int const&, int const&, int const&, int const&, int const&, int const&, int const&, int const&, int const&> const&, std::tuple<int const&, int const&, int const&, int const&, int const&, int const&, int const&, int const&, int const&, int const&, int const&, int const&, int const&, int const&, int const&> const&)
calls=56791 -4 
* 1943657
fe=(358)
102 113582
+1 76264
+1 38132
-6 615820
+1 1231640
+1 461865
cfi=(353)
cfn=(2414)
calls=153955 -91 
* 2623707
* 153955
-7 13474
+14 26948
cfi=(353)
cfn=(2414)
calls=6737 -98 
* 98304
* 124980
cfi=(353)
cfn=(2414)
calls=31245 -98 
* 542545
* 151928
fi=(331)
370 113946
fi=(271)
172 75964
cob=(4)
cfi=(178)
cfn=(2228)
calls=37982 0 
* 3912146
* 44830
cob=(4)
cfi=(178)
cfn=(2228)
calls=22415 0 
* 2308745
fe=(358)
-64 785161

fn=(2602)
130 380
+1 190
cfi=(344)
cfn=(2296)
calls=38 -86 
* 39897
* 152
cfn=(2510)
calls=38 -50 
* 133078
* 76
fi=(331)
370 38
+19 76
-19 76
fi=(271)
172 38
cob=(4)
cfi=(178)
cfn=(2228)
calls=38 0 
* 3914
fe=(358)
-41 76
+1 304

fn=(2698) GreedyPlayer::~GreedyPlayer()
128 24
cob=(4)
cfi=(178)
cfn=(2228)
calls=6 0 
* 618
* 12

fn=(2520)
45 1343559
fi=(348) /home/max/big2-ai/src/core/partial_game.h
-20 767748
fe=(358)
+22 575811
+1 7477083
+1 4990362
+1 12578561
+1 2820
-3 5640
+7 767748
+1 191937
+1 383874
+1 383874
+1 383874
+1 383874
+1 383874
+1 383874
+1 383874
+1 383874
+1 383874
+1 383874
+1 383874
+1 383874
+1 383874
+2 1151622

fl=(342) /usr/include/c++/13/bits/uniform_int_dist.h
fn=(2484) int std::uniform_int_distribution<int>::operator()<std::mersenne_twister_engine<unsigned long, 32ul, 624ul, 397ul, 31ul, 2567483615ul, 11ul, 4294967295ul, 7ul, 2636928640ul, 15ul, 4022730752ul, 18ul, 1812433253ul> >(std::mersenne_twister_engine<unsigned long, 32ul, 624ul, 397ul, 31ul, 2567483615ul, 11ul, 4294967295ul, 7ul, 2636928640ul, 15ul, 4022730752ul, 18ul, 1812433253ul>&, std::uniform_int_distribution<int>::param_type const&)
287 56420
+15 8680
-1 4340
+4 13020
+4 4340
-40 8680
cfi=(330)
cfn=(2254) std::mersenne_twister_engine<unsigned long, 32ul, 624ul, 397ul, 31ul, 2567483615ul, 11ul, 4294967295ul, 7ul, 2636928640ul, 15ul, 4022730752ul, 18ul, 1812433253ul>::operator()()
calls=4340 453 
* 206530
* 8680
+2 8680
+9 8680
+92 4340
+1 47740

fn=(2252) unsigned long std::uniform_int_distribution<unsigned long>::operator()<std::mersenne_twister_engine<unsigned long, 32ul, 624ul, 397ul, 31ul, 2567483615ul, 11ul, 4294967295ul, 7ul, 2636928640ul, 15ul, 4022730752ul, 18ul, 1812433253ul> >(std::mersenne_twister_engine<unsigned long, 32ul, 624ul, 397ul, 31ul, 2567483615ul, 11ul, 4294967295ul, 7ul, 2636928640ul, 15ul, 4022730752ul, 18ul, 1812433253ul>&, std::uniform_int_distribution<unsigned long>::param_type const&)
287 2016
+14 288
+4 432
+4 144
-40 288
cfi=(330)
cfn=(2254)
calls=144 453 
* 3744
* 288
+2 288
+9 288
+92 144
+1 1584

fl=(330)
fn=(2254)
453 13452
+5 8968
+4 17936
+1 17936
+1 17936
+1 17936
+1 13452
+3 8968
-10 10
cfn=(2166)
calls=10 -62 
* 93670
* 10

fn=(2146) std::mersenne_twister_engine<unsigned long, 32ul, 624ul, 397ul, 31ul, 2567483615ul, 11ul, 4294967295ul, 7ul, 2636928640ul, 15ul, 4022730752ul, 18ul, 1812433253ul>::seed(unsigned long)
326 12
fi=(257) /usr/include/c++/13/bits/random.h
143 24
fe=(330)
333 12
fi=(257)
143 12
fe=(330)
335 12
+1 36
+1 12
fi=(257)
143 120
fe=(330)
333 36
+2 7464
+1 22392
+1 7464
fi=(257)
143 74640
fe=(330)
333 22392
+9 12
+1 12

fn=(2166)
397 16
+7 32
-7 16
+12 16
-3 32
+1 32
-1 16
+2 48
+1 64
-5 48
+2 7232
+1 7232
-1 3616
+2 10848
+1 14464
-5 10864
+13 16
-3 32
+1 32
-1 16
+2 48
+1 64
-5 48
+2 12640
+1 12640
-1 6320
+2 18960
+1 25280
-5 18960
+8 32
+1 32
-1 16
+2 48
+1 80
+1 16
+1 16

fl=(346)
fn=(2458)
347 264
+1 132
+1 33
+6 33
-7 33
+7 33
-7 297
cfn=(2460) Move pimc_select_move_impl<GreedyEval (*)(PartialGame const&), PimcPlayer::select_move_impl()::{lambda(Game, int, auto:1 const&, bool, std::mersenne_twister_engine<unsigned long, 32ul, 624ul, 397ul, 31ul, 2567483615ul, 11ul, 4294967295ul, 7ul, 2636928640ul, 15ul, 4022730752ul, 18ul, 1812433253ul>&, std::vector<int, std::allocator<int> >&)#1}>(PartialGame const&, int, int, int, bool, double, std::mersenne_twister_engine<unsigned long, 32ul, 624ul, 397ul, 31ul, 2567483615ul, 11ul, 4294967295ul, 7ul, 2636928640ul, 15ul, 4022730752ul, 18ul, 1812433253ul>&, GreedyEval (*)(PartialGame const&), bool, PimcPlayer::select_move_impl()::{lambda(Game, int, auto:1 const&, bool, std::mersenne_twister_engine<unsigned long, 32ul, 624ul, 397ul, 31ul, 2567483615ul, 11ul, 4294967295ul, 7ul, 2636928640ul, 15ul, 4022730752ul, 18ul, 1812433253ul>&, std::vector<int, std::allocator<int> >&)#1}, std::vector<int, std::allocator<int> >&, std::vector<int, std::allocator<int> >&)
calls=33 225 
* 530218510
+7 66
+1 132

fn=(2278)
343 6
+1 6
+1 6

fn=(2460)
225 1023
+7 33
cfi=(344)
cfn=(2462)
calls=33 49 
* 27997
fi=(331)
1606 33
1935 66
+4 21
993 84
fe=(346)
235 42
cfi=(295)
cfn=(2304)
calls=21 67 
* 1035
fi=(331)
993 48
fe=(346)
235 24
cfi=(295)
cfn=(2304)
calls=12 67 
* 1112
fi=(315)
1077 66
fe=(346)
237 66
-1 33
+2 198
fi=(331)
1283 702
fi=(271)
191 234
fi=(331)
1288 234
fe=(346)
237 1290
+1 774
cfi=(353)
cfn=(2414)
calls=258 9 
* 4819
* 516
+1 48
+5 165
+4 52
fi=(348)
25 104
+1 104
+10 52
-4 156
fi=(331)
993 104
fe=(346)
262 26
+1 52
fi=(331)
1909 52
381 78
fi=(271)
151 78
cob=(4)
cfi=(178)
cfn=(2004)
calls=26 0 
* 2115
fi=(331)
398 26
+2 52
fi=(343)
931 26
-1 78
+1 225
-1 675
fi=(331)
1706 26
fi=(329)
418 26
fe=(346)
270 312
-25 21
cfi=(353)
cfn=(2414)
calls=7 9 
* 56
* 35
fi=(329)
418 17
fi=(331)
1283 51
fi=(271)
191 17
fi=(331)
1288 34
fe=(346)
275 1040
-1 1000
+6 5020
+1 20080
cfi=(335)
cfn=(2492)
calls=5020 74 
* 1606280
* 60240
+72 70280
cfn=(2496) int policy_rollout<GreedyEval (*)(PartialGame const&)>(Game, int, GreedyEval (*)(PartialGame const&), bool, std::mersenne_twister_engine<unsigned long, 32ul, 624ul, 397ul, 31ul, 2567483615ul, 11ul, 4294967295ul, 7ul, 2636928640ul, 15ul, 4022730752ul, 18ul, 1812433253ul>&, std::vector<int, std::allocator<int> >&)
calls=5020 141 
* 526356686
* 10040
fi=(331)
1129 10040
fe=(346)
282 5020
-3 15060
+1 90360
cfi=(335)
cfn=(2488)
calls=5020 12 
* 902820
* 5020
+6 1040
+2 2600
+9 26
fi=(329)
418 26
fe=(346)
298 52
+10 78
fi=(331)
1129 156
fe=(346)
310 23
-2 675
+1 1125
+2 202
fi=(331)
1129 84
fe=(346)
313 336
+4 52
+5 130
cfi=(353)
cfn=(2414)
calls=26 9 
* 379
* 26
-4 85
cfi=(353)
cfn=(2414)
calls=17 9 
* 227
-1 34
fi=(329)
418 12
fe=(346)
-96 104
fi=(331)
+48 26
+19 52
-19 52
fi=(271)
172 26
cob=(4)
cfi=(178)
cfn=(2228)
calls=26 0 
* 2736
fe=(346)
323 495
-53 1560
+2 3120
cfn=(2476) sample_opponent_hand(std::array<int, 13ul> const&, std::array<int, 13ul> const&, int, std::mersenne_twister_engine<unsigned long, 32ul, 624ul, 397ul, 31ul, 2567483615ul, 11ul, 4294967295ul, 7ul, 2636928640ul, 15ul, 4022730752ul, 18ul, 1812433253ul>&)
calls=520 60 
* 991152
* 520
+2 1280
+2 1920
+3 640
-3 1200
+3 920
+1 1040

fn=(2496)
141 100400
+6 10040
+1 10040
+1 15060
-5 5020
+17 352400
cfi=(344)
cfn=(2262)
calls=70480 15 
* 5356480
+1 211440
cfi=(347)
cfn=(2292)
calls=70480 20 
* 337743784
+1 140960
+1 30363
cfi=(335)
cfn=(2526)
calls=10121 -92 
* 3438867
-20 151000
cfi=(335)
cfn=(2286)
calls=75500 -92 
* 523036
* 151000
+1 140960
cfi=(335)
cfn=(2264)
calls=70480 -95 
* 211440
* 70480
+1 212812
+20 241436
cfi=(344)
cfn=(2462)
calls=60359 49 
* 47089246
+1 241436
cfi=(358)
cfn=(2510)
calls=60359 -86 
* 109151137
* 120718
+1 181077
cfi=(335)
cfn=(2526)
calls=60359 -96 
* 20285255
* 60359
+3 10040
cfi=(335)
cfn=(2530)
calls=5020 56 
* 25100
* 15060
+1 60240

fn=(2476)
60 8840
fi=(331)
+40 1560
fe=(346)
-38 1560
cfi=(295)
cfn=(2304)
calls=520 +5 
* 54600
+1 1040
fi=(331)
1292 2600
fe=(346)
64 2600
+1 1040
-2 50840
fi=(354)
-16 13520
+4 6240
-2 12480
fe=(346)
+15 24960
+1 24600
fi=(331)
1292 1560
cfi=(295)
cfn=(2218)
calls=520 445 
* 130742
fe=(346)
65 37980
fi=(331)
1283 37980
fi=(271)
191 12140
fi=(331)
1288 36420
fe=(346)
69 1560
fi=(331)
993 2080
fe=(346)
70 520
+1 3640
+1 520
fi=(342)
+34 520
fe=(346)
-34 520
fi=(342)
204 2080
cfn=(2484)
calls=520 +83 
* 109272
-98 3820
fe=(346)
-34 3820
fi=(342)
204 15280
cfn=(2484)
calls=3820 +83 
* 270858
fe=(346)
74 4340
fi=(331)
1129 4340
fi=(352)
197 4340
+1 8680
+1 4340
fe=(346)
75 8680
-4 13020
fi=(331)
370 1040
fi=(271)
172 1040
cob=(4)
cfi=(178)
cfn=(2228)
calls=520 0 
* 53560
fe=(346)
-94 6240
-15 2700
fi=(354)
-15 1040
fe=(346)

fn=(2700) PimcPlayer::~PimcPlayer()
328 30
fi=(331)
+42 6
+19 12
-19 12
fi=(271)
172 6
cob=(4)
cfi=(178)
cfn=(2228)
calls=6 0 
* 618
fi=(331)
370 6
+19 12
-19 12
fi=(271)
172 6
cob=(4)
cfi=(178)
cfn=(2228)
calls=6 0 
* 618
fe=(346)
328 18
cob=(4)
cfi=(178)
cfn=(2228)
calls=6 0 
* 1152
* 12

fl=(341)
fn=(2246)
3742 66
+8 30
fi=(315)
1337 18
fe=(341)
3768 30
+37 66
fi=(315)
1148 6
fe=(341)
3777 12
+10 12
fi=(342)
204 6
fi=(315)
1337 18
fe=(341)
3792 6
fi=(342)
106 6
fe=(341)
3789 6
-66 18
fi=(342)
204 24
cfn=(2252)
calls=6 +83 
* 396
fi=(315)
1337 396
fe=(341)
3792 132
fi=(342)
106 132
fe=(341)
3789 132
-66 396
fi=(342)
204 528
cfn=(2252)
calls=132 +83 
* 8712
fe=(341)
3724 276
fi=(315)
1148 138
fi=(352)
197 138
+1 276
+1 138
fi=(315)
1148 138
fi=(352)
197 138
+1 276
+1 138
fe=(341)
3787 420
fi=(342)
106 12
+98 24
cfn=(2252)
calls=6 +83 
* 396
fi=(315)
1148 6
-30 6
fi=(352)
197 6
+1 12
+1 12
fe=(341)

fn=(2398)
1815 64426
-3 225491
fi=(315)
1148 32213
fe=(341)
1817 64426
fi=(349)
453 62920
fe=(341)
1819 264814
fi=(343)
746 83192
+1 83192
+1 159144
cob=(4)
cfi=(178)
cfn=(2226)
calls=39786 0 
* 545864
fe=(341)
1824 41596
-7 771136
fi=(351) /usr/include/c++/13/bits/predefined_ops.h
158 385568
fi=(349)
453 1542272
+1 385568
fe=(341)
1819 60377
+8 151188
cfn=(2404)
calls=151188 -31 
* 5483035
* 151188
fi=(343)
749 1810
423 3620
fe=(341)
1830 193278

fn=(2404)
1796 162810
fi=(349)
453 976860
fi=(315)
1126 162810
fe=(341)
1799 409024
+2 261566
fi=(315)
1123 523132
fi=(351)
240 261566
fi=(349)
453 1046264
+1 523132
fi=(315)
1123 162810
fi=(351)
240 162810
fi=(349)
453 651240
+1 325620
fe=(341)
1799 219864
+6 162810
+1 162810

fn=(2386)
1918 225491
fi=(315)
1337 32213
fe=(341)
1922 67906
fi=(349)
453 1740
fe=(341)
1924 3480
+11 193278
fi=(349)
454 384
fi=(351)
158 229
fi=(349)
453 916
+1 458
fe=(341)
90 208
fi=(349)
454 627
fe=(341)
92 418
fi=(352)
197 128
+1 128
+1 256
fe=(341)
90 42
fi=(352)
197 20
+1 20
+1 3890
fi=(349)
454 15
fi=(352)
197 81
+1 81
+1 162
fi=(349)
454 51
fi=(352)
197 13
+1 13
+1 26
fe=(341)
99 120
fi=(352)
+98 466
+1 466
+1 932
fi=(349)
454 13200
fi=(315)
1125 35932
fi=(351)
158 17966
fi=(349)
453 71864
+1 53898
fi=(315)
1125 4422
fi=(351)
158 4422
fi=(349)
453 17688
+1 13266
fe=(341)
1880 67164
+2 35932
fi=(352)
198 16031
+1 16031
fi=(315)
1111 16031
fi=(351)
158 16031
fi=(349)
453 80155
fi=(351)
158 16031
fi=(349)
453 64124
+1 48093
fi=(351)
158 1935
fi=(349)
453 9675
fi=(351)
158 1935
fi=(349)
453 7740
+1 5805
-1 4999
fi=(351)
158 4999
fi=(349)
453 19996
+1 14997
fe=(341)
1877 86861
fi=(349)
454 11034
fe=(341)
1932 7740
cfn=(2387) void std::__introsort_loop<__gnu_cxx::__normal_iterator<int*, std::vector<int, std::allocator<int> > >, long, __gnu_cxx::__ops::_Iter_comp_iter<(anonymous namespace)::find_forced_win_impl(std::array<int, 13ul> const&, std::array<int, 13ul> const&, int, std::unordered_map<(anonymous namespace)::HDKey, std::optional<std::vector<int, std::allocator<int> > >, (anonymous namespace)::HDKeyHash, std::equal_to<(anonymous namespace)::HDKey>, std::allocator<std::pair<(anonymous namespace)::HDKey const, std::optional<std::vector<int, std::allocator<int> > > > > >&)::{lambda(int, int)#1}> >(__gnu_cxx::__normal_iterator<int*, std::vector<int, std::allocator<int> > >, __gnu_cxx::__normal_iterator<int*, std::vector<int, std::allocator<int> > >, long, __gnu_cxx::__ops::_Iter_comp_iter<(anonymous namespace)::find_forced_win_impl(std::array<int, 13ul> const&, std::array<int, 13ul> const&, int, std::unordered_map<(anonymous namespace)::HDKey, std::optional<std::vector<int, std::allocator<int> > >, (anonymous namespace)::HDKeyHash, std::equal_to<(anonymous namespace)::HDKey>, std::allocator<std::pair<(anonymous namespace)::HDKey const, std::optional<std::vector<int, std::allocator<int> > > > > >&)::{lambda(int, int)#1}>)'2
calls=1935 -14 
* 84454
fi=(315)
1337 3870
fe=(341)
1922 3870
+2 585
+5 195
fi=(315)
1337 390
fe=(341)
1896 585
fi=(315)
1148 390
fi=(351)
158 390
fi=(349)
453 1560
+1 585
fe=(341)
1929 1740
fi=(315)
1337 3480
fe=(341)
1896 5220
fi=(315)
1148 3480
fi=(351)
158 3480
fi=(349)
453 13920
+1 5220
fe=(341)
88 3870
fi=(351)
+70 1706
fi=(349)
453 6824
+1 5118
fe=(341)
97 3412
fi=(349)
454 3386
fe=(341)
99 1633
fi=(352)
+98 1227
+1 1227
+1 2454
fe=(341)

fn=(2387)
1918 14448
fi=(315)
1337 2064
fe=(341)
1922 4358
fi=(349)
453 115
fe=(341)
1924 230
+11 12384
fi=(349)
454 72
fi=(351)
158 108
fi=(349)
453 432
+1 216
fe=(341)
90 30
fi=(349)
454 267
fe=(341)
92 178
fi=(352)
197 1
+1 1
+1 2
fe=(341)
90 156
fi=(352)
197 19
+1 19
+1 277
fi=(349)
454 30
fi=(352)
197 88
+1 88
+1 176
fi=(349)
454 54
fi=(352)
197 7
+1 7
+1 14
fe=(341)
99 10
fi=(352)
+98 9
+1 9
+1 18
fi=(349)
454 2007
fi=(315)
1125 1294
fi=(351)
158 647
fi=(349)
453 2588
+1 1941
fi=(315)
1125 705
fi=(351)
158 705
fi=(349)
453 2820
+1 2115
fe=(341)
1880 4056
+2 1294
fi=(352)
198 518
+1 518
fi=(315)
1111 518
fi=(351)
158 518
fi=(349)
453 2590
fi=(351)
158 518
fi=(349)
453 2072
+1 1554
fi=(351)
158 129
fi=(349)
453 645
fi=(351)
158 129
fi=(349)
453 516
+1 387
-1 779
fi=(351)
158 779
fi=(349)
453 3116
+1 2337
fe=(341)
1877 4925
fi=(349)
454 1539
fe=(341)
1932 516
cfn=(2387)
calls=129 -14 
* 9645
fi=(315)
1337 258
fe=(341)
1922 258
+2 42
+5 14
fi=(315)
1337 28
fe=(341)
1896 42
fi=(315)
1148 28
fi=(351)
158 28
fi=(349)
453 112
+1 42
fe=(341)
1929 115
fi=(315)
1337 230
fe=(341)
1896 345
fi=(315)
1148 230
fi=(351)
158 230
fi=(349)
453 920
+1 345
fe=(341)
88 258
fi=(351)
+70 21
fi=(349)
453 84
+1 63
fe=(341)
97 42
fi=(349)
454 28
fe=(341)
99 9
fi=(352)
+98 5
+1 5
+1 10
fe=(341)

fl=(347)
fn=(2292)
20 987854
+1 282244
fi=(348)
+19 141122
-1 70561
+1 3669172
fe=(347)
-16 211683
cfi=(344)
cfn=(2296)
calls=70561 +21 
* 106366926
fi=(315)
1077 141122
fe=(347)
24 211683
+3 141122
fi=(359) /usr/include/c++/13/bits/stl_construct.h
+92 20104
fi=(357)
280 5026
fi=(331)
+90 5026
+19 10052
-19 10052
fi=(271)
172 5026
cob=(4)
cfi=(178)
cfn=(2228)
calls=5026 0 
* 517678
fe=(347)
-88 846732
-60 1119382
+1 567230
+2 1179140
+1 10052
cfi=(353)
cfn=(2414)
calls=5026 -19 
* 72700
* 5026
fi=(331)
389 131070
-19 131070
fi=(271)
172 131070
cob=(4)
cfi=(178)
cfn=(2228)
calls=65535 0 
* 6750105
fe=(347)
33 131070
+2 39088
fi=(348)
+1 15628
-10 62512
-1 62512
fe=(347)
+50 62512
cfi=(349)
cfn=(2376)
calls=15628 491 
* 259937381
+1 31256
+1 1189
fi=(331)
993 4756
fe=(347)
78 1189
+1 3567
cfi=(353)
cfn=(2414)
calls=1189 -70 
* 39017
* 1189
-43 11748
cfi=(344)
cfn=(2296)
calls=3916 +9 
* 3774649
fi=(315)
1077 7832
fe=(347)
39 7832
-2 3916
+3 11748
+1 35116
+4 48726
-6 48726
+1 52674
cfi=(353)
cfn=(2414)
calls=17558 -31 
* 231086
* 17558
+8 5200
+1 2600
fi=(359)
+70 5200
fi=(357)
280 2600
fi=(331)
+90 2600
+19 5200
-19 1316
+19 2632
-19 7832
fi=(271)
172 3916
cob=(4)
cfi=(178)
cfn=(2228)
calls=3916 0 
* 403348
fi=(360) /usr/include/c++/13/bits/allocator.h
+12 3916
fi=(348)
25 5264
fe=(347)
+30 2632
cfi=(248) /home/max/big2-ai/src/core/tablebase_opp1.cpp
cfn=(2532) lookup_opp1(std::array<int, 13ul> const&)
calls=1316 +4 
* 115808
* 2632
+1 2632
fi=(348)
-31 5264
fe=(347)
+41 2632
cfi=(248)
cfn=(2536) opp1_default_strategy_move(std::array<int, 13ul> const&)
calls=1316 +3 
* 2454314
* 7896
+1 1316
+2 3948
cfi=(353)
cfn=(2414)
calls=1316 -60 
* 20506
fi=(359)
+50 5264
fi=(357)
280 1316
fe=(347)
70 1316
fi=(359)
+49 4756
fi=(357)
280 1189
+37 2378
-31 1189
fi=(331)
+84 1189
+19 2378
-19 2378
fi=(271)
172 1189
cob=(4)
cfi=(178)
cfn=(2228)
calls=1189 0 
* 122497
fi=(357)
707 1189
fe=(347)

fl=(246) ???
fn=(1690) 0x0000000000006c20
0 12

fn=(1682) (below main)
0 12
cob=(2)
cfi=(247) ./csu/../csu/libc-start.c
cfn=(1684) __libc_start_main@@GLIBC_2.34
calls=1 242 
0 278064

fn=(2890) 0x0000000000006be0
0 9
cob=(4)
cfi=(178)
cfn=(2896) 0x000000000010e5b0
calls=1 0 
0 134
0 1
cfn=(2906) 0x0000000000006b70
calls=1 0 
0 5
0 3

fn=(2906)
0 5

fl=(255)
fn=(1820) bool std::operator==<char, std::char_traits<char>, std::allocator<char> >(std::__cxx11::basic_string<char, std::char_traits<char>, std::allocator<char> > const&, char const*)
3727 24
1072 4
fi=(256)
399 8
cob=(4)
cfi=(178)
cfn=(1768) 0x000000000010e6d0
calls=4 0 
* 64
* 4
fe=(255)
3731 12
+1 16
-1 1
fi=(256)
376 2
+13 4
cob=(4)
cfi=(178)
cfn=(1770)
calls=1 0 
* 21
fe=(255)
3731 3

fn=(1800) std::__cxx11::basic_string<char, std::char_traits<char>, std::allocator<char> >::basic_string<std::allocator<char> >(char const*, std::allocator<char> const&)
641 16
230 8
645 16
fi=(256)
399 8
cob=(4)
cfi=(178)
cfn=(1768)
calls=4 0 
* 64
fe=(255)
648 4
+1 12
cfi=(254)
cfn=(1714) void std::__cxx11::basic_string<char, std::char_traits<char>, std::allocator<char> >::_M_construct<char const*>(char const*, char const*, std::forward_iterator_tag)
calls=4 221 
* 195
+1 16

fl=(336)
fn=(2282)
33 72
+1 72
+1 24
cfi=(344)
cfn=(2262)
calls=6 -20 
* 456
* 48
+1 24
cfi=(344)
cfn=(2262)
calls=6 -21 
* 456
* 48
+1 54

fn=(2170)
31 42
cfi=(335)
cfn=(2168)
calls=6 -21 
* 96
fi=(337)
+63 24
fi=(348)
-82 18
fi=(337)
+82 18
fi=(348)
-82 18
fi=(331)
+88 18
fe=(336)
-69 18

fn=(2568)
40 1377
+2 81
cfi=(335)
cfn=(2264)
calls=81 +8 
* 243
+8 2349
-5 162
cfi=(335)
cfn=(2264)
calls=81 +5 
* 243
fi=(337)
200 81
fe=(336)
50 81
-5 81
fi=(337)
203 162
fe=(336)
50 81
cfi=(344)
cfn=(2296)
calls=81 -5 
* 82589
-4 162
cfi=(335)
cfn=(2264)
calls=81 +4 
* 243
* 81
+4 81
-4 243
fi=(337)
203 162
fe=(336)
50 81
cfi=(344)
cfn=(2572)
calls=81 +3 
* 1184860
* 648
fi=(331)
1283 243
fi=(361)
13 1530
fi=(331)
993 102
100 153
381 51
fi=(271)
134 153
+17 102
cob=(4)
cfi=(178)
cfn=(2004)
calls=51 0 
* 3413
* 102
fi=(331)
398 51
+1 51
+1 102
fi=(315)
1077 51
fi=(343)
435 102
+1 102
+1 102
cob=(4)
cfi=(178)
cfn=(2226)
calls=34 0 
* 513
+4 102
fi=(331)
993 102
100 153
381 51
fi=(271)
134 153
+17 102
cob=(4)
cfi=(178)
cfn=(2004)
calls=51 0 
* 6332
* 51
fi=(343)
438 17
-40 51
fi=(271)
151 51
fi=(331)
398 51
+1 51
+1 102
fi=(315)
1077 51
fi=(343)
435 102
+1 102
+1 147
cob=(4)
cfi=(178)
cfn=(2226)
calls=49 0 
* 1804
+4 102
fi=(361)
13 510
fi=(331)
1288 51
fe=(336)
52 153
cfi=(335)
cfn=(2526)
calls=51 +20 
* 17368
* 90
cfi=(335)
cfn=(2526)
calls=30 +20 
* 10170
* 81
fi=(343)
438 2
-40 6
fi=(331)
1292 30
fe=(336)
51 30
fi=(331)
1292 60
cfi=(295)
cfn=(2592) void std::vector<TurnRecord, std::allocator<TurnRecord> >::_M_realloc_insert<TurnRecord const&>(__gnu_cxx::__normal_iterator<TurnRecord*, std::vector<TurnRecord, std::allocator<TurnRecord> > >, TurnRecord const&)
calls=30 445 
* 64918
* 30
fi=(337)
203 81
fe=(336)
53 162
cfi=(344)
cfn=(2518)
calls=81 -31 
* 10005
fi=(337)
203 81
fe=(336)
54 162
cfi=(344)
cfn=(2518)
calls=81 -32 
* 9982
fi=(331)
370 81
+19 162
-19 162
fi=(271)
172 81
cob=(4)
cfi=(178)
cfn=(2228)
calls=81 0 
* 8343
fi=(331)
370 81
+19 162
-19 162
fi=(271)
172 81
cob=(4)
cfi=(178)
cfn=(2228)
calls=81 0 
* 8343
fe=(336)
55 891

fl=(340)
fn=(2636)
113 66
+6 18
-3 12
fi=(271)
+35 81
fi=(331)
398 81
+1 81
+1 162
fi=(315)
1077 81
fi=(343)
435 162
+1 162
+1 174
cob=(4)
cfi=(178)
cfn=(2226)
calls=58 0 
* 904
+4 162
fi=(331)
993 162
100 243
381 81
fi=(271)
134 243
+17 162
cob=(4)
cfi=(178)
cfn=(2004)
calls=81 0 
* 14471
* 81
fi=(343)
438 23
-40 69
fi=(271)
151 81
fi=(331)
398 81
+1 81
+1 162
fi=(315)
1077 81
fi=(343)
435 162
+1 162
+1 228
cob=(4)
cfi=(178)
cfn=(2226)
calls=76 0 
* 3212
+4 162
fi=(361)
13 810
fe=(340)
119 324
fi=(361)
13 2511
fi=(331)
993 162
100 243
381 81
fi=(271)
134 243
+17 162
cob=(4)
cfi=(178)
cfn=(2004)
calls=81 0 
* 12512
* 81
fi=(343)
438 5
-40 15
fe=(340)
128 54

fl=(254)
fn=(1884) void std::__cxx11::basic_string<char, std::char_traits<char>, std::allocator<char> >::_M_construct<char*>(char*, char*, std::forward_iterator_tag)
221 10
fi=(392) /usr/include/c++/13/bits/stl_iterator_base_funcs.h
106 2
fe=(254)
225 1
+2 2
fi=(255)
-4 1
427 2
fe=(254)
251 1
fi=(255)
-33 1
fi=(256)
358 2
fe=(254)
252 8
fi=(256)
435 3
cob=(4)
cfi=(178)
cfn=(1720) 0x000000000010e820
calls=1 0 
* 17
* 1
-6 3
fe=(254)

fn=(1714)
221 190
fi=(392)
106 38
fe=(254)
225 19
+2 38
fi=(255)
-4 19
427 38
fi=(256)
-69 4
fe=(254)
251 2
fi=(255)
-33 2
fi=(256)
358 4
fe=(254)
252 6
-1 17
fi=(255)
-33 17
fi=(256)
358 34
fe=(254)
252 146
fi=(256)
435 33
cob=(4)
cfi=(178)
cfn=(1720)
calls=11 0 
* 187
* 11
-6 45
fe=(254)

fl=(328)
fn=(2762)
618 2
fi=(271)
172 2
cob=(4)
cfi=(178)
cfn=(2228)
calls=1 0 
* 133
fe=(328)
623 2

fn=(2758)
611 2
fi=(393) /usr/include/c++/13/ext/aligned_buffer.h
106 1
fi=(359)
+45 3
cfi=(327) /home/max/big2-ai/src/players/pimc/pimc_player_factory.h
cfn=(2760) PimcPlayerFactory::~PimcPlayerFactory()
calls=1 17 
* 2
fe=(328)
614 2

fn=(2752)
611 2
fi=(393)
106 1
fi=(359)
+45 3
cfi=(332) /home/max/big2-ai/src/players/greedy/greedy_player_factory.h
cfn=(2754) GreedyPlayerFactory::~GreedyPlayerFactory()
calls=1 9 
* 2
fe=(328)
614 2

fn=(2756)
618 2
fi=(271)
172 2
cob=(4)
cfi=(178)
cfn=(2228)
calls=1 0 
* 133
fe=(328)
623 2

fl=(295)
fn=(2366)
751 224073
+4 448146
-4 242460
fi=(315)
1337 121230
fe=(295)
759 96984
-1 48492
fi=(315)
1337 96392
fe=(295)
763 48196
fi=(315)
1143 72294
fi=(343)
386 96392
+2 48196
-2 72294
+2 48400
-2 72600
fe=(295)
784 96392
fi=(343)
436 48196
+2 24098
fe=(295)
790 24098
fi=(343)
386 48196
fe=(295)
800 444
fi=(331)
993 444
1898 592
fi=(343)
262 444
fi=(331)
1902 888
381 592
fi=(271)
151 444
cob=(4)
cfi=(178)
cfn=(2004)
calls=148 0 
* 11218
* 148
fi=(343)
435 444
+1 296
+1 444
cob=(4)
cfi=(178)
cfn=(2226)
calls=148 0 
* 3112
+4 444
-53 296
-2 740
+2 4290
-2 10873
+49 296
+1 296
+5 148
fi=(331)
-52 444
fe=(295)
833 296
fi=(271)
172 148
cob=(4)
cfi=(178)
cfn=(2228)
calls=148 0 
* 15244
fe=(295)
834 296
+1 148
+1 444
+3 193968
fi=(343)
438 148
-15 199827
fe=(295)

fn=(2592)
445 330
fi=(331)
993 210
1898 120
fi=(343)
263 90
fi=(331)
1902 180
fi=(315)
1337 60
fi=(331)
381 120
fi=(271)
151 30
fi=(331)
398 60
+1 30
+1 90
fi=(315)
1077 30
fi=(343)
435 90
+1 60
+1 24
cob=(4)
cfi=(178)
cfn=(2226)
calls=24 0 
* 391
+4 120
fi=(331)
993 30
100 90
381 120
fi=(271)
134 90
+17 60
cob=(4)
cfi=(178)
cfn=(2004)
calls=30 0 
* 3069
* 30
fi=(343)
438 12
-40 24
fi=(271)
151 30
fi=(331)
398 60
+1 30
+1 90
fi=(315)
1077 30
fi=(343)
435 90
+1 60
+1 27
cob=(4)
cfi=(178)
cfn=(2226)
calls=27 0 
* 1426
+4 120
fi=(361)
13 300
fi=(340)
1104 30
-1 30
+1 60
fe=(295)
483 30
fi=(340)
1104 60
fi=(331)
389 60
fe=(295)
520 120
fi=(271)
172 48
cob=(4)
cfi=(178)
cfn=(2228)
calls=24 0 
* 4530
fe=(295)
521 90
+1 30
+1 180
+1 240
fi=(343)
-86 6
-40 12
fi=(340)
1104 392
fi=(361)
13 2940
fi=(331)
+93 392
+1 196
+1 294
-2 392
+1 196
+1 294
fi=(361)
-95 980
fi=(331)
370 98
+19 196
-19 98
+19 196
fi=(271)
151 180
cob=(4)
cfi=(178)
cfn=(2004)
calls=30 0 
* 41332
* 30
fe=(295)
468 60
fi=(361)
13 960
fi=(331)
993 30
100 90
381 120
fi=(271)
134 90
+17 60
cob=(4)
cfi=(178)
cfn=(2004)
calls=30 0 
* 1923
* 30
fe=(295)

fn=(2330)
445 480
fi=(331)
993 240
1898 192
fi=(343)
263 144
fi=(331)
1902 240
fi=(315)
1337 96
fi=(331)
381 192
fi=(340)
1131 180
cob=(4)
cfi=(178)
cfn=(2226)
calls=45 0 
* 234688
fe=(295)
483 45
fi=(340)
1118 90
+1 90
+14 45
fe=(295)
520 90
fi=(331)
386 45
fi=(271)
151 96
cob=(4)
cfi=(178)
cfn=(2004)
calls=48 0 
* 8496
* 48
+40 144
fi=(340)
1119 96
fe=(295)
483 3
fi=(340)
1118 6
+1 6
+14 3
fi=(331)
389 6
fi=(271)
172 90
cob=(4)
cfi=(178)
cfn=(2228)
calls=45 0 
* 6394
fe=(295)
521 48
+1 48
+1 96
+1 384

fn=(2606) void std::vector<int, std::allocator<int> >::_M_realloc_insert<int>(__gnu_cxx::__normal_iterator<int*, std::vector<int, std::allocator<int> > >, int&&)
445 200
fi=(331)
993 100
1898 80
fi=(343)
263 60
fi=(331)
1902 100
fi=(315)
1337 40
fi=(331)
381 80
fi=(340)
1131 80
cob=(4)
cfi=(178)
cfn=(2226)
calls=20 0 
* 638
fe=(295)
483 20
fi=(340)
1118 40
+1 40
+14 20
fe=(295)
520 40
fi=(331)
386 20
fi=(271)
151 40
cob=(4)
cfi=(178)
cfn=(2004)
calls=20 0 
* 1709
* 20
+40 60
fi=(340)
1119 40
fi=(271)
172 40
cob=(4)
cfi=(178)
cfn=(2228)
calls=20 0 
* 2060
fe=(295)
521 20
+1 20
+1 40
+1 160

fn=(2304)
67 1014978
+3 676652
fi=(331)
1080 676652
fe=(295)
72 338326
fi=(331)
993 338280
fi=(271)
151 507420
cob=(4)
cfi=(178)
cfn=(2004)
calls=169140 0 
* 10906827
* 169140
fe=(295)
-71 169140
fi=(340)
1118 338280
+1 338280
fi=(331)
389 338280
fe=(295)
95 12
fi=(271)
+77 8
cob=(4)
cfi=(178)
cfn=(2228)
calls=4 0 
* 412
fe=(295)
-76 169140
+1 338280
+1 338280
+2 1014978

fn=(2324)
111 1770753
+3 1770753
fi=(271)
+77 1180462
fe=(295)
-72 590231
fi=(315)
1158 1180462
fe=(295)
127 1180462
fi=(315)
1158 40
fe=(295)
127 40
-4 60
cfn=(2606)
calls=20 445 
* 5767
* 20

fn=(2218)
445 76030
fi=(331)
993 38015
1898 30412
fi=(343)
263 22809
fi=(331)
1902 38015
fi=(315)
1337 15206
fi=(331)
381 30412
fi=(340)
1131 27464
cob=(4)
cfi=(178)
cfn=(2226)
calls=6866 0 
* 141789
fe=(295)
483 6866
fi=(340)
1118 13732
+1 13732
+14 6866
fe=(295)
520 13732
fi=(331)
386 6866
fi=(271)
151 15206
cob=(4)
cfi=(178)
cfn=(2004)
calls=7603 0 
* 616529
* 7603
+40 22809
fi=(340)
1119 15206
fe=(295)
483 737
fi=(340)
1118 1474
+1 1474
+14 737
fi=(331)
389 1474
fi=(271)
172 13732
cob=(4)
cfi=(178)
cfn=(2228)
calls=6866 0 
* 708773
fe=(295)
521 7603
+1 7603
+1 15206
+1 60824

fl=(327)
fn=(2148) PimcPlayerFactory::create_player()
23 54
+1 18
fi=(314)
1070 12
cob=(4)
cfi=(178)
cfn=(2004)
calls=6 0 
* 6894
* 12
fi=(348)
12 42
fi=(391)
+31 18
fi=(348)
-31 6
fi=(345)
+2 18
fi=(346)
334 12
-1 30
+1 24
fi=(257)
546 6
cfi=(330)
cfn=(2146)
calls=6 326 
* 67326
fi=(331)
100 36
fi=(333)
201 6
fe=(327)
25 42

fn=(2760)
17 2

fl=(355)
fn=(2880) std::unordered_map<std::array<unsigned char, 13ul>, Opp1Result, (anonymous namespace)::HandHash, std::equal_to<std::array<unsigned char, 13ul> >, std::allocator<std::pair<std::array<unsigned char, 13ul> const, Opp1Result> > >::~unordered_map()
109 3
fi=(350)
1608 1
cfn=(2882)
calls=1 2520 
* 33
456 2
-39 1
+31 2
fe=(355)
109 2

fl=(314)
fn=(2068) std::unique_ptr<std::thread::_State, std::default_delete<std::thread::_State> >::~unique_ptr()
398 1
+5 3
+3 1

fl=(332)
fn=(2754)
9 2

fn=(2154) GreedyPlayerFactory::create_player()
13 36
fi=(314)
1070 12
cob=(4)
cfi=(178)
cfn=(2004)
calls=6 0 
* 555
* 24
fi=(348)
12 18
fi=(345)
+2 6
fi=(358)
128 12
fi=(333)
+73 6
fe=(332)
15 24

fl=(333)
fn=(2524)
1899 113582
+2 227164
+1 283831
-1 186036
+1 232487
-1 140032
+1 174998
-1 100996
+1 126223
-1 63416
+1 79270
-1 38180
+1 47725
-1 6454
+1 9681
+2 113582

fl=(345)
fn=(2600)
69 162

fn=(2280)
66 12

fl=(331)
fn=(2856) std::vector<std::thread, std::allocator<std::thread> >::~vector()
733 2
+2 2
fi=(359)
162 3
fi=(296)
+10 2
fi=(359)
-10 3
fe=(331)
389 2
-19 2
fi=(271)
172 2
cob=(4)
cfi=(178)
cfn=(2228)
calls=1 0 
* 95
fe=(331)
738 2

fn=(2864) std::vector<std::vector<int, std::allocator<int> >, std::allocator<std::vector<int, std::allocator<int> > > >::~vector()
733 10
+2 4
fi=(359)
162 4
fe=(331)
370 2
+19 4
-19 4
fi=(271)
172 2
cob=(4)
cfi=(178)
cfn=(2228)
calls=2 0 
* 414
fe=(331)
738 8
fi=(359)
162 2808
fe=(331)
370 936
+19 1872
-19 1462
fi=(271)
172 731
cob=(4)
cfi=(178)
cfn=(2228)
calls=731 0 
* 174894
* 731
fe=(331)

fl=(325)
fn=(2110)
55 30
fi=(255)
1072 2
3731 14
223 1
fi=(256)
389 4
cob=(4)
cfi=(178)
cfn=(1770)
calls=1 0 
* 24
fe=(325)
56 2
+51 24
fi=(256)
389 4
cob=(4)
cfi=(178)
cfn=(1770)
calls=1 0 
* 21
fe=(325)
58 2
fi=(271)
+93 2
cob=(4)
cfi=(178)
cfn=(2004)
calls=1 0 
* 233
fi=(328)
-21 2
600 2
fi=(332)
11 2
fi=(393)
+95 2
fi=(328)
1101 1
-33 1
fi=(256)
389 4
cob=(4)
cfi=(178)
cfn=(1770)
calls=1 0 
* 21
fe=(325)
68 2
+1 7
fi=(271)
+82 2
cob=(4)
cfi=(178)
cfn=(2004)
calls=1 0 
* 1540
* 1
fi=(328)
-21 2
600 2
fi=(327)
21 2
-1 2
cob=(4)
cfi=(178)
cfn=(2132) 0x000000000010e6b0
calls=1 -20 
* 17
* 1
fi=(343)
262 3
fi=(327)
20 1
+1 2
fi=(393)
+85 2
fi=(328)
1101 1
-33 1
fe=(325)

fl=(248)
fn=(2532)
59 9212
+1 2632
+2 2632
-1 3948
+1 31584
-1 47376
fi=(350)
1669 2632
465 1316
1671 2632
fe=(248)
65 2632
+2 9212

fn=(2536)
69 15792
+1 3948
cfi=(349)
cfn=(2298)
calls=1316 348 
* 1362058
fi=(315)
1077 2632
fe=(248)
73 2632
-1 2632
+4 2632
+1 22824
-4 45648
+1 22824
+2 34236
cfi=(353)
cfn=(2414)
calls=11412 -67 
* 181022
* 11412
+2 160
+1 18
+3 2632
+1 18
fi=(331)
370 6
+19 12
fe=(248)
83 1310
fi=(331)
370 1310
+19 2620
-19 2632
fi=(271)
172 1316
cob=(4)
cfi=(178)
cfn=(2228)
calls=1316 0 
* 135548
fe=(248)
-23 15792
fi=(315)
1077 2620
fe=(248)
86 2620
-1 2620
+4 2620
+1 22542
-4 45084
+1 22542
+2 33813
cfi=(353)
cfn=(2414)
calls=11271 -80 
* 177517
* 11271
+2 1012
+1 648
+3 2620
+1 648
fi=(315)
1077 2188
fe=(248)
99 2188
-1 2188
+4 2188
+1 16504
-4 33008
+1 16504
+2 24756
cfi=(353)
cfn=(2414)
calls=8252 -93 
* 121064
* 8252
+2 6948
+1 3207
+3 2188
+1 3207
fi=(315)
1077 50
fe=(248)
113 50
-2 50
+1 25
+4 50
+1 920
-4 920
+1 460
+2 690
cfi=(353)
cfn=(2414)
calls=230 9 
* 3540
* 230
+3 104
cfi=(353)
cfn=(2562)
calls=52 +12 
* 572
+1 104
+3 14
-1 38
-1 38
+1 76
+7 50
+1 100

fn=(1696) _GLOBAL__sub_I__Z19load_tablebase_opp1RKNSt7__cxx1112basic_stringIcSt11char_traitsIcESaIcEEE
149 2
fi=(350)
530 3
fi=(356)
313 1
fi=(350)
530 1
fi=(356)
+15 2
fi=(350)
-15 1
fe=(248)
23 4
cob=(4)
cfi=(178)
cfn=(1698)
calls=1 -23 
* 78
149 2

fl=(356)
fn=(2450)
2009 64426
fi=(357)
317 64426
fi=(271)
172 96639
cob=(4)
cfi=(178)
cfn=(2228)
calls=32213 0 
* 3611541
fe=(356)
2013 64426
fi=(357)
286 3001
fi=(331)
+84 3001
+19 6002
-19 6002
fi=(271)
172 3001
cob=(4)
cfi=(178)
cfn=(2228)
calls=3001 0 
* 309131
* 3001
fe=(356)

fn=(2422)
807 289917
fi=(349)
416 64426
-1 32213
+3 32213
-1 64426
+1 32213
-2 96639
+1 1610650
+1 805325
-2 2415975
fe=(356)
528 161065
fi=(350)
815 128852
cfn=(2426)
calls=32213 1948 
* 1927459
+1 64426
fe=(356)
+12 257704
fi=(271)
151 64426
cob=(4)
cfi=(178)
cfn=(2004)
calls=32213 0 
* 2633383
* 32213
fe=(356)
313 32213
fi=(333)
2267 128852
fi=(357)
120 32213
fe=(356)
572 32213
fi=(350)
2174 161065
cob=(4)
cfi=(178)
cfn=(2432) 0x000000000010e970
calls=32213 0 
* 1896503
* 32213
+3 64426
2011 193278
+4 10438
+1 10438
2187 5219
fe=(356)
827 5219
fi=(350)
311 5219
2187 26994
fe=(356)
827 26994
fi=(350)
311 26994
2179 16029
436 32058
fi=(271)
134 48087
+17 64116
cob=(4)
cfi=(178)
cfn=(2004)
calls=16029 0 
* 1043206
* 32058
fe=(356)
2046 64116
cob=(4)
cfi=(178)
cfn=(2316)
calls=16029 0 
* 340419
fi=(350)
465 16029
2588 16029
+2 32058
-1 401
fi=(349)
415 401
+3 401
fi=(350)
2599 802
-2 9828
+1 4914
+1 4914
+1 9828
+1 4513
+1 4513
-12 12314
fe=(356)
380 6157
+1 6157
fi=(349)
+35 12314
-1 6157
+2 12314
+1 6157
-2 18471
+1 307850
+1 153925
-2 461775
fe=(356)
528 12314
fi=(350)
2595 24628
+11 2486
+1 3729
-5 802
456 32058
-39 16029
+31 32058
fi=(271)
172 802
cob=(4)
cfi=(178)
cfn=(2228)
calls=401 0 
* 41303
fi=(350)
2614 32058
+1 16029
fe=(356)
528 80145
fi=(350)
2023 53988
+1 26994
+2 53988
793 11366
fi=(349)
416 22732
-1 11366
+3 11366
-1 22732
+1 11366
-2 34098
+1 568300
+1 284150
-2 852450
fe=(356)
528 22732
fi=(350)
2029 11366
+2 107976
fe=(356)

fl=(253)
fn=(2812) wilson_ci(double, long, double)
27 6
+2 8
-1 2
+2 14
+1 22
+1 2
+1 4
+1 6

fn=(1712) main
114 15
fi=(255)
+79 2
+25 1
fi=(256)
358 1
fi=(255)
193 2
+25 1
fi=(256)
358 1
fe=(253)
116 2
+1 1
fi=(255)
+72 3
649 3
cfi=(254)
cfn=(1714)
calls=1 221 
* 54
fi=(257)
1658 3
cob=(4)
cfi=(178)
cfn=(1724) 0x000000000010ea90
calls=1 0 
* 52
fi=(255)
223 1
+41 3
fi=(257)
1680 2
cob=(4)
cfi=(178)
cfn=(1730) 0x000000000010e9b0
calls=1 0 
* 45
fe=(253)
118 1
fi=(257)
1664 2
cob=(4)
cfi=(178)
cfn=(1740) 0x000000000010e860
calls=1 0 
* 6
fe=(253)
119 1
cob=(4)
cfi=(178)
cfn=(1744) 0x000000000010e9a0
calls=1 0 
* 1276
* 1
fi=(343)
262 4
fe=(253)
121 8
fi=(255)
1072 6
3731 50
fi=(256)
389 4
cob=(4)
cfi=(178)
cfn=(1770)
calls=1 0 
* 21
fe=(253)
138 4
+1 2
fi=(255)
+50 2
645 2
fi=(256)
399 2
cob=(4)
cfi=(178)
cfn=(1768)
calls=1 0 
* 16
fi=(255)
648 1
+1 3
cfi=(254)
cfn=(1714)
calls=1 221 
* 32
+1 1
fi=(256)
389 4
cob=(4)
cfi=(178)
cfn=(1770)
calls=1 0 
* 24
fe=(253)
123 2
fi=(256)
389 4
cob=(4)
cfi=(178)
cfn=(1770)
calls=1 0 
* 21
fe=(253)
136 4
+1 5
cfi=(255)
cfn=(1800)
calls=1 641 
* 93
* 1
fi=(256)
389 8
cob=(4)
cfi=(178)
cfn=(1770)
calls=2 0 
* 45
fe=(253)
126 6
fi=(256)
389 4
cob=(4)
cfi=(178)
cfn=(1770)
calls=1 0 
* 21
fe=(253)
130 4
+1 2
fi=(256)
399 2
cob=(4)
cfi=(178)
cfn=(1768)
calls=1 0 
* 16
* 1
fi=(255)
1684 5
cob=(4)
cfi=(178)
cfn=(1772) 0x000000000010ea10
calls=1 0 
* 76
* 1
fi=(256)
389 4
cob=(4)
cfi=(178)
cfn=(1770)
calls=1 0 
* 21
fe=(253)
128 4
-1 2
fi=(256)
399 2
cob=(4)
cfi=(178)
cfn=(1768)
calls=1 0 
* 16
* 1
fi=(255)
1684 5
cob=(4)
cfi=(178)
cfn=(1772)
calls=1 0 
* 1175
* 1
fe=(253)
129 2
fi=(255)
+60 2
645 2
fi=(256)
399 2
cob=(4)
cfi=(178)
cfn=(1768)
calls=1 0 
* 16
fi=(255)
648 1
+1 3
cfi=(254)
cfn=(1714)
calls=1 221 
* 57
+1 1
4151 5
cfi=(264)
cfn=(1780)
calls=1 56 
* 473
fe=(253)
129 1
fi=(255)
+94 1
+41 3
fi=(256)
389 4
cob=(4)
cfi=(178)
cfn=(1770)
calls=1 0 
* 21
fe=(253)
134 4
+1 5
cfi=(255)
cfn=(1800)
calls=1 641 
* 68
* 1
fi=(255)
4121 6
cfi=(264)
cfn=(1802)
calls=1 56 
* 162
fe=(253)
135 1
fi=(255)
804 2
cob=(4)
cfi=(178)
cfn=(1808) 0x000000000010e930
calls=1 0 
* 8
fi=(271)
104 1
fi=(255)
223 2
fi=(264)
65 1
cob=(4)
cfi=(178)
cfn=(1782)
calls=1 -65 
* 6
* 4
+17 4
cob=(4)
cfi=(178)
cfn=(1816) 0x000000000010e940
calls=1 -82 
* 134
+2 3
+2 1
+1 2
-21 4
fe=(253)
+71 1
fi=(255)
804 2
cob=(4)
cfi=(178)
cfn=(1808)
calls=1 0 
* 8
fi=(271)
104 1
fi=(255)
4121 6
cfi=(264)
cfn=(1802)
calls=1 56 
* 162
* 1
223 1
+41 3
-41 6
+41 18
fe=(253)
121 24
+1 6
fi=(255)
+67 12
645 12
fi=(256)
399 12
cob=(4)
cfi=(178)
cfn=(1768)
calls=6 0 
* 96
fi=(255)
648 6
+1 18
cfi=(254)
cfn=(1714)
calls=6 221 
* 320
+1 6
804 2
cob=(4)
cfi=(178)
cfn=(1808)
calls=1 0 
* 8
* 2
cob=(4)
cfi=(178)
cfn=(1808)
calls=1 0 
* 8
fe=(253)
320 12
147 6
+6 4
cfn=(1818) player_label(std::__cxx11::basic_string<char, std::char_traits<char>, std::allocator<char> > const&, double)
calls=1 -66 
* 2019
* 1
+1 4
cfn=(1818)
calls=1 -67 
* 1402
+1 3
+3 3
cob=(4)
cfi=(178)
cfn=(1890) 0x000000000010e880
calls=1 0 
* 4272
* 1
fi=(255)
4037 3
cob=(4)
cfi=(178)
cfn=(1928) 0x000000000010e8e0
calls=1 0 
* 227
* 1
fe=(253)
158 2
cob=(4)
cfi=(178)
cfn=(1890)
calls=1 0 
* 267
* 1
fi=(255)
4037 3
cob=(4)
cfi=(178)
cfn=(1928)
calls=1 0 
* 229
* 1
fe=(253)
158 2
cob=(4)
cfi=(178)
cfn=(1890)
calls=1 0 
* 267
* 3
cob=(4)
cfi=(178)
cfn=(1890)
calls=1 0 
* 265
* 3
cob=(4)
cfi=(178)
cfn=(1934) 0x000000000010ead0
calls=1 0 
* 4915
* 3
cob=(4)
cfi=(178)
cfn=(1890)
calls=1 0 
* 263
* 1
fi=(293)
+11 2
cob=(4)
cfi=(178)
cfn=(1974) 0x000000000010e870
calls=1 0 
* 385
* 1
fe=(253)
-10 2
cob=(4)
cfi=(178)
cfn=(1890)
calls=1 0 
* 268
* 3
cob=(4)
cfi=(178)
cfn=(1890)
calls=1 0 
* 265
* 1
fi=(293)
+39 2
cob=(4)
cfi=(178)
cfn=(1978) 0x000000000010e7b0
calls=1 0 
* 1636
* 1
fe=(253)
-38 2
cob=(4)
cfi=(178)
cfn=(1890)
calls=1 0 
* 268
* 3
cob=(4)
cfi=(178)
cfn=(1890)
calls=1 0 
* 265
* 4
cob=(4)
cfi=(178)
cfn=(1934)
calls=1 0 
* 398
* 3
cob=(4)
cfi=(178)
cfn=(1890)
calls=1 0 
* 270
+5 1
+1 1
+1 1
+1 1
+1 1
+2 1
cob=(4)
cfi=(178)
cfn=(1992) 0x000000000010e5e0
calls=1 0 
* 987
* 1
fi=(331)
-71 3
fe=(253)
+74 1
fi=(295)
70 3
+2 2
fi=(271)
+79 3
cob=(4)
cfi=(178)
cfn=(2004)
calls=1 0 
* 204
* 1
fi=(295)
-55 1
+1 1
+1 4
fi=(296)
240 2
fi=(333)
-39 23
fi=(314)
-25 1
fi=(296)
-12 4
cob=(4)
cfi=(178)
cfn=(2010) 0x000000000010e850
calls=1 0 
* 2341
fi=(314)
403 3
fi=(295)
119 2
fe=(253)
+56 4
fi=(295)
-61 4
fi=(296)
-17 1
+67 2
cob=(4)
cfi=(178)
cfn=(2004)
calls=1 0 
* 210
* 1
fe=(253)
+45 1
+1 1
cob=(4)
cfi=(178)
cfn=(2064)
calls=1 0 
* 31
* 1
fi=(296)
97 1
+67 2
cob=(4)
cfi=(178)
cfn=(2004)
calls=1 0 
* 224
+76 2
fi=(333)
-39 8
fi=(314)
-25 1
fi=(296)
-12 4
cob=(4)
cfi=(178)
cfn=(2010)
calls=1 0 
* 1212
* 2
cfi=(314)
cfn=(2068)
calls=1 398 
* 5
fi=(315)
1077 2
fe=(253)
227 3
fi=(329)
481 2
fe=(253)
231 4
cob=(4)
cfi=(178)
cfn=(2072) 0x000000000010eab0
calls=1 0 
* 167
* 1
-4 3
+1 4
cob=(4)
cfi=(178)
cfn=(2072)
calls=1 0 
* 1128
* 1
fi=(272)
79 5
cob=(4)
cfi=(178)
cfn=(2712)
calls=1 -79 
* 595
fe=(253)
234 1
cob=(4)
cfi=(178)
cfn=(1992)
calls=1 0 
* 31
fi=(363)
716 3
212 4
fi=(329)
505 1
fe=(253)
239 8
+1 3
cfn=(2812)
calls=1 27 
* 32
* 2
+1 9
+2 3
cob=(4)
cfi=(178)
cfn=(1890)
calls=1 0 
* 271
* 1
fi=(255)
4037 3
cob=(4)
cfi=(178)
cfn=(1928)
calls=1 0 
* 231
* 1
fe=(253)
243 2
cob=(4)
cfi=(178)
cfn=(1890)
calls=1 0 
* 269
* 1
fi=(293)
-74 2
cob=(4)
cfi=(178)
cfn=(1974)
calls=1 0 
* 389
* 1
fe=(253)
+74 2
cob=(4)
cfi=(178)
cfn=(1890)
calls=1 0 
* 274
* 1
fi=(293)
-74 2
cob=(4)
cfi=(178)
cfn=(1974)
calls=1 0 
* 389
* 1
fe=(253)
+75 2
cob=(4)
cfi=(178)
cfn=(1890)
calls=1 0 
* 274
fi=(293)
134 2
fi=(394) /usr/include/c++/13/bits/ios_base.h
-50 2
+4 2
744 1
fe=(253)
246 2
fi=(293)
-23 2
cob=(4)
cfi=(178)
cfn=(2814) 0x000000000010ea40
calls=1 0 
* 6444
* 1
fe=(253)
+23 2
cob=(4)
cfi=(178)
cfn=(1890)
calls=1 0 
* 274
+1 3
cob=(4)
cfi=(178)
cfn=(1890)
calls=1 0 
* 267
* 3
fi=(293)
-24 1
cob=(4)
cfi=(178)
cfn=(2814)
calls=1 0 
* 2480
* 1
fe=(253)
+24 2
cob=(4)
cfi=(178)
cfn=(1890)
calls=1 0 
* 274
* 3
fi=(293)
-24 1
cob=(4)
cfi=(178)
cfn=(2814)
calls=1 0 
* 2437
* 1
fe=(253)
+24 2
cob=(4)
cfi=(178)
cfn=(1890)
calls=1 0 
* 274
+2 3
+2 3
+3 3
cob=(4)
cfi=(178)
cfn=(1890)
calls=1 0 
* 276
fi=(329)
505 3
fe=(253)
259 9
+2 3
cob=(4)
cfi=(178)
cfn=(1890)
calls=1 0 
* 267
* 1
fi=(293)
-92 2
cob=(4)
cfi=(178)
cfn=(1974)
calls=1 0 
* 389
* 1
fe=(253)
+92 2
cob=(4)
cfi=(178)
cfn=(1890)
calls=1 0 
* 271
* 1
fi=(293)
-92 2
cob=(4)
cfi=(178)
cfn=(1974)
calls=1 0 
* 389
* 1
fe=(253)
+92 2
cob=(4)
cfi=(178)
cfn=(1890)
calls=1 0 
* 269
* 1
fi=(293)
-92 2
cob=(4)
cfi=(178)
cfn=(1974)
calls=1 0 
* 392
* 1
fe=(253)
+93 2
cob=(4)
cfi=(178)
cfn=(1890)
calls=1 0 
* 271
* 3
cob=(4)
cfi=(178)
cfn=(1934)
calls=1 0 
* 402
* 3
cob=(4)
cfi=(178)
cfn=(1890)
calls=1 0 
* 272
+1 3
cob=(4)
cfi=(178)
cfn=(1890)
calls=1 0 
* 267
* 1
fi=(293)
-94 2
cob=(4)
cfi=(178)
cfn=(1974)
calls=1 0 
* 389
* 1
fe=(253)
+94 2
cob=(4)
cfi=(178)
cfn=(1890)
calls=1 0 
* 274
fi=(293)
134 2
fi=(394)
-50 2
+4 2
744 1
fe=(253)
265 5
fi=(293)
-42 2
cob=(4)
cfi=(178)
cfn=(2814)
calls=1 0 
* 2409
* 1
fe=(253)
+42 2
cob=(4)
cfi=(178)
cfn=(1890)
calls=1 0 
* 267
* 1
fi=(293)
-96 2
cob=(4)
cfi=(178)
cfn=(1974)
calls=1 0 
* 389
* 1
fe=(253)
+97 2
cob=(4)
cfi=(178)
cfn=(1890)
calls=1 0 
* 274
* 5
fi=(293)
-43 1
cob=(4)
cfi=(178)
cfn=(2814)
calls=1 0 
* 2480
* 1
fe=(253)
+43 2
cob=(4)
cfi=(178)
cfn=(1890)
calls=1 0 
* 267
* 1
fi=(293)
-97 2
cob=(4)
cfi=(178)
cfn=(1974)
calls=1 0 
* 392
* 1
fe=(253)
+98 2
cob=(4)
cfi=(178)
cfn=(1890)
calls=1 0 
* 274
* 5
fi=(293)
-44 1
cob=(4)
cfi=(178)
cfn=(2814)
calls=1 0 
* 1692
* 1
fe=(253)
+44 2
cob=(4)
cfi=(178)
cfn=(1890)
calls=1 0 
* 274
+2 1
+1 2
+1 5
+1 4
cfn=(2812)
calls=1 27 
* 32
* 2
+1 3
cob=(4)
cfi=(178)
cfn=(1890)
calls=1 0 
* 280
* 1
fi=(293)
169 2
cob=(4)
cfi=(178)
cfn=(1974)
calls=1 0 
* 389
* 1
fe=(253)
273 2
cob=(4)
cfi=(178)
cfn=(1890)
calls=1 0 
* 274
* 1
fi=(293)
169 2
cob=(4)
cfi=(178)
cfn=(1974)
calls=1 0 
* 389
* 1
fe=(253)
274 2
cob=(4)
cfi=(178)
cfn=(1890)
calls=1 0 
* 274
* 3
fi=(293)
-51 1
cob=(4)
cfi=(178)
cfn=(2814)
calls=1 0 
* 2461
* 1
fe=(253)
+51 2
cob=(4)
cfi=(178)
cfn=(1890)
calls=1 0 
* 267
* 3
fi=(293)
-51 1
cob=(4)
cfi=(178)
cfn=(2814)
calls=1 0 
* 2394
* 1
fe=(253)
+51 2
cob=(4)
cfi=(178)
cfn=(1890)
calls=1 0 
* 274
* 1
+1 2
fi=(293)
-52 1
cob=(4)
cfi=(178)
cfn=(2814)
calls=1 0 
* 2461
* 1
fe=(253)
+52 2
cob=(4)
cfi=(178)
cfn=(1890)
calls=1 0 
* 274
+1 3
+2 3
+3 3
cob=(4)
cfi=(178)
cfn=(1890)
calls=1 0 
* 280
+4 3
cob=(4)
cfi=(178)
cfn=(1890)
calls=1 0 
* 269
* 1
96 2
+6 3
+1 3
fi=(272)
-49 7
cob=(4)
cfi=(178)
cfn=(1826) 0x000000000010e770
calls=1 -54 
* 1102
fe=(253)
+53 4
cfi=(255)
cfn=(1800)
calls=1 641 
* 90
* 1
fi=(255)
4037 4
cob=(4)
cfi=(178)
cfn=(1928)
calls=1 0 
* 233
* 1
fe=(253)
285 2
cob=(4)
cfi=(178)
cfn=(1890)
calls=1 0 
* 274
* 2
fi=(293)
169 1
cob=(4)
cfi=(178)
cfn=(1974)
calls=1 0 
* 389
* 1
fe=(253)
285 2
cob=(4)
cfi=(178)
cfn=(1890)
calls=1 0 
* 269
fi=(255)
804 2
cob=(4)
cfi=(178)
cfn=(1808)
calls=1 0 
* 8
fi=(329)
505 4
fe=(253)
294 3
+4 8
-4 1
fi=(272)
79 5
cob=(4)
cfi=(178)
cfn=(2712)
calls=1 -79 
* 2903
+1 1
-1 7
cob=(4)
cfi=(178)
cfn=(2712)
calls=1 -79 
* 1254
fe=(253)
304 2
+2 8
-1 1
fi=(272)
79 5
cob=(4)
cfi=(178)
cfn=(2712)
calls=1 -79 
* 1796
* 1
fi=(329)
505 2
fi=(272)
79 5
cob=(4)
cfi=(178)
cfn=(2712)
calls=1 -79 
* 1254
fi=(296)
+93 2
fe=(253)
320 2
cfi=(331)
cfn=(2856)
calls=1 733 
* 115
fi=(255)
804 2
cob=(4)
cfi=(178)
cfn=(1808)
calls=1 0 
* 8
* 2
cob=(4)
cfi=(178)
cfn=(1808)
calls=1 0 
* 8
fe=(253)
319 1
fi=(255)
804 1
fe=(253)

fn=(1818)
87 20
+1 6
cfi=(255)
cfn=(1820)
calls=2 3727 
* 97
* 7
cfi=(255)
cfn=(1820)
calls=1 3727 
* 33
* 5
cfi=(255)
cfn=(1820)
calls=1 3727 
* 33
* 2
+1 3
cob=(4)
cfi=(178)
cfn=(1876) 0x000000000010e6c0
calls=1 -89 
* 1311
+4 18
fi=(272)
-39 10
cob=(4)
cfi=(178)
cfn=(1826)
calls=1 -54 
* 1783
fe=(253)
+38 4
cfi=(255)
cfn=(1800)
calls=1 641 
* 88
fi=(271)
+12 1
fe=(253)

fn=(2144)
46 45
+3 3
-2 3
fi=(255)
649 6
fe=(253)
51 12
cfi=(327)
cfn=(2148)
calls=3 -28 
* 36689
+1 12
cfi=(332)
cfn=(2154)
calls=3 -39 
* 429
fi=(255)
189 18
649 18
cfi=(254)
cfn=(1714)
calls=6 221 
* 192
fi=(333)
302 12
fi=(314)
186 6
fi=(333)
302 12
fi=(314)
186 6
fe=(253)
53 36
cfi=(334)
cfn=(2162)
calls=6 -44 
* 62008
fi=(314)
403 36
fi=(255)
223 6
+41 18
fe=(253)
54 18
cfi=(334)
cfn=(2210)
calls=6 -26 
* 585816926
+1 12
cfi=(335)
cfn=(2530)
calls=6 +1 
* 30
+2 34
+1 4
fi=(331)
735 8
fi=(359)
162 8
fi=(331)
735 4
fi=(359)
162 4
fi=(331)
370 6
+19 12
-19 12
fi=(271)
172 6
cob=(4)
cfi=(178)
cfn=(2228)
calls=6 0 
* 1140
fi=(339)
870 24
259 12
-3 12
cob=(4)
cfi=(178)
cfn=(2656) 0x000000000010e5f0
calls=6 0 
* 1042
* 6
fi=(359)
-94 243
fi=(331)
370 81
+19 162
-19 162
fi=(271)
172 81
cob=(4)
cfi=(178)
cfn=(2228)
calls=81 0 
* 8493
fi=(331)
370 81
+19 162
-19 162
fi=(271)
172 81
cob=(4)
cfi=(178)
cfn=(2228)
calls=81 0 
* 8697
* 81
fi=(339)
+87 12
cob=(4)
cfi=(178)
cfn=(2666) 0x000000000010eb10
calls=6 0 
* 994
fi=(362) /usr/include/c++/13/streambuf
-54 24
cob=(4)
cfi=(178)
cfn=(2678) 0x000000000010e9d0
calls=6 0 
* 84
fi=(293)
95 30
fi=(338)
282 24
cob=(4)
cfi=(178)
cfn=(2682) 0x000000000010e670
calls=6 0 
* 2258
fi=(255)
-59 6
+41 18
fi=(331)
735 12
fi=(359)
162 12
fi=(331)
370 6
+19 12
-19 12
fi=(271)
172 6
cob=(4)
cfi=(178)
cfn=(2228)
calls=6 0 
* 1164
fi=(314)
403 18
99 12
cfi=(346)
cfn=(2700)
calls=3 328 
* 1260
cfi=(358)
cfn=(2698)
calls=3 +29 
* 327
403 18
99 12
cfi=(358)
cfn=(2698)
calls=3 +29 
* 327
cfi=(346)
cfn=(2700)
calls=3 328 
* 1260
403 36
fe=(253)
49 18
+1 6
fi=(257)
546 12
cfi=(330)
cfn=(2146)
calls=6 326 
* 67326
fe=(253)
51 24
cfi=(332)
cfn=(2154)
calls=3 -38 
* 264
+1 12
cfi=(327)
cfn=(2148)
calls=3 -29 
* 37867
* 3
fi=(359)
162 243
fi=(331)
370 81
+19 162
-19 162
fi=(271)
172 81
cob=(4)
cfi=(178)
cfn=(2228)
calls=81 0 
* 8879
fi=(331)
370 81
+19 162
-19 162
fi=(271)
172 81
cob=(4)
cfi=(178)
cfn=(2228)
calls=81 0 
* 9947
* 81
fe=(253)
61 36

ob=(6) /usr/lib/x86_64-linux-gnu/libdl.so.2
fl=(186) ???
fn=(626) 0x00000000000010f0
0 12

fn=(3138) 0x0000000000001040
0 5

fn=(3128) 0x00000000000010b0
0 9
cob=(4)
cfi=(178)
cfn=(3134) 0x000000000497f030
calls=1 0 
0 134
0 1
cfn=(3138)
calls=1 0 
0 5
0 3

ob=(4)
fl=(178)
fn=(1686) 0x000000000010e000
0 7

fn=(660) 0x0000000004ca9040
0 2
cob=(8) /usr/lib/x86_64-linux-gnu/libstdc++.so.6.0.33
cfi=(189) ???
cfn=(672) std::ios_base::Init::Init()
calls=1 0 
0 86009
cob=(1) /usr/lib/x86_64-linux-gnu/ld-linux-x86-64.so.2
cfi=(190) ./elf/../sysdeps/x86_64/dl-trampoline.h
cfn=(666) _dl_runtime_resolve_xsave
calls=1 71 
0 761
0 5

fn=(750) 0x0000000004ca7800
0 324
cob=(8)
cfi=(189)
cfn=(754) std::locale::id::_M_id() const
calls=162 0 
0 1404
cob=(1)
cfi=(190)
cfn=(666)
calls=1 71 
0 757
0 5

fn=(774) 0x0000000004ca9530
0 2
cob=(8)
cfi=(189)
cfn=(778) std::__cxx11::moneypunct<char, true>::_M_initialize_moneypunct(__locale_struct*, char const*)
calls=1 0 
0 115
cob=(1)
cfi=(190)
cfn=(666)
calls=1 71 
0 1109
0 5

fn=(848) 0x0000000004eab580
0 98
cob=(2)
cfi=(203) ./string/../sysdeps/x86_64/multiarch/memcmp-avx2-movbe.S
cfn=(850) __memcmp_avx2_movbe
calls=49 73 
0 1048

fn=(864) 0x0000000004ca8d70
0 2
cob=(8)
cfi=(189)
cfn=(868) std::__cxx11::moneypunct<wchar_t, false>::_M_initialize_moneypunct(__locale_struct*, char const*)
calls=1 0 
0 109
cob=(1)
cfi=(190)
cfn=(666)
calls=1 71 
0 1125
0 5

fn=(1062) 0x0000000004ca9780
0 40
cob=(8)
cfi=(189)
cfn=(1066) std::ios_base::_M_init()
calls=20 0 
0 3644
cob=(1)
cfi=(190)
cfn=(666)
calls=1 71 
0 765
0 5

fn=(1074) 0x0000000004ca8ea0
0 52
cob=(8)
cfi=(189)
cfn=(1078) std::locale::~locale()
calls=26 0 
0 312
cob=(1)
cfi=(190)
cfn=(666)
calls=1 71 
0 749
0 5

fn=(1362) 0x0000000004eab4e0
0 14
cob=(1)
cfi=(221) ./elf/./elf/dl-open.c
cfn=(1364) _dl_find_dso_for_object
calls=7 214 
0 315

fn=(1898) 0x0000000004ca8b20
0 82
cob=(8)
cfi=(189)
cfn=(1902) std::basic_ostream<char, std::char_traits<char> >& std::__ostream_insert<char, std::char_traits<char> >(std::basic_ostream<char, std::char_traits<char> >&, char const*, long)
calls=41 0 
0 11443
cob=(1)
cfi=(190)
cfn=(666)
calls=1 71 
0 1092
0 5

fn=(1974)
0 24
cob=(8)
cfi=(189)
cfn=(1942) std::ostream& std::ostream::_M_insert<long>(long)
calls=12 0 
0 4646

fn=(1978)
0 2
cob=(8)
cfi=(189)
cfn=(1980) std::ostream& std::ostream::_M_insert<unsigned long>(unsigned long)
calls=1 0 
0 1634

fn=(1992)
0 4
cob=(8)
cfi=(189)
cfn=(1994) std::chrono::_V2::system_clock::now()
calls=2 0 
0 1014

fn=(2010)
0 4
cob=(8)
cfi=(189)
cfn=(2012) std::thread::_M_start_thread(std::unique_ptr<std::thread::_State, std::default_delete<std::thread::_State> >, void (*)())
calls=2 0 
0 3549

fn=(2036) 0x0000000004eab700
0 4
cob=(1)
cfi=(46) ./elf/../elf/dl-tls.c
cfn=(2038) _dl_allocate_tls
calls=2 626 
0 1306

fn=(2192)
0 24
cob=(8)
cfi=(189)
cfn=(1060) std::basic_ios<char, std::char_traits<char> >::init(std::basic_streambuf<char, std::char_traits<char> >*)
calls=12 0 
0 2364

fn=(2432)
0 64426
cob=(8)
cfi=(189)
cfn=(2434) std::__detail::_Prime_rehash_policy::_M_need_rehash(unsigned long, unsigned long, unsigned long) const
calls=32213 0 
0 1832077

fn=(3050) 0x0000000004ca8140
0 4
cob=(1)
cfi=(389) ./elf/../sysdeps/x86_64/tls_get_addr.S
cfn=(3054) __tls_get_addr
calls=2 29 
0 24
cob=(1)
cfi=(190)
cfn=(666)
calls=1 71 
0 1003
0 5

fn=(3078) 0x0000000004de9ce4
0 4

fn=(3144) 0x000000000497f108
0 4

fn=(786) 0x0000000004ca8ec0
0 2
cob=(8)
cfi=(189)
cfn=(790) std::__timepunct<char>::_M_initialize_timepunct(__locale_struct*)
calls=1 0 
0 157
cob=(1)
cfi=(190)
cfn=(666)
calls=1 71 
0 1005
0 5

fn=(870) 0x0000000004ca7060
0 2
cob=(8)
cfi=(189)
cfn=(874) std::__cxx11::moneypunct<wchar_t, true>::_M_initialize_moneypunct(__locale_struct*, char const*)
calls=1 0 
0 109
cob=(1)
cfi=(190)
cfn=(666)
calls=1 71 
0 1093
0 5

fn=(876) 0x0000000004ca93b0
0 2
cob=(8)
cfi=(189)
cfn=(880) std::__timepunct<wchar_t>::__timepunct(std::__timepunct_cache<wchar_t>*, unsigned long)
calls=1 0 
0 1331
cob=(1)
cfi=(190)
cfn=(666)
calls=1 71 
0 928
0 5

fn=(1150) 0x0000000004eab600
0 66
cob=(2)
cfi=(207) ./string/../sysdeps/x86_64/multiarch/strcmp-avx2.S
cfn=(1152) __strncmp_avx2
calls=33 206 
0 872

fn=(1510) 0x0000000004eab680
0 2
cob=(2)
cfi=(231) ./string/../sysdeps/x86_64/multiarch/strchr-avx2.S
cfn=(1512) __strchr_avx2
calls=1 53 
0 21

fn=(1740)
0 2
cob=(8)
cfi=(189)
cfn=(1742) std::random_device::_M_fini()
calls=1 0 
0 4

fn=(1876)
0 2
cob=(8)
cfi=(189)
cfn=(1878) std::__cxx11::basic_string<char, std::char_traits<char>, std::allocator<char> >::basic_string(std::__cxx11::basic_string<char, std::char_traits<char>, std::allocator<char> > const&)
calls=1 0 
0 1309

fn=(1944) 0x0000000004ca7fc0
0 2
cob=(8)
cfi=(189)
cfn=(1948) std::ctype<char>::_M_widen_init() const
calls=1 0 
0 1652
cob=(1)
cfi=(190)
cfn=(666)
calls=1 71 
0 843
0 5

fn=(2004)
0 459592
cob=(8)
cfi=(189)
cfn=(2006) operator new(unsigned long)
calls=229796 0 
0 15125024

fn=(2180)
0 12
cob=(8)
cfi=(189)
cfn=(1054) std::ios_base::ios_base()
calls=6 0 
0 716

fn=(2226)
0 97890
cob=(2)
cfi=(224) ./string/../sysdeps/x86_64/multiarch/memmove-vec-unaligned-erms.S
cfn=(1558) __memcpy_avx_unaligned_erms
calls=48945 255 
0 863441

fn=(2686) 0x0000000004ca84d0
0 12
cob=(8)
cfi=(189)
cfn=(2690) std::ios_base::_M_call_callbacks(std::ios_base::event)
calls=6 0 
0 96
cob=(1)
cfi=(190)
cfn=(666)
calls=1 71 
0 929
0 5

fn=(2912) 0x0000000000129b4c
0 4

fn=(3116) 0x00000000049523c0
0 2
cob=(2)
cfi=(385) ./stdlib/./stdlib/cxa_finalize.c
cfn=(2898) __cxa_finalize
calls=1 30 
0 132

fn=(580) 0x0000000004eab720
0 42
cob=(1)
cfi=(11) ./elf/./elf/dl-tunables.c
cfn=(28) __tunable_get_val
calls=21 387 
0 493

fn=(822) 0x0000000004ca9b80
0 512
cob=(2)
cfi=(198) ./wcsmbs/./wcsmbs/btowc.c
cfn=(826) btowc
calls=256 32 
0 11136
cob=(1)
cfi=(190)
cfn=(666)
calls=1 71 
0 820
0 5

fn=(832) 0x0000000004ca7f00
0 24
cob=(8)
cfi=(189)
cfn=(836) std::ctype<wchar_t>::_M_convert_to_wmask(unsigned short) const
calls=12 0 
0 4304
cob=(1)
cfi=(190)
cfn=(666)
calls=1 71 
0 857
0 5

fn=(838) 0x0000000004ca7580
0 20
cob=(2)
cfi=(201) ./wctype/./wctype/wctype_l.c
cfn=(842) wctype_l
calls=10 26 
0 3300
cob=(1)
cfi=(190)
cfn=(666)
calls=1 71 
0 833
0 5

fn=(914) 0x0000000004ca6a50
0 2
cob=(8)
cfi=(189)
cfn=(918) std::moneypunct<char, false>::_M_initialize_moneypunct(__locale_struct*, char const*)
calls=1 0 
0 114
cob=(1)
cfi=(190)
cfn=(666)
calls=1 71 
0 1045
0 5

fn=(1042) 0x0000000004ca6780
0 2
cob=(8)
cfi=(189)
cfn=(1046) std::locale::locale(std::locale::_Impl*)
calls=1 0 
0 3
cob=(1)
cfi=(190)
cfn=(666)
calls=1 71 
0 777
0 5

fn=(1056) 0x0000000004ca96e0
0 8
cob=(8)
cfi=(189)
cfn=(1060)
calls=4 0 
0 4031
cob=(1)
cfi=(190)
cfn=(666)
calls=1 71 
0 1068
0 5

fn=(1068) 0x0000000004ca89c0
0 40
cob=(8)
cfi=(189)
cfn=(1072) std::locale::operator=(std::locale const&)
calls=20 0 
0 460
cob=(1)
cfi=(190)
cfn=(666)
calls=1 71 
0 737
0 5

fn=(1092) 0x0000000004caa270
0 8
cob=(8)
cfi=(189)
cfn=(1096) std::basic_ios<wchar_t, std::char_traits<wchar_t> >::_M_cache_locale(std::locale const&)
calls=4 0 
0 224
cob=(1)
cfi=(190)
cfn=(666)
calls=1 71 
0 1028
0 5

fn=(1488) 0x0000000004eab3f0
0 6
cob=(2)
cfi=(208) ./malloc/./malloc/malloc.c
cfn=(1164) malloc
calls=3 3294 
0 531

fn=(1724)
0 2
cob=(8)
cfi=(189)
cfn=(1726) std::random_device::_M_init(std::__cxx11::basic_string<char, std::char_traits<char>, std::allocator<char> > const&)
calls=1 0 
0 50

fn=(1826)
0 4
cob=(2)
cfi=(273) ./debug/./debug/snprintf_chk.c
cfn=(1828) __snprintf_chk
calls=2 27 
0 2881

fn=(1984) 0x0000000004ca9e10
0 2
cob=(8)
cfi=(189)
cfn=(1988) std::ostreambuf_iterator<char, std::char_traits<char> > std::num_put<char, std::ostreambuf_iterator<char, std::char_traits<char> > >::_M_insert_int<unsigned long>(std::ostreambuf_iterator<char, std::char_traits<char> >, std::ios_base&, char, unsigned long) const
calls=1 0 
0 306
cob=(1)
cfi=(190)
cfn=(666)
calls=1 71 
0 1236
0 5

fn=(2076) 0x0000000004ca65d0
0 4
cob=(2)
cfi=(316) ./nptl/./nptl/pthread_join.c
cfn=(2080) pthread_join@@GLIBC_2.34
calls=2 23 
0 389
cob=(1)
cfi=(190)
cfn=(666)
calls=1 71 
0 859
0 5

fn=(602) 0x000000000483d000
0 7

fn=(690) 0x0000000004ca7410
0 2
cob=(8)
cfi=(189)
cfn=(694) std::locale::_Impl::_Impl(unsigned long)
calls=1 0 
0 73867
cob=(1)
cfi=(190)
cfn=(666)
calls=1 71 
0 745
0 5

fn=(696) 0x0000000004ca73e0
0 14
cob=(8)
cfi=(189)
cfn=(700) std::locale::facet::_S_get_c_name()
calls=7 0 
0 21
cob=(1)
cfi=(190)
cfn=(666)
calls=1 71 
0 855
0 5

fn=(2436) 0x0000000004ca7610
0 32058
cob=(8)
cfi=(189)
cfn=(2440) std::__detail::_Prime_rehash_policy::_M_next_bkt(unsigned long) const
calls=16029 0 
0 642114
cob=(1)
cfi=(190)
cfn=(666)
calls=1 71 
0 931
0 5

fn=(2670) 0x0000000004ca9a20
0 12
cob=(8)
cfi=(189)
cfn=(2674) std::__basic_file<char>::close()
calls=6 0 
0 114
cob=(1)
cfi=(190)
cfn=(666)
calls=1 71 
0 815
0 5

fn=(2678)
0 12
cob=(8)
cfi=(189)
cfn=(1078)
calls=6 0 
0 72

fn=(2692) 0x0000000004ca6870
0 12
cob=(8)
cfi=(189)
cfn=(2696) std::ios_base::_M_dispose_callbacks()
calls=6 0 
0 108
cob=(1)
cfi=(190)
cfn=(666)
calls=1 71 
0 869
0 5

fn=(2826) 0x0000000004ca81d0
0 18
cob=(8)
cfi=(189)
cfn=(2830) std::__num_base::_S_format_float(std::ios_base const&, char*, char)
calls=9 0 
0 207
cob=(1)
cfi=(190)
cfn=(666)
calls=1 71 
0 979
0 5

fn=(2838) 0x0000000004ca8c90
0 18
cob=(2)
cfi=(274) ./libio/./libio/vsnprintf.c
cfn=(2842) vsnprintf
calls=9 102 
0 15741
cob=(1)
cfi=(190)
cfn=(666)
calls=1 71 
0 842
0 5

fn=(2850) 0x0000000004ca6bd0
0 18
cob=(2)
cfi=(238) ./string/../sysdeps/x86_64/multiarch/memchr-avx2.S
cfn=(1554) __memchr_avx2
calls=9 61 
0 171
cob=(1)
cfi=(190)
cfn=(666)
calls=1 71 
0 873
0 5

fn=(2992) 0x0000000004ca62b0
0 2
cob=(2)
cfi=(385)
cfn=(2898)
calls=1 30 
0 8832

fn=(3024) 0x0000000004ca88a0
0 6
cob=(8)
cfi=(189)
cfn=(3028) std::ostream::flush()
calls=3 0 
0 4219
cob=(1)
cfi=(190)
cfn=(666)
calls=1 71 
0 730
0 5

fn=(3025) 0x0000000004ca88a0'2
0 2
cob=(8)
cfi=(189)
cfn=(3029) std::ostream::flush()'2
calls=1 0 
0 142

fn=(3062) 0x0000000004ca8340
0 6
cob=(8)
cfi=(189)
cfn=(3066) std::basic_ostream<wchar_t, std::char_traits<wchar_t> >::sentry::sentry(std::basic_ostream<wchar_t, std::char_traits<wchar_t> >&)
calls=3 0 
0 219
cob=(1)
cfi=(190)
cfn=(666)
calls=1 71 
0 966
0 5

fn=(3063) 0x0000000004ca8340'2
0 2
cob=(8)
cfi=(189)
cfn=(3067) std::basic_ostream<wchar_t, std::char_traits<wchar_t> >::sentry::sentry(std::basic_ostream<wchar_t, std::char_traits<wchar_t> >&)'2
calls=1 0 
0 22

fn=(3096) 0x00000000048f33a8
0 4

fn=(780) 0x0000000004ca8a00
0 2
cob=(8)
cfi=(189)
cfn=(784) std::__timepunct<char>::__timepunct(std::__timepunct_cache<char>*, unsigned long)
calls=1 0 
0 1198
cob=(1)
cfi=(190)
cfn=(666)
calls=1 71 
0 920
0 5

fn=(852) 0x0000000004ca75a0
0 2
cob=(8)
cfi=(189)
cfn=(856) std::codecvt<wchar_t, char, __mbstate_t>::codecvt(unsigned long)
calls=1 0 
0 44
cob=(1)
cfi=(190)
cfn=(666)
calls=1 71 
0 825
0 5

fn=(1080) 0x0000000004ca9920
0 32
cob=(8)
cfi=(189)
cfn=(1084) std::basic_ios<char, std::char_traits<char> >::_M_cache_locale(std::locale const&)
calls=16 0 
0 896
cob=(1)
cfi=(190)
cfn=(666)
calls=1 71 
0 1028
0 5

fn=(1100) 0x0000000004ca7620
0 22
cob=(2)
cfi=(204) ./stdlib/./stdlib/cxa_atexit.c
cfn=(1104) __cxa_atexit
calls=11 67 
0 832
cob=(1)
cfi=(190)
cfn=(666)
calls=1 71 
0 1024
0 5

fn=(1768)
0 36
cob=(2)
cfi=(202) ./string/../sysdeps/x86_64/multiarch/strlen-avx2.S
cfn=(846) __strlen_avx2
calls=18 52 
0 252

fn=(1890)
0 82
cob=(8)
cfi=(189)
cfn=(1892) std::basic_ostream<char, std::char_traits<char> >& std::operator<< <std::char_traits<char> >(std::basic_ostream<char, std::char_traits<char> >&, char const*)
calls=41 0 
0 15023

fn=(2040) 0x0000000004eab740
0 4
cob=(2)
cfi=(306) ./string/../sysdeps/x86_64/multiarch/memset-vec-unaligned-erms.S
cfn=(2042) __memset_avx2_unaligned_erms
calls=2 158 
0 72

fn=(1328) 0x0000000004a01158
0 6

fn=(2348)
0 6
cob=(8)
cfi=(189)
cfn=(2350) __cxa_guard_release
calls=3 0 
0 27

fn=(2768)
0 4
cob=(8)
cfi=(189)
cfn=(2770) std::thread::_State::~_State()
calls=2 0 
0 4

fn=(3134)
0 2
cob=(2)
cfi=(385)
cfn=(2898)
calls=1 30 
0 132

fn=(792) 0x0000000004ca6630
0 2
cob=(8)
cfi=(189)
cfn=(796) std::__cxx11::messages<char>::messages(unsigned long)
calls=1 0 
0 51
cob=(1)
cfi=(190)
cfn=(666)
calls=1 71 
0 832
0 5

fn=(810) 0x0000000004ca9000
0 40
cob=(2)
cfi=(196) ./locale/./locale/uselocale.c
cfn=(814) uselocale
calls=20 30 
0 440
cob=(1)
cfi=(190)
cfn=(666)
calls=1 71 
0 857
0 5

fn=(816) 0x0000000004ca8040
0 256
cob=(2)
cfi=(197) ./wcsmbs/./wcsmbs/wctob.c
cfn=(820) wctob
calls=128 30 
0 3200
cob=(1)
cfi=(190)
cfn=(666)
calls=1 71 
0 945
0 5

fn=(888) 0x0000000004ca6ca0
0 2
cob=(8)
cfi=(189)
cfn=(892) std::__cxx11::messages<wchar_t>::messages(unsigned long)
calls=1 0 
0 51
cob=(1)
cfi=(190)
cfn=(666)
calls=1 71 
0 788
0 5

fn=(962) 0x0000000004ca80a0
0 2
cob=(8)
cfi=(189)
cfn=(966) std::numpunct<wchar_t>::_M_initialize_numpunct(__locale_struct*)
calls=1 0 
0 353
cob=(1)
cfi=(190)
cfn=(666)
calls=1 71 
0 981
0 5

fn=(1160) 0x0000000004ca7210
0 459594
cob=(2)
cfi=(208)
cfn=(1164)
calls=229797 3294 
0 10990507
cob=(1)
cfi=(190)
cfn=(666)
calls=1 71 
0 944
0 5

fn=(1700) 0x0000000004eab7b0
0 2
cob=(1)
cfi=(48) ./elf/./elf/dl-audit.c
cfn=(1702) _dl_audit_preinit
calls=1 118 
0 5

fn=(1730)
0 2
cob=(8)
cfi=(189)
cfn=(1732) std::random_device::_M_getval()
calls=1 0 
0 43

fn=(1748) 0x0000000004ca9260
0 2
cob=(2)
cfi=(258) ./misc/../sysdeps/unix/sysv/linux/getsysstats.c
cfn=(1752) get_nprocs
calls=1 215 
0 418
cob=(1)
cfi=(190)
cfn=(666)
calls=1 71 
0 840
0 5

fn=(1782)
0 8
cob=(2)
cfi=(244) ./csu/./csu/errno-loc.c
cfn=(1658) __errno_location
calls=4 25 
0 16

fn=(1816)
0 2
cob=(2)
cfi=(261)
cfn=(1760) __isoc23_strtoul
calls=1 125 
0 132

fn=(1834) 0x0000000004eab590
0 104
cob=(2)
cfi=(231)
cfn=(1836) __strchrnul_avx2
calls=52 53 
0 1020

fn=(1880) 0x0000000004ca73d0
0 2
cob=(10)
cfi=(254)
cfn=(1884)
calls=1 221 
0 54
cob=(1)
cfi=(190)
cfn=(666)
calls=1 71 
0 1240
0 5

fn=(1938) 0x0000000004ca74c0
0 6
cob=(8)
cfi=(189)
cfn=(1942)
calls=3 0 
0 4909
cob=(1)
cfi=(190)
cfn=(666)
calls=1 71 
0 756
0 5

fn=(1950) 0x0000000004ca9620
0 2
cob=(2)
cfi=(203)
cfn=(850)
calls=1 73 
0 47
cob=(1)
cfi=(190)
cfn=(666)
calls=1 71 
0 844
0 5

fn=(2198)
0 12
cob=(8)
cfi=(189)
cfn=(2200) std::basic_filebuf<char, std::char_traits<char> >::basic_filebuf()
calls=6 0 
0 1568

fn=(2238) 0x0000000004ca7c60
0 459592
cob=(2)
cfi=(208)
cfn=(1608) free
calls=229796 3359 
0 21774965
cob=(1)
cfi=(190)
cfn=(666)
calls=1 71 
0 910
0 5

fn=(2316)
0 63318
cob=(2)
cfi=(306)
cfn=(2042)
calls=31659 158 
0 707036

fn=(708) 0x0000000004ca93c0
0 46
cob=(8)
cfi=(189)
cfn=(712) std::locale::facet::_S_get_c_locale()
calls=23 0 
0 3634
cob=(1)
cfi=(190)
cfn=(666)
calls=1 71 
0 869
0 5

fn=(714) 0x0000000004ca7790
0 94
cob=(2)
cfi=(192) ./nptl/./nptl/pthread_once.c
cfn=(718) pthread_once@@GLIBC_2.34
calls=47 136 
0 2375
cob=(1)
cfi=(190)
cfn=(666)
calls=1 71 
0 1087
0 5

fn=(728) 0x0000000004ca7500
0 2
cob=(8)
cfi=(189)
cfn=(732) std::locale::facet::_S_create_c_locale(__locale_struct*&, char const*, __locale_struct*)
calls=1 0 
0 918
cob=(1)
cfi=(190)
cfn=(666)
calls=1 71 
0 1013
0 5

fn=(2682)
0 12
cob=(8)
cfi=(189)
cfn=(2684) std::ios_base::~ios_base()
calls=6 0 
0 2246

fn=(2712)
0 14
cob=(2)
cfi=(364) ./debug/./debug/fprintf_chk.c
cfn=(2714) __fprintf_chk
calls=7 25 
0 12875

fn=(2744)
0 2
cob=(2)
cfi=(370) ./posix/../sysdeps/unix/sysv/linux/nanosleep.c
cfn=(2746) nanosleep
calls=1 24 
0 96

fn=(2820) 0x0000000004ca8560
0 18
cob=(8)
cfi=(189)
cfn=(2824) std::ostreambuf_iterator<char, std::char_traits<char> > std::num_put<char, std::ostreambuf_iterator<char, std::char_traits<char> > >::_M_insert_float<double>(std::ostreambuf_iterator<char, std::char_traits<char> >, std::ios_base&, char, char, double) const
calls=9 0 
0 23193
cob=(1)
cfi=(190)
cfn=(666)
calls=1 71 
0 1250
0 5

fn=(2896)
0 2
cob=(2)
cfi=(385)
cfn=(2898)
calls=1 30 
0 132

fn=(3014) 0x0000000004ca8320
0 4
cob=(8)
cfi=(189)
cfn=(3018) std::error_category::~error_category()
calls=2 0 
0 4
cob=(1)
cfi=(190)
cfn=(666)
calls=1 71 
0 816
0 5

fn=(744) 0x0000000004ca80e0
0 64
cob=(8)
cfi=(189)
cfn=(748) std::locale::_Impl::_M_install_facet(std::locale::id const*, std::locale::facet const*)
calls=32 0 
0 13498
cob=(1)
cfi=(190)
cfn=(666)
calls=1 71 
0 985
0 5

fn=(756) 0x0000000004ca79e0
0 2
cob=(8)
cfi=(189)
cfn=(760) std::codecvt<char, char, __mbstate_t>::codecvt(unsigned long)
calls=1 0 
0 44
cob=(1)
cfi=(190)
cfn=(666)
calls=1 71 
0 825
0 5

fn=(762) 0x0000000004ca9700
0 2
cob=(8)
cfi=(189)
cfn=(766) std::__cxx11::numpunct<char>::_M_initialize_numpunct(__locale_struct*)
calls=1 0 
0 417
cob=(1)
cfi=(190)
cfn=(666)
calls=1 71 
0 1045
0 5

fn=(844) 0x0000000004eab500
0 176
cob=(2)
cfi=(202)
cfn=(846)
calls=88 52 
0 1232

fn=(896) 0x0000000004ca7750
0 2
cob=(8)
cfi=(189)
cfn=(900) std::numpunct<char>::_M_initialize_numpunct(__locale_struct*)
calls=1 0 
0 417
cob=(1)
cfi=(190)
cfn=(666)
calls=1 71 
0 973
0 5

fn=(950) 0x0000000004caa510
0 2
cob=(8)
cfi=(189)
cfn=(954) std::messages<char>::messages(unsigned long)
calls=1 0 
0 51
cob=(1)
cfi=(190)
cfn=(666)
calls=1 71 
0 756
0 5

fn=(980) 0x0000000004ca86f0
0 2
cob=(8)
cfi=(189)
cfn=(984) std::moneypunct<wchar_t, false>::_M_initialize_moneypunct(__locale_struct*, char const*)
calls=1 0 
0 109
cob=(1)
cfi=(190)
cfn=(666)
calls=1 71 
0 1077
0 5

fn=(1132) 0x0000000004ca7560
0 2
cob=(8)
cfi=(189)
cfn=(1136) std::future_category()
calls=1 0 
0 3
cob=(1)
cfi=(190)
cfn=(666)
calls=1 71 
0 783
0 5

fn=(1720)
0 24
cob=(2)
cfi=(224)
cfn=(1558)
calls=12 255 
0 180

fn=(2202) 0x0000000004ca9f80
0 12
cob=(8)
cfi=(189)
cfn=(2206) std::__basic_file<char>::__basic_file(pthread_mutex_t*)
calls=6 0 
0 24
cob=(1)
cfi=(190)
cfn=(666)
calls=1 71 
0 903
0 5

fn=(2228)
0 459592
cob=(8)
cfi=(189)
cfn=(2230) operator delete(void*, unsigned long)
calls=229796 0 
0 23614908

fn=(2660) 0x0000000004ca94f0
0 24
cob=(8)
cfi=(189)
cfn=(2664) std::__basic_file<char>::is_open() const
calls=12 0 
0 48
cob=(1)
cfi=(190)
cfn=(666)
calls=1 71 
0 827
0 5

fn=(2666)
0 12
cob=(8)
cfi=(189)
cfn=(2668) std::__basic_file<char>::~__basic_file()
calls=6 0 
0 982

fn=(2932) 0x000000000483d294
0 4

fn=(3032) 0x0000000004caa4b0
0 20
cob=(2)
cfi=(368) ./libio/./libio/iofflush.c
cfn=(2736) fflush
calls=10 32 
0 883
cob=(1)
cfi=(190)
cfn=(666)
calls=1 71 
0 822
0 5

fn=(3086) 0x0000000004875220
0 2
cob=(2)
cfi=(385)
cfn=(2898)
calls=1 30 
0 132

fn=(616) 0x0000000004eab660
0 2
cob=(2)
cfi=(184) ./string/../sysdeps/x86_64/multiarch/strrchr-avx2.S
cfn=(618) __strrchr_avx2
calls=1 53 
0 22

fn=(768) 0x0000000004ca7e30
0 2
cob=(8)
cfi=(189)
cfn=(772) std::__cxx11::moneypunct<char, false>::_M_initialize_moneypunct(__locale_struct*, char const*)
calls=1 0 
0 114
cob=(1)
cfi=(190)
cfn=(666)
calls=1 71 
0 1109
0 5

fn=(804) 0x0000000004ca7a90
0 2
cob=(8)
cfi=(189)
cfn=(808) std::ctype<wchar_t>::_M_initialize_ctype()
calls=1 0 
0 25715
cob=(1)
cfi=(190)
cfn=(666)
calls=1 71 
0 837
0 5

fn=(1050) 0x0000000004ca7300
0 16
cob=(8)
cfi=(189)
cfn=(1054)
calls=8 0 
0 736
cob=(1)
cfi=(190)
cfn=(666)
calls=1 71 
0 721
0 5

fn=(1116) 0x0000000004ca80c0
0 4
cob=(8)
cfi=(189)
cfn=(1120) std::error_category::error_category()
calls=2 0 
0 10
cob=(1)
cfi=(190)
cfn=(666)
calls=1 71 
0 787
0 5

fn=(1552) 0x0000000004eab480
0 12
cob=(2)
cfi=(238)
cfn=(1554)
calls=6 61 
0 133

fn=(1556) 0x0000000004eab6b0
0 170
cob=(2)
cfi=(224)
cfn=(1558)
calls=85 255 
0 1184

fn=(1776) 0x0000000004caa260
0 22
cob=(2)
cfi=(224)
cfn=(1558)
calls=11 255 
0 165
cob=(1)
cfi=(190)
cfn=(666)
calls=1 71 
0 1094
0 5

fn=(1904) 0x0000000004caa360
0 146
cob=(8)
cfi=(189)
cfn=(1908) std::ostream::sentry::sentry(std::ostream&)
calls=73 0 
0 1759
cob=(1)
cfi=(190)
cfn=(666)
calls=1 71 
0 752
0 5

fn=(1905) 0x0000000004caa360'2
0 2
cob=(8)
cfi=(189)
cfn=(1909) std::ostream::sentry::sentry(std::ostream&)'2
calls=1 0 
0 22

fn=(1930) 0x0000000004eab430
0 138
cob=(2)
cfi=(224)
cfn=(1932) __mempcpy_avx_unaligned_erms
calls=69 242 
0 1184

fn=(622) 0x000000000497f000
0 7

fn=(2656)
0 12
cob=(8)
cfi=(189)
cfn=(2658) std::basic_filebuf<char, std::char_traits<char> >::close()
calls=6 0 
0 1030

fn=(2984) 0x0000000004a0353c
0 3

fn=(3044) 0x0000000004ca8e80
0 4
cob=(8)
cfi=(189)
cfn=(3048) __cxa_get_globals
calls=2 0 
0 1052
cob=(1)
cfi=(190)
cfn=(666)
calls=1 71 
0 739
0 5

fn=(654) 0x0000000004ca2000
0 7

fn=(798) 0x0000000004ca6b70
0 2
cob=(8)
cfi=(189)
cfn=(802) std::ctype<wchar_t>::ctype(unsigned long)
calls=1 0 
0 26605
cob=(1)
cfi=(190)
cfn=(666)
calls=1 71 
0 789
0 5

fn=(858) 0x0000000004ca6c60
0 2
cob=(8)
cfi=(189)
cfn=(862) std::__cxx11::numpunct<wchar_t>::_M_initialize_numpunct(__locale_struct*)
calls=1 0 
0 353
cob=(1)
cfi=(190)
cfn=(666)
calls=1 71 
0 1021
0 5

fn=(1016) 0x0000000004ca8c70
0 2
cob=(8)
cfi=(189)
cfn=(1020) std::messages<wchar_t>::messages(unsigned long)
calls=1 0 
0 51
cob=(1)
cfi=(190)
cfn=(666)
calls=1 71 
0 756
0 5

fn=(1086) 0x0000000004ca8b50
0 8
cob=(8)
cfi=(189)
cfn=(1090) std::basic_ios<wchar_t, std::char_traits<wchar_t> >::init(std::basic_streambuf<wchar_t, std::char_traits<wchar_t> >*)
calls=4 0 
0 1765
cob=(1)
cfi=(190)
cfn=(666)
calls=1 71 
0 1028
0 5

fn=(1744)
0 2
cob=(8)
cfi=(189)
cfn=(1746) std::thread::hardware_concurrency()
calls=1 0 
0 1274

fn=(1770)
0 37336
cob=(2)
cfi=(203)
cfn=(850)
calls=18668 73 
0 400377

fn=(1808)
0 14
cob=(8)
cfi=(189)
cfn=(1810) std::__cxx11::basic_string<char, std::char_traits<char>, std::allocator<char> >::_M_dispose()
calls=7 0 
0 42

fn=(1894) 0x0000000004ca7cf0
0 82
cob=(2)
cfi=(202)
cfn=(846)
calls=41 52 
0 606
cob=(1)
cfi=(190)
cfn=(666)
calls=1 71 
0 888
0 5

fn=(1956) 0x0000000004ca8c20
0 30
cob=(8)
cfi=(189)
cfn=(1960) std::ostreambuf_iterator<char, std::char_traits<char> > std::num_put<char, std::ostreambuf_iterator<char, std::char_traits<char> > >::_M_insert_int<long>(std::ostreambuf_iterator<char, std::char_traits<char> >, std::ios_base&, char, long) const
calls=15 0 
0 4494
cob=(1)
cfi=(190)
cfn=(666)
calls=1 71 
0 1228
0 5

fn=(1996) 0x0000000004ca6c30
0 10
cob=(2)
cfi=(294) ./time/../sysdeps/unix/sysv/linux/clock_gettime.c
cfn=(2000) clock_gettime@@GLIBC_2.17
calls=5 30 
0 55
cob=(1)
cfi=(190)
cfn=(666)
calls=1 71 
0 951
0 5

fn=(2064)
0 6
cob=(8)
cfi=(189)
cfn=(2066) std::chrono::_V2::steady_clock::now()
calls=3 0 
0 87

fn=(674) 0x0000000004ca78d0
0 92
cob=(8)
cfi=(189)
cfn=(678) std::locale::locale()
calls=46 0 
0 77223
cob=(1)
cfi=(190)
cfn=(666)
calls=1 71 
0 717
0 5

fn=(734) 0x0000000004ca8490
0 2
cob=(2)
cfi=(194) ./locale/./locale/newlocale.c
cfn=(738) newlocale
calls=1 43 
0 40
cob=(1)
cfi=(190)
cfn=(666)
calls=1 71 
0 857
0 5

fn=(2814)
0 18
cob=(8)
cfi=(189)
cfn=(2816) std::ostream& std::ostream::_M_insert<double>(double)
calls=9 0 
0 25240

fn=(2974) 0x0000000004a01448
0 1
cob=(2)
cfi=(385)
cfn=(2898)
calls=1 30 
0 132

fn=(3038) 0x0000000004ca7970
0 4
cob=(8)
cfi=(189)
cfn=(3042) std::uncaught_exception()
calls=2 0 
0 1818
cob=(1)
cfi=(190)
cfn=(666)
calls=1 71 
0 771
0 5

fn=(3126) 0x0000000004975748
0 4

fn=(644) 0x0000000004875000
0 7

fn=(882) 0x0000000004ca8300
0 2
cob=(8)
cfi=(189)
cfn=(886) std::__timepunct<wchar_t>::_M_initialize_timepunct(__locale_struct*)
calls=1 0 
0 154
cob=(1)
cfi=(190)
cfn=(666)
calls=1 71 
0 1141
0 5

fn=(926) 0x0000000004caa050
0 2
cob=(8)
cfi=(189)
cfn=(930) std::moneypunct<char, true>::_M_initialize_moneypunct(__locale_struct*, char const*)
calls=1 0 
0 115
cob=(1)
cfi=(190)
cfn=(666)
calls=1 71 
0 1061
0 5

fn=(992) 0x0000000004ca9280
0 2
cob=(8)
cfi=(189)
cfn=(996) std::moneypunct<wchar_t, true>::_M_initialize_moneypunct(__locale_struct*, char const*)
calls=1 0 
0 109
cob=(1)
cfi=(190)
cfn=(666)
calls=1 71 
0 1053
0 5

fn=(1142) 0x0000000004ca7cb0
0 2
cob=(2)
cfi=(205) ./stdlib/./stdlib/secure-getenv.c
cfn=(1146) secure_getenv
calls=1 28 
0 1440
cob=(1)
cfi=(190)
cfn=(666)
calls=1 71 
0 999
0 5

fn=(1606) 0x0000000004eab3e0
0 12
cob=(2)
cfi=(208)
cfn=(1608)
calls=6 3359 
0 253

fn=(1698)
0 8
cob=(2)
cfi=(204)
cfn=(1104)
calls=4 67 
0 304

fn=(1772)
0 4
cob=(8)
cfi=(189)
cfn=(1774) std::__cxx11::basic_string<char, std::char_traits<char>, std::allocator<char> >::_M_replace(unsigned long, unsigned long, char const*, unsigned long)
calls=2 0 
0 1247

fn=(1912) 0x0000000004ca9d00
0 140
cob=(2)
cfi=(292) ./libio/./libio/iofwrite.c
cfn=(1916) fwrite
calls=70 31 
0 10304
cob=(1)
cfi=(190)
cfn=(666)
calls=1 71 
0 836
0 5

fn=(1928)
0 8
cob=(8)
cfi=(189)
cfn=(1902)
calls=4 0 
0 912

fn=(1934)
0 6
cob=(8)
cfi=(189)
cfn=(1936) std::ostream::operator<<(int)
calls=3 0 
0 5709

fn=(2014) 0x0000000004ca7b60
0 4
cob=(2)
cfi=(297) ./nptl/./nptl/pthread_create.c
cfn=(2018) pthread_create@@GLIBC_2.34
calls=2 626 
0 2507
cob=(1)
cfi=(190)
cfn=(666)
calls=1 71 
0 1001
0 5

fn=(2072)
0 4
cob=(8)
cfi=(189)
cfn=(2074) std::thread::join()
calls=2 0 
0 1291

fn=(2132)
0 2
cob=(3) /usr/lib/x86_64-linux-gnu/libm.so.6
cfi=(326) ./math/../sysdeps/ieee754/dbl-64/s_round.c
cfn=(2134) round
calls=1 30 
0 15

fn=(2232) 0x0000000004ca7430
0 459592
cob=(8)
cfi=(189)
cfn=(2236) operator delete(void*)
calls=229796 0 
0 22695064
cob=(1)
cfi=(190)
cfn=(666)
calls=1 71 
0 655
0 5

fn=(2312)
0 6
cob=(8)
cfi=(189)
cfn=(2314) __cxa_guard_acquire
calls=3 0 
0 60

fn=(702) 0x0000000004ca67a0
0 2
cob=(8)
cfi=(189)
cfn=(706) std::ctype<char>::ctype(unsigned short const*, bool, unsigned long)
calls=1 0 
0 4125
cob=(1)
cfi=(190)
cfn=(666)
calls=1 71 
0 745
0 5

fn=(632) 0x0000000004952000
0 7

fn=(2734)
0 4
cob=(2)
cfi=(368)
cfn=(2736)
calls=2 32 
0 144

fn=(2922) 0x000000000483d030
0 2
cob=(2)
cfi=(385)
cfn=(2898)
calls=1 30 
0 132

fn=(3056) 0x0000000004ca9980
0 6
cob=(8)
cfi=(189)
cfn=(3060) std::basic_ostream<wchar_t, std::char_traits<wchar_t> >::flush()
calls=3 0 
0 1672
cob=(1)
cfi=(190)
cfn=(666)
calls=1 71 
0 922
0 5

fn=(3057) 0x0000000004ca9980'2
0 2
cob=(8)
cfi=(189)
cfn=(3061) std::basic_ostream<wchar_t, std::char_traits<wchar_t> >::flush()'2
calls=1 0 
0 142

ob=(9) /usr/lib/x86_64-linux-gnu/liblsp.so
fl=(215) ???
fn=(2934) 0x0000000000002650
0 11
cob=(2)
cfi=(388) ./sysvipc/../sysdeps/unix/sysv/linux/shmdt.c
cfn=(2944) shmdt
calls=1 27 
0 6
cob=(1)
cfi=(190)
cfn=(666)
calls=1 71 
0 916
0 5
0 4
cfn=(2948) 0x0000000000001c97
calls=1 0 
0 2158
0 3

fn=(2948)
0 5
cob=(2)
cfi=(217) ./nptl/./nptl/pthread_mutex_lock.c
cfn=(1352) pthread_mutex_lock@@GLIBC_2.2.5
calls=1 77 
0 36
cob=(1)
cfi=(190)
cfn=(666)
calls=1 71 
0 990
0 5
0 9
cob=(2)
cfi=(222) ./nptl/./nptl/pthread_mutex_unlock.c
cfn=(1366) pthread_mutex_unlock@@GLIBC_2.2.5
calls=1 367 
0 26
cob=(1)
cfi=(190)
cfn=(666)
calls=1 71 
0 1079
0 5
0 3

fn=(1480) 0x0000000000002128
0 11
cob=(2)
cfi=(225) ./libio/./libio/iofopen.c
cfn=(1486) fopen@@GLIBC_2.2.5
calls=1 85 
0 605
cob=(1)
cfi=(190)
cfn=(666)
calls=1 71 
0 901
0 5
0 1078
cob=(2)
cfi=(207)
cfn=(1412) __strcasecmp_avx2
calls=4 193 
0 212
0 4
0 38
cob=(2)
cfi=(232) ./libio/./libio/iofgets.c
cfn=(1522) fgets
calls=6 32 
0 1623
cob=(1)
cfi=(190)
cfn=(666)
calls=1 71 
0 894
0 10
0 15
cob=(2)
cfi=(239) ./libio/./libio/iofclose.c
cfn=(1592) fclose@@GLIBC_2.2.5
calls=1 34 
0 570
cob=(1)
cfi=(190)
cfn=(666)
calls=1 71 
0 858
0 5
0 6

fn=(2978) 0x0000000000001450
0 9

fn=(2968) 0x00000000000014e0
0 8
cob=(4)
cfi=(178)
cfn=(2974)
calls=1 0 
0 133
0 1
cfn=(2978)
calls=1 0 
0 9
0 3

fn=(1332) 0x0000000000001520
0 17

fn=(1340) 0x0000000000002266
0 12
cob=(2)
cfi=(216) ./dlfcn/./dlfcn/dlsym.c
cfn=(1350) dlsym@@GLIBC_2.34
calls=1 64 
0 1041
cob=(1)
cfi=(190)
cfn=(666)
calls=1 71 
0 1020
0 5
0 7
cob=(2)
cfi=(216)
cfn=(1350)
calls=1 64 
0 1018
0 1
0 7
cob=(2)
cfi=(216)
cfn=(1350)
calls=1 64 
0 1080
0 1
0 7
cob=(2)
cfi=(216)
cfn=(1350)
calls=1 64 
0 986
0 1
0 7
cob=(2)
cfi=(216)
cfn=(1350)
calls=1 64 
0 1010
0 1
0 7
cob=(2)
cfi=(216)
cfn=(1350)
calls=1 64 
0 998
0 1
0 7
cob=(2)
cfi=(216)
cfn=(1350)
calls=1 64 
0 965
0 1
0 16
cfn=(1402) 0x0000000000001f45
calls=1 0 
0 4213
0 100
cob=(2)
cfi=(207)
cfn=(1412)
calls=10 193 
0 420
0 10
0 65
cob=(2)
cfi=(206) ./stdlib/./stdlib/getenv.c
cfn=(1148) getenv
calls=1 24 
0 1476
cob=(1)
cfi=(190)
cfn=(666)
calls=1 71 
0 942
0 5
0 6
cfn=(1480)
calls=1 0 
0 6835
0 6
cob=(2)
cfi=(241) ./misc/../sysdeps/posix/gethostname.c
cfn=(1636) gethostname
calls=1 28 
0 76
cob=(1)
cfi=(190)
cfn=(666)
calls=1 71 
0 913
0 5
0 6
cob=(2)
cfi=(243) ./sysvipc/../sysdeps/unix/sysv/linux/shmget.c
cfn=(1648) shmget
calls=1 28 
0 11
cob=(1)
cfi=(190)
cfn=(666)
calls=1 71 
0 961
0 5
0 5
cob=(2)
cfi=(244)
cfn=(1658)
calls=1 25 
0 4
cob=(1)
cfi=(190)
cfn=(666)
calls=1 71 
0 999
0 5
0 7
cob=(2)
cfi=(243)
cfn=(1648)
calls=1 28 
0 7
0 1
0 9
cob=(2)
cfi=(245) ./sysvipc/../sysdeps/unix/sysv/linux/shmat.c
cfn=(1672) shmat
calls=1 28 
0 6
cob=(1)
cfi=(190)
cfn=(666)
calls=1 71 
0 869
0 5
0 9

fn=(1402)
0 12
cob=(2)
cfi=(207)
cfn=(1412)
calls=1 193 
0 42
cob=(1)
cfi=(190)
cfn=(666)
calls=1 71 
0 956
0 5
0 5
cob=(2)
cfi=(202)
cfn=(846)
calls=1 52 
0 14
cob=(1)
cfi=(190)
cfn=(666)
calls=1 71 
0 934
0 5
0 130
cob=(2)
cfi=(208)
cfn=(1440) calloc
calls=1 3699 
0 217
cob=(1)
cfi=(190)
cfn=(666)
calls=1 71 
0 929
0 5
0 4
cob=(2)
cfi=(224)
cfn=(1448) memcpy@GLIBC_2.2.5
calls=1 210 
0 11
cob=(1)
cfi=(190)
cfn=(666)
calls=1 71 
0 934
0 5
0 5

ob=(3)
fl=(163) ./math/../sysdeps/x86_64/fpu/multiarch/e_exp2f.c
fn=(522) exp2f@@GLIBC_2.27
27 1
fi=(145) ./math/../sysdeps/x86_64/fpu/multiarch/ifunc-fma.h
+2 4
+1 3
fe=(163)
-3 1

fl=(165) ./math/../sysdeps/x86_64/fpu/multiarch/s_sincos.c
fn=(534) sincos
26 1
fi=(155) ./math/../sysdeps/x86_64/fpu/multiarch/ifunc-fma4.h
+5 4
+1 2
fe=(165)
-6 1

fl=(158) ./math/../sysdeps/x86_64/fpu/multiarch/e_log.c
fn=(500) __log_finite@GLIBC_2.15
27 1
fi=(147) ./math/../sysdeps/x86_64/fpu/multiarch/ifunc-avx-fma4.h
+5 5
+1 2
fe=(158)
-6 1

fl=(156) ./math/../sysdeps/x86_64/fpu/multiarch/e_log2f.c
fn=(492) log2f@@GLIBC_2.27
27 1
fi=(145)
+2 4
+1 3
fe=(156)
-3 1

fl=(161) ./math/../sysdeps/x86_64/fpu/multiarch/s_fma.c
fn=(512) fma
49 6

fl=(152) ./math/../sysdeps/x86_64/fpu/multiarch/s_sincosf.c
fn=(480) sincosf
26 1
fi=(145)
+3 4
+1 3
fe=(152)
-4 1

fl=(151) ./math/../sysdeps/x86_64/fpu/multiarch/e_log2.c
fn=(476) log2@@GLIBC_2.29
27 1
fi=(145)
+2 4
+1 3
fe=(151)
-3 1

fl=(154) ./math/../sysdeps/x86_64/fpu/multiarch/e_pow.c
fn=(488) __pow_finite@GLIBC_2.15
27 1
fi=(155)
+4 4
+1 2
fe=(154)
-5 1

fl=(150) ./math/../sysdeps/x86_64/fpu/multiarch/e_logf.c
fn=(472) logf@@GLIBC_2.27
27 1
fi=(145)
+2 4
+1 3
fe=(150)
-3 1

fl=(144) ./math/../sysdeps/x86_64/fpu/multiarch/s_cosf.c
fn=(456) cosf
26 1
fi=(145)
+3 4
+1 3
fe=(144)
-4 1

fl=(326)
fn=(2134)
30 1
+7 1
+1 4
+1 2
+2 2
+8 2
+1 2
+20 1

fl=(160) ./math/../sysdeps/x86_64/fpu/multiarch/s_sinf.c
fn=(508) sinf
26 1
fi=(145)
+3 4
+1 3
fe=(160)
-4 1

fl=(153) ./math/../sysdeps/x86_64/fpu/multiarch/e_powf.c
fn=(484) powf@@GLIBC_2.27
30 1
fi=(145)
-1 4
+1 4
fe=(153)

fl=(164) ./math/../sysdeps/x86_64/fpu/multiarch/e_atan2.c
fn=(526) __atan2_finite@GLIBC_2.15
26 1
fi=(147)
+6 5
+1 2
fe=(164)
-7 1

fl=(159) ./math/../sysdeps/x86_64/fpu/multiarch/e_asin.c
fn=(514) __asin_finite@GLIBC_2.15
27 1
fi=(155)
+4 4
+1 2
fe=(159)
-5 1

fn=(504) __acos_finite@GLIBC_2.15
35 1
fi=(155)
-4 4
+1 2
+3 1
fe=(159)

fl=(162) ./math/../sysdeps/x86_64/fpu/multiarch/s_expm1.c
fn=(518) expm1
26 1
fi=(145)
+3 4
+1 3
fe=(162)
-4 1

fl=(188) ???
fn=(3090) 0x0000000000010430
0 5

fn=(648) 0x00000000000104e0
0 12

fn=(3080) 0x00000000000104a0
0 9
cob=(4)
cfi=(178)
cfn=(3086)
calls=1 0 
0 134
0 1
cfn=(3090)
calls=1 0 
0 5
0 3

fl=(149) ./math/../sysdeps/x86_64/fpu/multiarch/s_sin.c
fn=(530) sin
27 1
fi=(147)
+5 5
+1 2
fe=(149)
-6 1

fn=(468) cos
34 1
fi=(147)
-2 5
+1 2
fe=(149)
+1 1

fl=(157) ./math/../sysdeps/x86_64/fpu/multiarch/s_log1p.c
fn=(496) __log1p
26 1
fi=(145)
+3 4
+1 3
fe=(157)
-4 1

fl=(148) ./math/../sysdeps/x86_64/fpu/multiarch/e_expf.c
fn=(464) expf@@GLIBC_2.27
27 1
fi=(145)
+2 4
+1 3
fe=(148)
-3 1

fl=(146) ./math/../sysdeps/x86_64/fpu/multiarch/e_exp.c
fn=(460) __exp_finite@GLIBC_2.15
27 1
fi=(147)
+5 5
+1 2
fe=(146)
-6 1

ob=(2)
fl=(99) ./string/../sysdeps/x86_64/multiarch/memrchr.c
fn=(330) memrchr
29 1
fi=(88) ./string/../sysdeps/x86_64/multiarch/ifunc-avx2.h
+11 3
-2 4
fe=(99)
-9 2
fi=(88)
+12 2
+1 3
+3 2
+4 3
+3 5
fe=(99)

fl=(218) ./dlfcn/./dlfcn/dlerror.c
fn=(1354) _dlerror_run
113 77
+1 7
-1 21
+1 7
+1 14
+6 7
+17 28
cob=(1)
cfi=(50) ./elf/./elf/dl-catch.c
cfn=(158) _dl_catch_error
calls=7 254 
* 5999
+7 7
-2 7
-5 7
+7 14
+53 77
-47 14
+5 14

fl=(232)
fn=(1522)
32 42
+5 24
+2 12
+8 54
+4 6
+1 6
+1 12
-1 6
+1 24
-2 6
+2 6
cfi=(233) ./libio/./libio/iogetline.c
cfn=(1524) _IO_getline
calls=6 -20 
* 1227
+3 6
+1 6
-1 12
+7 2
fi=(236) ./libio/./libio/libioP.h
979 2
+1 48
fe=(232)
66 42
-10 10
+4 5
+3 5
-2 5
+2 10
fi=(236)
979 15
fe=(232)
47 30

fl=(132) ./string/../sysdeps/x86_64/multiarch/strncpy.c
fn=(416) strncpy
29 1
fi=(113) ./string/../sysdeps/x86_64/multiarch/ifunc-strncpy.h
+6 5
+1 3
+3 2
+4 3
+3 4
fe=(132)
-17 1

fl=(292)
fn=(1916)
31 420
+1 70
-1 70
+1 70
-1 140
+4 420
+2 1078
+1 211
+1 1
fi=(236)
1025 1
fe=(292)
39 1
fi=(236)
1025 1
+1 2
fe=(292)
39 69
fi=(236)
1025 69
fe=(292)
39 69
fi=(236)
1025 69
+1 138
fe=(292)
39 350
cfi=(227) ./libio/./libio/fileops.c
cfn=(1918) _IO_file_xsputn@@GLIBC_2.2.5
calls=70 1198 
* 5049
+6 140
fi=(236)
979 140
fe=(292)
45 140
+1 70
+3 630
-11 138
fi=(236)
980 684
fe=(292)
37 64

fl=(306)
fn=(2042)
158 31661
+1 63322
+5 31661
+1 31661
+1 31660
+1 31660
+1 31660
+13 30914
+1 30914
+2 61828
+53 31660
+1 31660
+6 31659
+1 31659
+12 31659
+3 31659
+1 31659
+12 745
+1 745
+13 745
+1 745
+2 745
+3 120
+3 120
+3 120
+1 120
+1 120
+1 120
+1 120
+1 120
+1 120
-6 118
+1 118
+1 118
+1 118
+1 118
+1 118
+1 238
+3 120
+1 120
+1 120
+1 120
+3 240
-6 625
+1 625
+1 625
+1 625
+3 1250
+11 1
+1 1
+1 1
+1 98317
+1 1
+1 2
+7 1
+9 1
+1 1
+5 1
+1 1
+36 1
+1 1
+5 1

fl=(371) ./time/../sysdeps/unix/sysv/linux/clock_nanosleep.c
fn=(2748) clock_nanosleep@@GLIBC_2.17
63 12
+1 5
+2 2
+14 2
-2 3
+2 2
+33 1
+1 11
-36 2
cfi=(319) ./nptl/./nptl/cancellation.c
cfn=(2088) __pthread_enable_asynccancel
calls=1 -47 
* 18
* 10
cfi=(319)
cfn=(2732) __pthread_disable_asynccancel
calls=1 -15 
* 15
* 1

fl=(119) ./string/../sysdeps/x86_64/multiarch/strcspn.c
fn=(376) strcspn
29 1
fi=(395) ./string/../sysdeps/x86_64/multiarch/ifunc-sse4_2.h
+7 5
fe=(119)
-7 1

fl=(138) ./string/../sysdeps/x86_64/multiarch/memchr.c
fn=(436) memchr
29 2
fi=(139) ./string/../sysdeps/x86_64/multiarch/ifunc-evex.h
+9 6
-1 8
+2 6
+6 4
-3 4
+9 6
+3 8
fe=(138)
-25 2

fl=(273)
fn=(1828)
27 40
+1 4
+9 2
+1 2
-1 8
-4 4
+4 2
-4 2
+5 4
cfi=(274)
cfn=(1830) __vsnprintf_internal
calls=2 +55 
* 2803
+4 10

fl=(305) ./misc/../sysdeps/unix/syscall-template.S
fn=(2034) mprotect
117 495
+5 99

fn=(2798) madvise
117 10
+5 2

fn=(2124) munmap
117 20
+5 4

fl=(377) ./resolv/./resolv/resolv_context.c
fn=(2784) __resolv_context_freeres
242 18
+2 4
+1 2
+1 4
+6 16

fl=(91) ./wcsmbs/../sysdeps/x86_64/multiarch/wcsnlen.c
fn=(310) wcsnlen
30 1
fi=(92) ./wcsmbs/../sysdeps/x86_64/multiarch/ifunc-wcslen.h
+11 2
-1 4
+2 3
+3 2
+4 3
+3 3
fe=(91)
-22 1

fl=(102) ./string/../sysdeps/x86_64/multiarch/memcmpeq.c
fn=(338) memcpy@@GLIBC_2.14
29 3
fi=(103) ./string/../sysdeps/x86_64/multiarch/ifunc-memmove.h
+28 9
-1 6
+4 9
+14 6
+3 6
+8 6
+8 6
+3 15
fe=(102)

fl=(310) ./misc/../sysdeps/unix/sysv/linux/x86_64/clone3.S
fn=(2054) clone3
42 1
+2 1
+1 1
+1 1
+1 1
+1 1
+4 1
+3 1
+5 1
+2 1
+1 1
+23 5

fl=(130) ./string/../sysdeps/x86_64/multiarch/strcasecmp_l.c
fn=(404) strcasecmp_l
31 1
fi=(118) ./string/../sysdeps/x86_64/multiarch/ifunc-strcasecmp.h
+6 2
-1 4
fe=(130)
-5 2
fi=(118)
+7 3
+3 2
+4 3
+3 4
fe=(130)

fl=(249) ./csu/../sysdeps/nptl/libc_start_call_main.h
fn=(1704) (below main)
29 4
+15 1
-15 5
+15 1
cfi=(250) ./setjmp/../sysdeps/x86_64/bsd-_setjmp.S
cfn=(1706) _setjmp
calls=1 -16 
* 38
* 1
+2 2
+5 2
+1 2
+3 2
+3 6
cob=(10)
cfi=(253)
cfn=(1712)
calls=1 +56 
* 77984
+16 2
cfi=(382) ./stdlib/./stdlib/exit.c
cfn=(2860) exit
calls=1 +63 
* 199737

fl=(100) ./wcsmbs/../sysdeps/x86_64/multiarch/wcsncpy.c
fn=(334) wcsncpy
31 1
fi=(101) ./wcsmbs/../sysdeps/x86_64/multiarch/ifunc-wcs.h
+9 3
-1 4
+2 3
+3 2
+4 4
fe=(100)
-17 1

fl=(142) ./string/../sysdeps/x86_64/multiarch/mempcpy.c
fn=(446) mempcpy
33 1
fi=(103)
+24 3
-1 2
+4 3
+14 2
+3 2
+8 2
+8 2
+3 5
fe=(142)

fl=(382)
fn=(2860)
137 2
+1 3
-1 1
+1 1
cfn=(2862) __run_exit_handlers
calls=1 38 
* 199730

fn=(2862)
38 12
+2 2
+3 5
+11 2
+2 2
+38 2
-30 51
+2 16
+1 16
-1 16
+3 134
+44 15
+13 1
-66 1
+66 3
+2 2
+3 2
cfi=(390) ./posix/../sysdeps/unix/sysv/linux/_exit.c
cfn=(3156) _Exit
calls=1 27 
* 4
-29 5
+1 5
-2 5
+3 5
+3 5
-3 10
+3 15
+1 15
cob=(1)
cfi=(383) ./elf/./elf/dl-fini.c
cfn=(2886) _dl_fini
calls=1 -82 
* 14471
cob=(10)
cfi=(355)
cfn=(2880)
calls=1 +1 
* 44
cob=(10)
cfi=(349)
cfn=(2870)
calls=1 -26 
* 430
cob=(10)
cfi=(331)
cfn=(2864)
calls=2 733 
* 183886
+1 20
+10 3
+1 2
-79 1
cfi=(372) ./stdlib/./stdlib/cxa_thread_atexit_impl.c
cfn=(2774) __call_tls_dtors
calls=1 148 
* 13
* 1
+88 1
cfi=(226) ./libio/./libio/genops.c
cfn=(3146) _IO_cleanup
calls=1 842 
* 506
* 1

fl=(259) ./io/../sysdeps/unix/sysv/linux/open64_nocancel.c
fn=(1756) __open_nocancel
28 2
+3 1
-3 6
+3 6
+8 7
+2 5

fl=(117) ./string/../sysdeps/x86_64/multiarch/strcasecmp.c
fn=(372) strcasecmp
31 2
fi=(118)
+6 4
-1 8
fe=(117)
-5 4
fi=(118)
+7 6
+3 4
+4 6
+3 8
fe=(117)

fl=(133) ./wcsmbs/../sysdeps/x86_64/multiarch/wmemcmp.c
fn=(420) wmemcmp
29 1
fi=(134) ./wcsmbs/../sysdeps/x86_64/multiarch/ifunc-memcmp.h
+5 5
+1 2
+1 2
+1 3
+3 2
+4 3
+3 4
fe=(133)
-18 2

fl=(141) ./wcsmbs/../sysdeps/x86_64/multiarch/wcpcpy.c
fn=(442) wcpncpy
31 1
fi=(101)
+9 3
-1 4
+2 3
+3 2
+4 4
fi=(396) ./wcsmbs/../sysdeps/x86_64/multiarch/wcpncpy.c
-17 1
fe=(141)

fl=(267) ./stdlib/../sysdeps/x86_64/lshift.S
fn=(1790) __mpn_lshift
28 16
+1 16
+1 16
+2 16
+1 16
+1 16
+12 16
+1 16
+1 16
+1 16
+1 16
+1 16
+1 16
+6 16
+1 16
+1 16

fl=(270) ./stdlib/../sysdeps/ieee754/dbl-64/mpn2dbl.c
fn=(1798) __mpn_construct_double
29 1
+10 1
-6 1
+7 10
+6 1
+1 2

fl=(367) ./io/../sysdeps/unix/sysv/linux/write.c
fn=(2730) write
25 8
+1 16
-1 48
+1 8
cfi=(319)
cfn=(2088)
calls=8 +5 
* 144
* 88
cfi=(319)
cfn=(2732)
calls=8 +37 
* 120
* 8
+1 16

fl=(365) ./stdio-common/./stdio-common/printf_buffer_to_file.c
fn=(2720) __printf_buffer_to_file_switch
29 14
+1 70
+10 14
+1 14
+3 56
+1 14

fn=(2724) __printf_buffer_to_file_done
117 7
+1 21
-1 7
-64 7
+64 42
-66 28
+2 21
+69 7
-1 7
+1 28
-1 7
cfi=(291) ./stdio-common/./stdio-common/Xprintf_buffer_done.c
cfn=(1872) __printf_buffer_done
calls=7 -96 
* 133
-56 14
cfn=(2720)
calls=7 -36 
* 91
+1 7
-8 7
+1 7
fi=(397) ./stdio-common/../libio/libioP.h
1025 7
fe=(365)
58 7
+1 7
-1 7
fi=(397)
1025 14
+1 14
fe=(365)
59 14
cfi=(227)
cfn=(1918)
calls=7 1198 
* 1599
* 14

fn=(2718) __printf_buffer_to_file_init
108 7
+1 7
fi=(290) ./stdio-common/../include/printf_buffer.h
+18 7
fe=(365)
-18 7
fi=(290)
+28 7
-9 7
+9 7
-13 7
fe=(365)
-13 7
fi=(290)
+13 7
fe=(365)
-12 7
cfn=(2720)
calls=7 -83 
* 91

fl=(192)
fn=(718)
136 47
+3 47
+1 94
+4 90
-1 2
cfn=(720) __pthread_once_slow
calls=2 -75 
* 2095

fn=(720)
68 22
+8 2
+4 4
+52 20
-44 4
+4 4
+9 4
+13 26
cfi=(193) ./nptl/./nptl/cleanup_compat.c
cfn=(722) _pthread_cleanup_push@@GLIBC_2.34
calls=2 -89 
* 14
+2 2
cob=(8)
cfi=(189)
cfn=(686) 0x00000000000e9850
calls=1 0 
* 12
cob=(8)
cfi=(189)
cfn=(724) 0x00000000000d0450
calls=1 0 
* 1945
+2 6
cfi=(193)
cfn=(740) _pthread_cleanup_pop@@GLIBC_2.34
calls=2 -78 
* 12
fi=(195) ./nptl/../sysdeps/nptl/futex-internal.h
+91 6
fe=(192)
-85 2
fi=(195)
+85 10
fe=(192)

fl=(302) ./misc/../sysdeps/unix/sysv/linux/getpagesize.c
fn=(2028) getpagesize
27 4
+1 16
+2 4

fl=(224)
fn=(1448)
210 1
+1 1
+6 1
+1 1
+90 1
+1 1
+55 1
+1 1
+1 1
+1 1
+1 1

fn=(1558)
255 49053
+1 49053
+6 49053
+1 49053
+2 15311
+1 15311
+1 15311
+3 13639
+1 13639
+1 13639
+3 27278
+30 33742
+1 33742
+2 13367
+1 13367
+2 1977
+4 1977
+1 31
+1 31
+1 31
+1 31
+1 15
+1 15
+2 15
+2 15
-2 16
+2 16
+6 1946
+1 1946
+1 1946
+1 1946
+1 1946
+7 20375
+1 20375
+1 20375
+1 20375
+2 20375
+17 11390
+1 11390
+1 11390
+1 11390
+1 11390
+7 664
+1 664
+1 664
+1 664
+1 664
+1 664
+1 1328
+5 1672
+1 1672
+5 1666
+1 1666
+2 1231
+1 1231
+1 1231
+2 567
+1 567
+1 567
+1 567
+1 567
+1 567
+1 567
+1 567
+1 567
+1 567
+1 567
+1 567
+1 567
+1 567
+1 1134
+4 435
+1 435
+4 435
+2 435
+4 435
+1 435
+11 435
+3 435
+2 435
+2 435
+4 435
+1 435
+9 386
+1 386
+2 386
+2 386
+1 386
+1 386
+3 386
+2 386
+2 386
+2 772
+6 386
+1 386
+1 386
+1 386
+1 386
+1 386
+1 386
+1 386
+1 386
+1 386
+1 386
+1 386
-11 927
+1 927
+1 927
+1 927
+1 927
+1 927
+1 927
+1 927
+1 927
+1 927
+1 927
+1 927
+2 386
+1 386
+1 386
+1 386
+2 386
+4 772
+13 49
+1 49
+2 49
+1 49
+1 49
+2 49
+2 49
+2 98
+6 49
+1 49
+1 49
+1 49
+1 49
+1 49
+1 49
+1 49
+1 49
+1 49
+1 49
+1 49
-11 365
+1 365
+1 365
+1 365
+1 365
+1 365
+1 365
+1 365
+1 365
+1 365
+1 365
+1 365
+2 49
+1 49
+1 49
+1 49
+2 49
+1 98
+9 6
+7 6
+1 6
+6 4
+3 4
+2 4
+3 4
+1 4
+2 4
+2 98148
+2 4
+2 4
+2 8
+5 6
+1 6
+4 6
+2 6
+3 6
+4 6
+1 6
+4 6
+4 6
+24 2
+2 2
+2 2
+2 2
+3 2
+1 2
+2 130978
+3 2
+2 2
+2 4

fn=(1932)
242 69
+1 69
+1 69
+1 69
+17 69
+1 69
+2 3
+1 3
+1 3
+3 3
+1 3
+1 3
+3 6
+30 66
+1 66
+2 59
+1 59
+2 50
+4 50
+1 34
+1 34
+1 34
+1 34
+1 16
+1 16
+2 16
+2 16
-2 18
+2 18
+6 16
+1 16
+1 16
+1 16
+1 16
+7 7
+1 7
+1 7
+1 7
+2 7
+17 9
+1 9
+1 9
+1 9
+1 9

fl=(282) ./stdlib/./stdlib/cmp.c
fn=(1852) __mpn_cmp
31 15
+4 38
+2 17
+1 17
+1 34
+8 65
-5 2
+6 2

fl=(193)
fn=(740)
40 4
+3 8
+4 8
+2 4

fn=(722)
25 4
+3 4
+1 4
+1 8
+2 4
+1 4

fl=(228) ./nptl/./nptl/libc-cleanup.c
fn=(1498) __libc_cleanup_push_defer
24 11
+1 11
+2 22
+2 22
+3 22
+14 33
+2 11
+1 11

fn=(1500) __libc_cleanup_pop_restore
54 11
+1 11
+2 22
+2 11
+1 33
+11 11

fl=(323) ./misc/../sysdeps/unix/sysv/linux/setvmaname.c
fn=(2102) __set_vma_name
33 49
+2 35
+14 66
-9 4
cob=(4)
cfi=(178)
cfn=(580)
calls=1 -40 
* 26
* 3
+7 1
+1 1

fl=(380) ./nptl/./nptl/nptl_free_tcb.c
fn=(2802) __nptl_free_tcb
25 2
+2 4
-2 10
+6 6
+11 2
+2 4
-2 2
cfi=(307) ./nptl/./nptl/nptl-stack.c
cfn=(2804) __nptl_deallocate_stack
calls=2 +70 
* 88

fl=(212) ./misc/./misc/sbrk.c
fn=(1180) sbrk
37 16
+3 2
+3 2
-3 2
+3 2
+35 7
-20 4
+4 4
+4 4
+8 1
cfi=(213) ./misc/../sysdeps/unix/sysv/linux/brk.c
cfn=(1182) brk
calls=1 -38 
* 9
* 2
+4 7
-19 2
cfi=(213)
cfn=(1182)
calls=1 -23 
* 9
* 2
+4 2

fl=(196)
fn=(814)
30 20
+1 60
+2 40
+3 40
+1 20
+28 60
+1 60
+2 60
+4 60
+1 20

fl=(194)
fn=(738)
43 15
+12 2
277 12
63 2
+3 1
-10 1
+10 2
+7 3
+2 1
-2 1

fl=(203)
fn=(850)
73 18718
+7 18718
+1 18718
+3 1
+1 1
+1 1
+4 1
+1 1
+2 1
+1 1
+3 1
+1 1
+1 1
+3 1
+1 1
+3 1
+1 1
+3 1
+1 1
+1 1
+1 1
+1 1
+1 1
+1 1
+1 1
+1 1
+1 1
+3 1
+1 1
+6 1
+1 1
+1 1
+1 1
+4 1
+1 1
+2 1
+1 1
+1 1
+1 1
+3 1
+1 1
+1 1
+1 1
+1 1
+1 1
+2 2
+4 13768
+10 13768
+1 13768
+1 13768
+3 27536
401 18717
+1 18717
+5 18717
+1 18717
+1 18717
+1 18717
+1 18717
+3 15819
+1 15819
+1 15819
+1 15819
+3 15819
+1 15819
+1 4629
+1 9258
+6 2898
+1 2898
+82 2898
+1 2898
+1 2898
+1 2898
+1 2898
+4 320
+1 320
+1 320
+1 320
+1 320
+1 320
+2 320
+2 320

fl=(225)
fn=(1486)
85 7
-20 1
+20 2
-20 1
cob=(4)
cfi=(178)
cfn=(1488)
calls=1 -65 
* 189
+2 3
+3 1
+2 2
-2 1
+2 5
cfi=(226)
cfn=(1490) _IO_no_init
calls=1 563 
* 56
+1 1
+1 1
-1 1
+1 1
cfi=(227)
cfn=(1494) _IO_new_file_init_internal
calls=1 +32 
* 102
+1 5
cfi=(227)
cfn=(1502) _IO_file_fopen@@GLIBC_2.2.5
calls=1 213 
* 215
* 2
-38 2
+50 7

fl=(233)
fn=(1524)
33 6
+1 12
cfn=(1526) _IO_getline_info
calls=6 +15 
* 1209

fn=(1526)
49 90
+2 12
+2 18
+2 24
+28 5
+2 10
-2 10
+2 5
cob=(4)
cfi=(178)
cfn=(1552)
calls=5 -85 
* 124
* 5
+1 10
-29 21
+1 14
+2 4
cfi=(226)
cfn=(1528) __uflow
calls=2 299 
* 614
+1 4
+6 2
+11 1
-1 2
-22 3
+20 2
+32 8
-19 10
+1 10
-1 5
+2 15
+2 5
+2 10
fi=(398) ./libio/../string/bits/string_fortified.h
-65 25
cob=(4)
cfi=(178)
cfn=(1556)
calls=5 -29 
* 82
fe=(233)
+68 5
+1 5
-1 5
+10 40
-44 2
-9 2

fl=(275) ./stdio-common/./stdio-common/vfprintf-internal.c
fn=(1832) __printf_buffer
600 240
fi=(278) ./stdio-common/./stdio-common/printf-parse.h
82 20
fe=(275)
600 40
fi=(278)
82 20
fe=(275)
600 20
+27 60
+11 20
-11 20
+11 20
-11 20
+11 40
fi=(278)
82 20
cob=(4)
cfi=(178)
cfn=(1834)
calls=20 -82 
* 436
fe=(275)
653 40
+1 20
fi=(278)
82 40
fe=(275)
654 20
-1 20
cfi=(276) ./stdio-common/./stdio-common/Xprintf_buffer_write.c
cfn=(1838) __printf_buffer_write
calls=20 27 
* 682
+2 60
+4 40
+4 152
-32 19
973 19
642 19
973 38
634 19
+71 128
1044 220
705 64
-13 32
+7 32
+6 64
-14 32
-4 32
+18 32
-10 32
+10 32
-7 32
-4 32
+11 64
-19 32
-1 32
+20 32
-12 32
-9 32
-1 32
+22 32
-15 64
891 30
+82 30
+3 510
+20 165
+1 15
263 15
+1 15
997 15
744 15
264 30
744 15
263 30
1024 32
fi=(278)
82 32
fe=(275)
1018 32
fi=(278)
82 64
cob=(4)
cfi=(178)
cfn=(1834)
calls=32 -82 
* 688
fe=(275)
1028 64
+1 32
fi=(278)
82 32
fe=(275)
1029 32
-1 32
cfi=(276)
cfn=(1838)
calls=32 27 
* 1252
+3 103
fi=(277) ./stdio-common/./stdio-common/vfprintf-process-arg.c
501 4
cfi=(276)
cfn=(1838)
calls=1 27 
* 55
+1 1
-11 1
-88 8
+19 2
-14 2
+47 3
fe=(275)
709 15
814 15
-1 15
+1 30
+26 18
+15 195
fi=(277)
422 4
+8 2
fe=(275)
761 2
fi=(290)
148 6
+1 8
fe=(275)
784 8
fi=(277)
126 16
+1 42
+74 6
92 6
+1 6
+1 6
201 12
-65 12
+65 2
92 2
+1 2
+1 2
201 4
-65 16
+19 182
cfi=(322) ./stdio-common/./stdio-common/_itoa.c
cfn=(2098) _itoa_word
calls=14 +14 
* 588
+11 28
-11 28
+11 56
-5 112
+25 66
+1 2
+14 4
-4 6
+4 24
-4 36
+2 42
+2 28
+7 14
-2 28
+2 42
+3 28
+13 28
fi=(290)
-61 28
fi=(277)
+70 28
+3 28
128 4
+8 14
+2 28
fe=(275)
876 6
-5 54
-1 6
+1 48
+12 8
fi=(277)
66 8
+1 14
-18 6
-1 12
201 18
58 12
-23 6
+22 12
161 14
+9 28
+17 14
+8 14
-8 14
+12 14
-12 14
+8 56
-8 72
+53 56
cfi=(276)
cfn=(1838)
calls=14 27 
* 792
* 14
130 4
+1 16
fe=(275)
266 15
cfi=(279) ./stdio-common/./stdio-common/printf_fp.c
cfn=(1844) __printf_fp_l_buffer
calls=15 1099 
* 18141
1001 15
fi=(290)
163 28
fi=(277)
50 12
+2 12
+1 48
fe=(275)
819 9
-1 9
+1 27
+15 63
+3 18
+18 9
-37 9
+19 36
fi=(277)
435 2
cob=(4)
cfi=(178)
cfn=(844)
calls=1 0 
* 16
* 2
fi=(278)
55 6
+10 12
-10 30
fe=(275)

fn=(2716) __vfprintf_internal
1522 91
+3 36
+4 35
+11 14
+11 28
+5 28
cfi=(365)
cfn=(2718)
calls=7 108 
* 168
+3 35
cfn=(1832)
calls=7 600 
* 9523
+1 14
cfi=(365)
cfn=(2724)
calls=7 117 
* 2124
+3 14
+1 14
+3 77
-42 12
+38 28
-12 28
cfi=(228)
cfn=(1498)
calls=7 24 
* 91
+1 49
-30 14
+30 63
+12 21
cfi=(228)
cfn=(1500)
calls=7 54 
* 63
* 7
+2 7
-3 42

fl=(316)
fn=(2080)
23 2
+1 8
cfi=(317) ./nptl/./nptl/pthread_join_common.c
cfn=(2082) __pthread_clockjoin_ex
calls=2 +15 
* 379

fl=(95) ./wcsmbs/../sysdeps/x86_64/multiarch/wcslen.c
fn=(318) wcslen
29 1
fi=(92)
+12 2
-1 4
+2 3
+3 2
+4 3
+3 3
fe=(95)
-23 1

fl=(234) ./libio/./libio/filedoalloc.c
fn=(1536) _IO_file_doallocate
78 22
+6 8
fi=(236)
1025 6
+1 4
fe=(234)
84 6
cfi=(227)
cfn=(1538) _IO_file_stat
calls=2 1147 
* 18
* 4
+2 8
+11 8
+4 4
cob=(4)
cfi=(178)
cfn=(1488)
calls=2 0 
* 348
* 2
+1 4
+2 8
cfi=(226)
cfn=(1542) _IO_setb
calls=2 329 
* 58
+1 2
+1 18

fl=(205)
fn=(1146)
28 1
+1 5
cfi=(206)
cfn=(1148)
calls=1 -5 
* 1434

fl=(207)
fn=(1152)
206 33
+24 33
+5 33
+14 33
+25 33
+1 33
+1 33
+2 33
+1 33
+4 31
+4 31
+2 31
+2 31
+3 31
+2 31
+1 31
+11 31
+10 31
+1 31
+3 31
+4 62
+5 31
+1 31
+1 31
957 3
+1 3
+1 3
+1 3
+2 3
+3 3
+1 3
+27 2
+1 2
+1 2
+1 2
+1 2
+1 2
+2 2
+47 2
+1 2
+3 2
+1 2
+1 2
+3 4
+7 2
+1 2
+1 2
+1 2
+10 3
+1 3
+3 2
+1 2
+1 2
+1 2
+6 2
+2 2
+3 2
+1 2

fn=(1412)
193 15
+1 15
+1 30
+11 15
+9 15
+2 15
+1 15
+1 15
+30 15
+21 15
+1 15
+1 15
+2 15
+1 15
+1 15
+2 15
+1 15
+4 15
+4 150
+2 15
+2 15
+3 15
+9 15
+1 15
+4 15
+10 15
+1 15
+1 15
+1 15
+1 15
+4 30
953 4
+1 4
+3 4
+1 4
+1 4
+1 4
+2 4
+3 4
+1 4
+4 4
+1 4

fl=(274)
fn=(2842)
102 27
fi=(399) ./libio/../include/printf_buffer.h
+22 9
fe=(274)
-22 9
fi=(399)
+22 9
fe=(274)
-22 63
fi=(399)
+35 9
-13 9
+13 9
-10 9
+1 9
fe=(274)
-65 18
+3 9
+30 36
cfi=(275)
cfn=(1832)
calls=9 600 
* 15237
-21 27
+1 9
+11 18
cfi=(291)
cfn=(1872)
calls=9 -62 
* 171
+17 54

fn=(1830)
93 20
fi=(399)
+31 4
fe=(274)
-31 8
fi=(399)
+31 4
fe=(274)
-31 24
fi=(399)
+44 4
-13 4
+13 4
-10 4
+1 4
fe=(274)
-65 8
+3 4
+30 12
cfi=(275)
cfn=(1832)
calls=4 600 
* 3651
-21 12
+1 4
+11 8
cfi=(291)
cfn=(1872)
calls=4 -62 
* 76
+11 24

fl=(368)
fn=(2736)
32 12
+1 24
-1 60
+7 24
+1 12
fi=(236)
1025 36
+1 24
fe=(368)
40 24
cfi=(227)
cfn=(2738) _IO_file_sync@@GLIBC_2.2.5
calls=12 793 
* 415
* 24
fi=(236)
979 24
+1 48
fe=(368)
44 60
-5 168
fi=(236)
980 72
fe=(368)

fl=(135) ./debug/../sysdeps/x86_64/multiarch/memmove_chk.c
fn=(424) __memmove_chk
29 1
fi=(97) ./debug/../sysdeps/x86_64/multiarch/ifunc-memmove.h
+28 3
-1 2
+4 3
+14 2
+3 2
+8 2
+8 2
+3 5
fe=(135)

fl=(177) ./nptl/./nptl/pthread_mutex_conf.c
fn=(578) __pthread_tunables_init
55 2
+1 2
-1 2
+1 2
-1 4
+1 1
cob=(4)
cfi=(178)
cfn=(580)
calls=1 -56 
* 26
+2 4
cob=(4)
cfi=(178)
cfn=(580)
calls=1 -58 
* 25
+2 4
cob=(4)
cfi=(178)
cfn=(580)
calls=1 -60 
* 26
+2 6

fl=(229) ./io/../sysdeps/unix/sysv/linux/open64.c
fn=(1506) open
30 2
+3 1
-3 10
+3 6
+8 9
+2 8

fl=(250)
fn=(1706)
28 3
+2 3
+2 3
cfi=(251) ./setjmp/../sysdeps/x86_64/setjmp.S
cfn=(1708) __sigsetjmp
calls=3 -1 
* 105

fl=(301) ./nptl/./nptl/allocatestack.c
fn=(2094) name_stack_maps
587 24
+2 4
+4 4
-4 16
+4 4
+2 8
+5 2
+1 2
-2 2
+2 4
-1 2
+3 6
cfi=(321) ./stdio-common/./stdio-common/snprintf.c
cfn=(2096) snprintf
calls=2 26 
* 1128
* 8
cfi=(323)
cfn=(2102)
calls=2 33 
* 80
+2 18
-2 6
-7 6
+9 2
-9 6
+9 8
-9 2
cfi=(323)
cfn=(2102)
calls=2 33 
* 42

fl=(279)
fn=(1848) __printf_fp_buffer_1.isra.0
138 270
+21 15
+18 15
+10 15
-28 105
+62 30
1030 165
226 45
+4 105
+36 15
+5 15
-49 15
+44 60
+1 15
+1 30
+3 195
+1 15
-1 15
+1 45
-1 15
+1 30
-1 15
+1 120
+1 15
-1 30
+1 195
+6 15
-6 30
+7 30
+17 10
+4 40
-4 20
+16 20
+11 10
-41 10
+10 10
+31 10
-30 70
+33 39
+41 13
+1 13
-1 13
+1 39
fi=(283) ./stdio-common/../string/bits/string_fortified.h
29 13
cob=(4)
cfi=(178)
cfn=(1556)
calls=13 -29 
* 169
fe=(279)
385 58
+18 5
-9 5
+2 10
-2 115
+2 230
-74 240
-4 120
+4 490
-4 10
+4 40
+15 15
-13 30
+53 2
-2 12
cfi=(381) ./stdlib/./stdlib/mul.c
cfn=(2854) __mpn_mul
calls=2 48 
* 154
+5 4
+1 4
fi=(283)
29 20
fe=(279)
388 20
fi=(283)
29 10
cob=(4)
cfi=(178)
cfn=(1556)
calls=10 -29 
* 130
fe=(279)
389 30
+1 30
+1 10
+3 10
-4 10
-1 10
+1 10
+1 30
+5 20
+1 20
+6 20
+4 10
+4 10
-4 10
+4 30
-4 120
+6 12
665 15
+9 15
-9 15
+9 15
+6 15
-15 15
+9 30
+6 15
-6 30
+2 30
+10 30
+20 5
+1 1
-13 1
+13 2
+21 1
+3 2
-11 1
+11 1
-3 1
+3 2
-3 1
+10 1
-7 1
+7 28
+8 30
fi=(286) ./stdio-common/../sysdeps/pthread/allocalim.h
27 15
fe=(279)
746 15
fi=(286)
27 15
cfi=(285) ./nptl/./nptl/alloca_cutoff.c
cfn=(1858) __libc_alloca_cutoff
calls=15 * 
* 165
+2 30
fe=(279)
759 210
fi=(286)
29 15
fe=(279)
759 45
+4 15
-3 30
+3 32
+3 42
+7 84
+2 22
-4 11
+4 11
+14 22
-2 11
+1 55
+1 11
+1 22
-1 8
-2 4
+1 20
+1 4
+1 8
-1 26
+1 82
91 26
792 26
+2 26
91 60
+2 26
+2 52
-2 52
+8 38
+4 114
cfi=(287) ./stdlib/./stdlib/divrem.c
cfn=(1864) __mpn_divrem
calls=19 -59 
* 823
+2 19
+4 19
-6 19
+2 57
+1 19
+2 38
+1 38
+1 14
-1 45
+7 12
+4 36
cfi=(366) ./stdlib/../sysdeps/x86_64/mul_1.S
cfn=(2722) __mpn_mul_1
calls=12 -91 
* 252
+1 24
+1 60
793 12
+1 24
-1 14
+1 28
+1 52
230 90
cfi=(281) ./stdlib/../sysdeps/ieee754/dbl-64/dbl2mpn.c
cfn=(1850) __mpn_extract_double
calls=15 33 
* 331
* 60
+4 15
382 6
91 20
796 30
95 7
+1 21
-1 14
+1 7
cfi=(366)
cfn=(2722)
calls=7 -65 
* 147
* 7
+31 21
805 75
+1 45
cfn=(1862) hack_digit
calls=15 88 
* 1292
+2 30
-2 15
+2 75
+2 15
+3 2
+5 2
-8 2
+8 8
fi=(288) ./stdio-common/../sysdeps/generic/get-rounding-mode.h
94 15
+1 105
fi=(289) ./stdio-common/../include/rounding-mode.h
-37 6
fe=(279)
935 10
-11 36
+7 42
+4 30
+45 75
+3 30
+8 30
-4 15
+4 15
+5 30
-9 60
+9 60
fi=(290)
163 45
fe=(279)
999 60
+2 45
+5 30
fi=(290)
163 45
fe=(279)
1009 45
+13 60
cfi=(276)
cfn=(1838)
calls=15 27 
* 833
+2 45
+4 45
117 7
+1 14
483 10
655 12
+4 8
cfi=(267)
cfn=(1790)
calls=4 28 
* 64
* 4
+1 20
+1 8
385 45
cfi=(282)
cfn=(1852)
calls=15 31 
* 190
* 30
+3 20
fi=(289)
52 40
fe=(279)
835 5
-5 10
+5 22
+2 2
-2 10
+3 2
+2 15
+1 3
+1 8
+2 6
+80 9
-69 6
+69 3
-69 2
+80 3
-11 9
766 42
-35 5
+97 1
+30 6
+3 14
+1 1
-1 9
+3 6
+2 2
+69 4
688 28
+1 28
+3 42
+2 13
+2 26
+42 26
-31 2
+15 1
-1 2
+1 4
994 60
+2 30
308 10
-2 10
+2 10
-3 10
+3 40
-3 20
cfi=(267)
cfn=(1790)
calls=10 28 
* 160
+4 20
-4 10
+4 70
+1 20
+1 78
766 42
+3 28
cfn=(1862)
calls=14 88 
* 1258
* 24
cfn=(1862)
calls=12 88 
* 1198
* 26
-3 92
+8 9
-3 9
+10 1
+2 1
669 2
782 1
-1 1
+2 3
+27 12
407 4
+6 8
+86 3
cfi=(267)
cfn=(1790)
calls=1 28 
* 16
+1 5
+1 2
+3 1
-8 1
+7 1
+1 1
-18 1
+18 2
+2 1
623 12
-2 12
+2 46
509 12
+2 24
647 3
+54 2
-12 3
1003 30
625 2
+4 5
cfi=(366)
cfn=(2722)
calls=1 31 
* 33
+1 1
+1 1
-1 1
+1 2
+3 1
-1 1
+1 1
-1 1
+3 1
-2 4
+9 1
+1 1
-1 1
+2 2
439 12
+3 68
+16 18
+2 6
-2 6
cfi=(284) ./stdlib/../sysdeps/x86_64/rshift.S
cfn=(1856) __mpn_rshift
calls=6 28 
* 108
+3 12
-1 6
+1 6
-1 6
+1 18
cfi=(284)
cfn=(1856)
calls=6 28 
* 108
+2 36
+14 20
-4 4
-21 8
+19 4
-1 12
+1 4
-1 12
cfi=(284)
cfn=(1856)
calls=4 28 
* 72
+4 12
-1 4
+1 12
cfi=(284)
cfn=(1856)
calls=4 28 
* 72
+3 4
+1 20
-1 6
845 1
+10 1
-10 1
430 4
+4 4
-5 4
+5 24
694 104
-52 1
cfi=(284)
cfn=(1856)
calls=1 28 
* 18
+3 2
834 6

fn=(1862)
88 164
+3 41
-3 41
+3 84
+2 41
+2 82
-2 82
+8 64
+21 54
cfi=(366)
cfn=(2722)
calls=18 -91 
* 378
+1 36
+1 75
+4 90
-23 192
cfi=(287)
cfn=(1864)
calls=32 -59 
* 1370
+2 32
-2 32
+2 96
+3 32
-2 32
+2 32
+1 128
+1 28
-1 78
+11 18
-4 36
-23 9
+1 27
-1 9
+1 9
cfi=(366)
cfn=(2722)
calls=9 -65 
* 189
+31 9
-31 9
+32 45
-37 6
+27 14
-1 14
+11 70

fn=(1844)
1099 180
+3 15
-3 105
+3 30
+13 30
+2 15
-2 15
cob=(4)
cfi=(178)
cfn=(844)
calls=15 0 
* 240
* 30
+1 75
+31 165
-30 30
fi=(280) ./stdio-common/../include/../locale/localeinfo.h
331 30
fe=(279)
1111 15
fi=(280)
331 15
fe=(279)
1112 30
+10 105
cfn=(1848)
calls=15 138 
* 17001
+4 15

fl=(304) ./misc/../sysdeps/unix/sysv/linux/mmap64.c
fn=(2032) mmap
47 5
+3 10
-3 30
+6 10
+5 30
+2 20
-7 25

fl=(123) ./string/../sysdeps/x86_64/multiarch/strncase_l.c
fn=(384) strncasecmp_l
31 1
fi=(118)
+6 2
-1 4
fe=(123)
-5 2
fi=(118)
+7 3
+3 2
+4 3
+3 4
fe=(123)

fl=(261)
fn=(1804)
125 2
+1 10
cfi=(262) ./stdlib/../stdlib/strtol_l.c
cfn=(1806) ____strtol_l_internal
calls=2 238 
* 202

fn=(1760)
125 3
+1 15
cfi=(262)
cfn=(1762) ____strtoul_l_internal
calls=3 238 
* 376

fl=(366)
fn=(2722)
31 49
+1 49
+3 49
+1 49
+1 49
+1 49
+1 49
+2 49
+1 49
+2 49
+1 49
+1 49
+1 49
+1 46
+2 46
+1 46
+1 46
+1 46
+26 3
+1 3
+1 3
+1 3
+1 3
+1 3
+1 3
+1 3
+1 3
+26 3
+1 3
+1 3
+2 3
+1 3
+1 3
+1 3
+1 3
+1 3
+2 3
+3 3
-5 46
+2 46
+3 46

fl=(116) ./string/../sysdeps/x86_64/multiarch/strncmp.c
fn=(370) strncmp
67 1
-23 2
-1 4
+24 2
-22 3
+3 2
+4 3
+3 4

fl=(200) ./iconv/./iconv/gconv_simple.c
fn=(830) __gconv_btwoc_ascii
49 128
+2 512
+3 128

fl=(125) ./string/../sysdeps/x86_64/multiarch/memcmp.c
fn=(392) bcmp
29 3
fi=(126) ./string/../sysdeps/x86_64/multiarch/ifunc-memcmp.h
+5 15
+1 6
+1 6
+1 9
+3 6
+4 9
+3 12
fe=(125)
-18 6

fl=(174) ./ctype/./ctype/ctype-info.c
fn=(572) __ctype_init
29 3
+2 21
+2 12
+2 12
+1 3

fl=(244)
fn=(1658)
25 5
+1 10
+1 5

fl=(85) ./string/../sysdeps/x86/cacheinfo.c
fn=(298) __x86_cacheinfo
86 1
fi=(86) ./string/../sysdeps/x86/cacheinfo.h
-27 1
+3 3
+2 1
+1 1
-1 2
+7 3
+2 1
+1 1
-1 2
+5 2
+2 2
+1 2
+1 2
+2 2
+2 2
fe=(85)

fl=(230) ./string/../string/strstr.c
fn=(1508) __GI_strstr
77 9
+5 1
-5 3
+5 2
+2 4
cob=(4)
cfi=(178)
cfn=(1510)
calls=1 -84 
* 23
* 1
+1 2
+1 2
+75 12

fl=(239)
fn=(1592)
34 8
+14 3
+9 1
fi=(236)
1025 3
+1 2
fe=(239)
57 3
cfi=(227)
cfn=(1620) _IO_file_finish@@GLIBC_2.2.5
calls=1 168 
* 34
+1 3
+13 2
fi=(236)
951 4
+1 4
+6 2
cob=(4)
cfi=(178)
cfn=(1606)
calls=1 0 
* 87
fe=(239)
76 7
-27 1
cfi=(226)
cfn=(1594) _IO_un_link
calls=1 +4 
* 104
+2 8
+1 2
+1 2
cfi=(227)
cfn=(1598) _IO_file_close_it@@GLIBC_2.2.5
calls=1 +75 
* 271
fi=(236)
979 1
fe=(239)
53 1
fi=(236)
979 3
+1 9
fe=(239)
51 5

fl=(287)
fn=(1864)
46 714
+3 102
234 459
62 51
+1 51
-16 51
+18 102
+7 243
+1 30
-1 60
+1 60
-1 60
+4 102
+3 51
+2 51
-13 2
-1 2
+1 2

fl=(89) ./string/../sysdeps/x86_64/multiarch/strpbrk.c
fn=(306) strpbrk
29 1
fi=(395)
+7 5
fe=(89)
-7 1

fl=(206)
fn=(1148)
24 18
+1 16
+3 2
cob=(4)
cfi=(178)
cfn=(844)
calls=2 -28 
* 32
+1 2
-1 2
+1 1124
+2 560
+1 132
cob=(4)
cfi=(178)
cfn=(1150)
calls=33 -32 
* 938
* 66
+5 18

fl=(260) ./io/../sysdeps/unix/sysv/linux/read_nocancel.c
fn=(1758) __read_nocancel
25 1
+1 4
+1 1

fl=(321)
fn=(2096)
26 24
+4 2
+1 4
-1 10
+1 2
cfi=(274)
cfn=(1830)
calls=2 +62 
* 1076
+4 10

fl=(386) ./posix/./posix/register-atfork.c
fn=(2900) __unregister_atfork
82 14
+1 14
-1 28
+1 14
fi=(387) ./posix/../malloc/dynarray-skeleton.c
243 7
fe=(386)
71 14
+38 28
+1 21

fl=(219) ./elf/./elf/dl-sym.c
fn=(1358) _dl_sym
194 91
88 7
+7 14
+34 14
+28 7
+16 7
-16 14
+5 7
51 14
162 14
+6 42
+2 7
fi=(220) ./elf/./dl-sym-post.h
41 14
+12 28
fe=(219)
196 70
-50 42
cob=(1)
cfi=(82) ./elf/./elf/dl-lookup.c
cfn=(288) _dl_lookup_symbol_x
calls=7 772 
* 4347
* 28
fi=(220)
24 14
cob=(4)
cfi=(178)
cfn=(1362)
calls=7 -24 
* 329
* 7
fe=(219)
133 7
fi=(220)
25 14
fe=(219)
133 14
fi=(220)
26 14
fe=(219)
143 56
+3 35

fl=(240) ./io/../sysdeps/unix/sysv/linux/close_nocancel.c
fn=(1604) __close_nocancel
25 2
+1 8
+1 2

fl=(241)
fn=(1636)
28 7
+4 1
-4 6
+4 1
cfi=(242) ./posix/../sysdeps/unix/syscall-template.S
cfn=(1638) uname
calls=1 +88 
* 6
* 2
+3 4
cob=(4)
cfi=(178)
cfn=(844)
calls=1 -35 
* 16
+1 1
-1 1
+1 18
+2 2
+6 11

fl=(262)
fn=(1762)
238 15
+54 3
-54 3
+19 3
-19 12
+14 3
-14 9
+26 6
+31 12
+9 18
+2 6
+5 6
-1 3
+6 6
+4 6
+15 4
+10 12
-87 3
390 9
+1 9
+4 3
+56 15
+26 3
+1 3
-84 3
-1 3
+96 6
-5 10
+5 5
+1 15
-41 10
+2 20
+2 21
+7 4
+17 4
+4 15
+3 10
+11 6
+5 9
+1 3
+12 6
+11 15
+22 27
327 2
+15 6
-20 2
+5 2

fn=(1806)
238 10
+54 2
-54 2
+19 2
-19 8
+14 2
-14 6
+26 4
+31 8
+9 12
+2 4
+5 4
-1 2
+6 4
+4 4
+15 4
+10 8
-87 4
395 2
+56 10
+26 2
+1 2
-84 2
-1 2
+96 4
-5 4
+5 2
+1 6
-41 4
+2 8
+2 6
+28 6
+3 4
+11 4
+5 6
+1 2
+5 4
+3 2
+15 2
-15 4
-2 4
+39 16
342 4

fl=(322)
fn=(2098)
169 14
+3 56
+2 28
+9 462
+9 28

fl=(202)
fn=(846)
52 148
+13 148
+1 148
+1 148
+3 148
+2 148
+1 148
+3 148
+1 148
+8 148
+1 148
+1 145
+5 290
+26 1
+13 1
+1 1
+1 1
+6 2
+4 2
+13 2
+1 2
+1 2
+6 4
+57 3
+15 3
+6 3
+1 3
+1 3
+2 2
+1 2
+1 2
+1 2

fl=(285)
fn=(1858)
27 15
+1 135
+7 15

fl=(318) ./nptl/./nptl/futex-internal.c
fn=(2084) __futex_abstimed_wait_cancelable64
138 8
-61 2
+3 2
+3 3
+1 2
-27 3
+46 8
+10 1
+28 6
fi=(195)
-54 2
fe=(318)
-30 2
cfi=(319)
cfn=(2088)
calls=1 -26 
* 18
* 12
cfi=(319)
cfn=(2732)
calls=1 +6 
* 15
* 1

fl=(374) ./malloc/./malloc/thread-freeres.c
fn=(2778) __libc_thread_freeres
31 6
+2 2
cfi=(375) ./sunrpc/./sunrpc/rpc_thread.c
cfn=(2780) __rpc_thread_destroy
calls=2 -12 
* 26
+2 2
cfi=(376) ./resolv/./resolv/res-close.c
cfn=(2782) __res_thread_freeres
calls=2 +96 
* 82
+1 2
cfi=(378) ./string/../sysdeps/unix/sysv/linux/tls-internal.c
cfn=(2786) __glibc_tls_internal_free
calls=2 -12 
* 48
+1 2
cfi=(379) ./dlfcn/./dlfcn/libc_dlerror_result.c
cfn=(2788) __libc_dlerror_result_free
calls=2 -8 
* 24
+5 2
-1 2
cfi=(209) ./malloc/./malloc/arena.c
cfn=(2790) __malloc_arena_thread_freeres
calls=2 893 
* 19744

fl=(107) ./string/../sysdeps/x86_64/multiarch/strchr.c
fn=(348) index
65 1
-22 2
+1 1
-2 4
+2 2
+3 2
+4 3
+3 3
+11 1

fl=(211) ./malloc/./malloc/morecore.c
fn=(1178) __glibc_morecore
25 2
+1 4
-1 4
+4 2
cfi=(212)
cfn=(1180)
calls=2 +8 
* 77
+1 4
+4 4

fl=(276)
fn=(1838)
27 82
+1 246
-1 574
+4 278
+2 114
+3 57
fi=(283)
-7 57
fe=(276)
+8 114
fi=(283)
-8 57
fe=(276)
+12 57
fi=(283)
-12 57
cob=(4)
cfi=(178)
cfn=(1556)
calls=57 -29 
* 973
fe=(276)
+11 171
-9 114
+2 171
+11 492

fl=(317)
fn=(2082)
39 24
+4 12
+5 10
+4 2
+3 2
+2 4
+1 4
+16 10
+10 4
+34 2
-4 2
+7 4
+4 4
cfi=(380)
cfn=(2802)
calls=2 25 
* 118
* 2
+5 2
+3 22
-44 12
cfi=(193)
cfn=(722)
calls=2 -64 
* 14
+5 2
+8 5
cfi=(318)
cfn=(2084)
calls=1 +36 
* 85
+2 4
-10 9
+17 6
cfi=(193)
cfn=(740)
calls=2 -71 
* 12
* 2

fl=(93) ./string/../sysdeps/x86_64/multiarch/memset.c
fn=(314) memset
29 2
fi=(94) ./string/../sysdeps/x86_64/multiarch/ifunc-memset.h
+25 10
+3 6
+7 4
+9 4
+2 4
+10 4
+8 4
+3 10
fe=(93)

fl=(108) ./debug/../sysdeps/x86_64/multiarch/memset_chk.c
fn=(350) __memset_chk
29 1
fi=(109) ./debug/../sysdeps/x86_64/multiarch/ifunc-memset.h
+25 5
+3 3
+7 2
+9 2
+2 2
+10 2
+8 2
+3 5
fe=(108)

fl=(136) ./string/../sysdeps/x86_64/multiarch/stpcpy.c
fn=(428) stpcpy
33 1
fi=(122) ./string/../sysdeps/x86_64/multiarch/ifunc-strcpy.h
+5 2
+1 1
-1 2
+1 2
+3 2
+4 3
+3 3
fe=(136)
-16 1

fl=(197)
fn=(820)
30 1280
+9 384
+6 128
-1 256
+35 1152

fl=(127) ./wcsmbs/../sysdeps/x86_64/multiarch/wmemset.c
fn=(396) wmemset
31 2
fi=(128) ./wcsmbs/../sysdeps/x86_64/multiarch/ifunc-wmemset.h
+5 10
+1 6
fe=(127)
-6 2

fl=(179) ./nptl/../sysdeps/unix/sysv/linux/x86/elision-conf.c
fn=(582) __lll_elision_init
92 2
+4 1
-4 2
+4 2
-4 1
+4 1
-4 3
+4 1
cob=(4)
cfi=(178)
cfn=(580)
calls=1 -96 
* 26
+2 4
cob=(4)
cfi=(178)
cfn=(580)
calls=1 -98 
* 26
+2 4
cob=(4)
cfi=(178)
cfn=(580)
calls=1 0 
* 26
+2 4
cob=(4)
cfi=(178)
cfn=(580)
calls=1 0 
* 26
+2 4
cob=(4)
cfi=(178)
cfn=(580)
calls=1 0 
* 26
+3 3
+1 1
+1 6

fl=(213)
fn=(1182)
36 2
fi=(400) ./misc/../sysdeps/unix/sysv/linux/brk_call.h
-12 4
fe=(213)
+13 4
+1 4
+6 2
+1 2

fl=(199) ./elf/./elf/libc-dl-profstub.c
fn=(828) _dl_mcount_wrapper_check
36 128
+1 384
+1 128

fl=(124) ./string/../sysdeps/x86_64/multiarch/strchrnul.c
fn=(388) strchrnul
31 1
fi=(88)
+9 3
-2 4
fe=(124)
-7 2
fi=(88)
+10 2
+1 3
+3 2
+4 3
+3 5
fe=(124)

fl=(309) ./misc/../sysdeps/unix/sysv/linux/clone-internal.c
fn=(2052) __clone_internal
97 24
+2 4
-19 6
+2 4
cfi=(310)
cfn=(2054)
calls=1 -40 
* 16
+1 4
+3 1
+20 1
-42 1
-11 1
+11 1
-2 1
-9 1
+11 2
-2 1
+2 4
cfi=(311) ./misc/../sysdeps/unix/sysv/linux/x86_64/clone.S
cfn=(2056) clone
calls=1 -12 
* 19
+42 1
-42 1
-11 1
+11 1
-2 1
-9 1
+11 2
-2 1
+2 4
cfi=(311)
cfn=(2056)
calls=1 -12 
* 19
+45 4
+1 16

fl=(175) ./resource/../sysdeps/unix/sysv/linux/getrlimit64.c
fn=(574) getrlimit
38 2
+1 7
+1 1

fl=(201)
fn=(842)
26 80
+7 10
-7 30
+3 10
cob=(4)
cfi=(178)
cfn=(844)
calls=10 -29 
* 160
* 10
+3 30
+1 10
+7 48
+1 96
-8 48
+2 96
cob=(4)
cfi=(178)
cfn=(844)
calls=48 -35 
* 768
* 20
cob=(4)
cfi=(178)
cfn=(844)
calls=10 -35 
* 160
* 58
+2 312
cob=(4)
cfi=(178)
cfn=(848)
calls=49 -37 
* 1146
* 98
+8 20
+1 10
+1 80

fl=(235) ./io/../sysdeps/unix/sysv/linux/fstat64.c
fn=(1540) fstat
30 2
+9 8
+33 2

fl=(173) ./elf/./elf/libc_early_init.c
fn=(570) __libc_early_init
33 9
+2 1
cfi=(174)
cfn=(572)
calls=1 -6 
* 17
+3 1
fi=(176) ./elf/../sysdeps/nptl/pthread_early_init.h
-5 2
fe=(173)
+8 1
-3 1
+3 1
fi=(176)
-8 1
cfi=(175)
cfn=(574)
calls=1 +5 
* 10
* 3
+1 1
+4 5
+7 1
fi=(401) ./elf/../nptl/nptl-stack.h
+16 3
fi=(176)
-16 1
fi=(401)
+16 2
fi=(176)
-7 1
fi=(401)
+7 3
fi=(176)
-9 1
-6 1
+2 2
+4 4
+1 1
+3 1
cfi=(177)
cfn=(578)
calls=1 -1 
* 104
fe=(173)
-9 3
+2 2
-2 1
cfi=(179)
cfn=(582)
calls=1 +45 
* 169

fl=(87) ./string/../sysdeps/x86_64/multiarch/strnlen.c
fn=(302) strnlen
31 2
fi=(88)
+9 6
-2 8
fe=(87)
-7 4
fi=(88)
+10 4
+1 6
+3 4
+4 6
+3 10
fe=(87)

fl=(319)
fn=(2088)
31 10
+1 10
+1 20
+4 20
+2 20
+3 40
fi=(320) ./nptl/../nptl/descr.h
439 20
fe=(319)
45 20
+11 20

fn=(2732)
63 10
+3 30
+5 30
+3 10
+2 10
-2 10
+2 20
+7 30

fl=(110) ./string/../sysdeps/x86_64/multiarch/strrchr.c
fn=(354) rindex
28 1
fi=(88)
+12 3
-2 4
fe=(110)
-10 2
fi=(88)
+13 2
+1 3
+3 2
+4 3
+3 5
fe=(110)

fl=(137) ./string/../sysdeps/x86_64/multiarch/memmove.c
fn=(432) memmove
29 2
fi=(103)
+28 6
-1 4
+4 6
+14 4
+3 4
+8 4
+8 4
+3 10
fe=(137)

fl=(252) ./setjmp/./setjmp/sigjmp.c
fn=(1710) __sigjmp_save
28 18
+2 6
-1 3
+5 12

fl=(291)
fn=(1872)
25 20
+1 60
+5 40
+2 240
+7 20

fl=(313) ./nptl/./nptl/pthread_attr_destroy.c
fn=(2060) pthread_attr_destroy
26 2
+10 6
+8 4

fl=(208)
fn=(1184) alloc_perturb
1985 3213
+2 1071

fn=(1614) _int_free_merge_chunk
4665 3240
+1 648
-1 1944
+5 3888
+3 1296
+5 1944
+3 1296
+1 1296
+1 1296
1992 1944
4689 1296
+2 566
+2 566
-1 566
+2 2264
+2 1132
cfn=(2340) unlink_chunk.isra.0
calls=566 1608 
* 13617
+18 1296
+6 1266
+4 599
+9 599
-1 599
+1 1797
+1 1198
-1 34
-1 34
+1 102
+1 68
+2 633
+2 1266
+5 633
+1 633
+2 1899
+1 633
-45 633
-1 1266
+1 3798
-1 633
cfn=(1616) _int_free_maybe_consolidate
calls=633 +69 
* 42007
+1 15
-1 30
+1 90
-1 15
cfn=(1616)
calls=15 +69 
* 414
+39 1710
+16 15
+1 45
+1 30
-37 34
+1 34
-1 34
cfn=(2340)
calls=34 1608 
* 777
+1 34
-47 3
-2 2

fn=(2344) sysmalloc_mmap.isra.0
2400 10
+13 6
-13 2
+18 4
+3 18
cfi=(304)
cfn=(2032)
calls=2 47 
* 52
* 2
+3 4
+4 4
2008 8
2432 8
cfi=(323)
cfn=(2102)
calls=2 33 
* 42
+16 6
+19 2
-1 2
+5 2
-4 4
+4 4
+1 10
+3 6
+1 10
+5 14

fn=(1164)
3294 1838400
+7 459600
1326 459598
+19 1111963
3311 385526
+2 919200
+3 459596
+10 5052
+8 20160
+2 7560
cfn=(1176) _int_malloc
calls=2520 3846 
* 694664
+3 5040
+8 10080
+4 7560
fi=(209)
153 7554
-98 2517
+92 12585
fe=(208)
3351 2517
fi=(209)
147 2517
+6 2517
fe=(208)
3351 5036
+3 15156
3248 8
cfn=(1174) tcache_init.part.0
calls=2 -6 
* 1772
+68 4
+1 4
+1 689157
3178 454548
+4 454548
+4 227274
+4 227274
-4 681822
+4 227274
+1 227274
3354 1363644
-26 24
cfn=(1176)
calls=6 3846 
* 817
+1 30
fi=(209)
153 12
264 1
cfn=(1168) ptmalloc_init.part.0
calls=1 -2 
* 1151
fe=(208)
1326 2

fn=(1440)
3699 6
+10 3
-10 21
+10 24
+8 6
+3 9
+2 6
+3 16
+7 2
+8 2
-7 4
+7 4
+14 6
cfn=(1176)
calls=2 +92 
* 280
+2 19
fi=(209)
153 6
fe=(208)
3732 1
+1 1
+21 2
-21 2
+21 1
cfn=(1176)
calls=1 +92 
* 143
+2 2
+81 8
-68 8
+15 2
+3 8
+9 3
-12 3
+12 6
+3 15
+8 3
+2 6
+2 6
+5 1
+2 1
-2 1
+3 2
-63 9
+3 7
+78 2
fi=(214) ./malloc/../string/bits/string_fortified.h
59 4
fe=(208)
3837 12
fi=(214)
59 2
cob=(4)
cfi=(178)
cfn=(2040)
calls=2 -59 
* 76
fe=(208)

fn=(1176)
3846 27852
1326 5064
+19 15058
3887 4796
1794 2398
3914 4796
+65 3436
-63 6872
+3 1718
+2 3436
+2 2464
-6 1232
+9 2464
+6 2464
+1 2464
+7 1232
-1 2464
+1 6160
+5 2464
3165 1232
3945 1232
+1 2464
3165 8204
-2 8204
+4 8204
-2 8204
3945 8204
3163 8204
+3 8204
+1 8204
3946 41293
+2 16408
+2 24612
+27 1360
+62 2300
+1 1191
+20 1267
-1 1267
-1 1267
+1 2534
+1 2534
-2 2528
+12 6335
-1 770
+4 770
+1 385
+2 770
-3 492
+1 246
+2 492
+1 1893
+2 631
+1 2524
+2 2524
-10 631
+12 1262
+1 1262
+2 1262
+11 2018
+29 320
+1 320
+4 640
+29 616
+8 550
+1 26
+1 26
-1 26
+4 52
-4 42
+1 42
-1 42
+4 84
+5 1
-2 1
+2 3
+1 2
3929 22060
-42 268
+27 268
+66 903
+2 903
-2 903
+2 1806
+2 33
+1 66
+6 33
-4 33
+1 33
+1 33
+2 66
+1 33
+6 132
-1 66
+1 66
+5 369
+1 194
+2 136
-52 147300
-40 402
1345 134
3919 268
+2 268
+9 1860
4041 44
cfn=(2588) malloc_consolidate
calls=22 4811 
* 30064
* 22
+93 52
+1 52
-1 52
+1 104
+1 52
-15 52
+19 104
+1 264
1985 3720
4487 30384
1985 33
4020 33
1985 66
3165 24612
+2 16408
4163 584
+1 876
+1 292
-1 292
+57 584
+9 292
-9 584
+9 292
-9 876
+1 292
+1 292
+1 292
+1 292
+6 584
-10 136
+9 68
-9 136
+9 68
-9 204
+1 68
+1 68
+1 68
+1 68
+6 136
+1 3
+1 6
+7 12
4070 1080
4246 236
+11 2997
+2 1170
+3 390
-3 390
+3 780
+1 1000
+71 2994
-4 998
+1 998
+1 998
-1 998
+1 998
+1 1996
+1 2994
+5 4286
+16 1102
+2 2204
-4 2758
+8 277
+3 554
+2 130
+1 130
+1 130
-2 520
-27 130
-99 1428
3163 44
+4 44
-4 44
+2 352
+1 88
+1 44
4070 92
+74 8
-45 674
+2 311
-1 622
+27 92
+1 92
+4 184
+29 135
+8 155
4008 68
+1 68
+1 136
+1 68
3159 68
4012 68
3167 68
-8 68
+4 68
4013 68
3163 68
+2 272
+1 68
+2 68
-2 68
+1 68
+1 68
4218 67
-48 67
+48 201
4343 2706
+3 3476
-3 2481
+3 1936
-3 1425
+3 1364
-3 682
4443 851
+1 1702
+2 1702
+3 2553
+17 396
4070 283
-91 1698
4169 98
+23 3
+1 2
+6 1
+7 1
-1 4
+2 2
+2 1
+1 3
+2 1
+1 2
-44 20
4343 51
+5 204
+1 102
+24 588
+3 294
+2 147
+3 294
-3 294
+3 147
cfn=(2340)
calls=147 1608 
* 3471
+3 588
+15 260
-5 130
+5 260
+1 260
+3 130
+1 130
+1 130
+3 260
+1 112
+1 260
+2 56
+3 224
+2 84
+1 28
1985 28
4421 28
1985 56
4415 816
+2 306
+1 102
1985 102
4421 102
1985 221
4421 17
1985 34
4387 17
-1 17
+1 34
+1 34
4070 40
3199 40
-21 40
+4 80
+17 1
-21 1
+4 2
+8 41
-4 164
+4 41
+1 82
4248 41
4105 219
-1 219
+3 219
-1 219
+1 438
+1 657
+1 438
+2 228
+4 114
+6 114
-6 114
+7 114
-7 684
+2 342
+5 114
-4 114
+4 114
cfn=(1184)
calls=114 1985 
* 456
-7 105
+6 105
-6 105
+7 105
-7 630
+2 315
+5 105
-4 105
+4 105
cfn=(1184)
calls=105 1985 
* 420
+1 219
2552 99
+12 99
-12 495
+12 99
+1 6
+3 8
+8 10
cfn=(2344)
calls=2 2400 
* 220
* 2
+1 4
4482 4
-22 2556
cfn=(1184)
calls=852 1985 
* 3408
+1 852
-9 1504
+2 1504
-1 752
+1 752
-3 752
+3 752
+2 752
-2 3008
+2 752
+3 1506
4266 1
+1 6
+6 2
+5 1
+1 2
-1 2
+1 1
cfn=(2340)
calls=1 1608 
* 33
+3 4
2553 97
+36 291
+1 97
-1 97
+1 97
+9 964
+6 288
+3 291
fi=(209)
55 288
fe=(208)
2616 96
fi=(209)
147 96
fe=(208)
2616 96
fi=(209)
147 96
fe=(208)
2616 96
fi=(209)
147 96
fe=(208)
2616 96
-1 96
+1 192
fi=(209)
479 96
+4 288
+1 96
+1 192
+3 288
+10 96
+1 96
fe=(208)
2619 192
+1 192
-1 192
+1 192
2921 291
+1 97
+4 97
+4 485
+5 97
-2 97
+5 97
-3 194
-3 97
+2 97
+1 97
+1 97
-1 291
+1 97
4482 97
fi=(209)
490 768
cfi=(305)
cfn=(2034)
calls=96 117 
* 576
* 576
+5 192
55 192
fe=(208)
2669 3
+8 2
+1 3
+13 1
+2 1
-2 2
+8 5
+8 2
+48 4
+40 3
+19 2
+3 2
+1 6
+2 1
+1 5
cfi=(211)
cfn=(1178)
calls=1 25 
* 33
+12 4
-12 1
+12 1
2008 4
3882 1
2873 1
+3 1
-1 1
+1 4
+12 1
-11 1
+11 2
2783 1
-1 2
2017 2
2745 1
+1 1
+6 3
-6 1
+6 3
-43 3
cfi=(211)
cfn=(1178)
calls=1 25 
* 64
+1 2
-1 1
+1 1
2008 1
2711 1
2008 3
2712 1
+3 2
+29 3
4285 1
-1 1
+1 2
+1 2
+90 3

fn=(1174)
3242 12
+9 16
+1 6
cfn=(1176)
calls=2 3846 
* 2400
+1 4
+8 8
+9 3
fi=(214)
59 6
fe=(208)
3270 3
fi=(214)
59 258
fe=(208)
3274 9
fi=(209)
824 2
cfn=(2118) get_free_list
calls=2 703 
* 58
* 2
+1 7
cfn=(2120) arena_get2.part.0
calls=1 -7 
* 1027
fe=(208)
3252 4
cfn=(1176)
calls=1 3846 
* 132
+1 2
+7 2
+8 2
-7 4

fn=(1608)
3359 229804
+4 459608
-4 689400
+14 229800
-14 689400
+12 229800
+4 229800
-4 229800
+4 459600
+17 689394
fi=(209)
153 689394
-98 229793
+92 1378758
+6 229793
fe=(208)
3398 689379
cfn=(1612) _int_free
calls=229793 4495 
* 12810758
* 15
cfn=(1612)
calls=5 4495 
* 365
+3 229798
+1 1378788
-23 6
+2 8
+2 2
+1 2
-1 2
+1 2
+1 2
+3 4
cfn=(2874) munmap_chunk
calls=2 3024 
* 72
+13 2
+1 16
3248 13
cfn=(1174)
calls=1 -6 
* 2195
3395 3

fn=(2874)
3024 2
+2 2
-1 2
+1 4
+2 2
-3 2
-1 2
+4 2
+3 4
+7 2
-8 2
+9 2
-8 2
+1 2
+6 6
+1 8
+3 2
+1 6
+6 2
-1 4
cfi=(305)
cfn=(2124)
calls=2 117 
* 12

fn=(1616)
4770 7128
+6 1296
+22 7128
-20 1272
+3 954
fi=(209)
55 318
fe=(208)
4792 318
fi=(209)
55 636
+92 318
fe=(208)
4794 636
+1 318
fi=(209)
545 318
fe=(208)
4795 318
fi=(209)
545 636
+27 318
55 636
585 318
+1 636
fe=(208)
4779 2
cfn=(2588)
calls=2 +32 
* 18279
* 2
fi=(209)
585 636
fe=(208)

fn=(1612)
4495 1609405
+4 689745
+6 919660
+1 459830
+4 1149575
+8 919660
-1 459592
+1 459592
+29 229718
-20 229718
-6 229718
+6 459436
+20 918872
1792 10749
4561 21498
+11 40404
+2 30303
1992 10101
4593 10101
1992 20202
4595 10101
+1 10101
+4 20202
+2 10101
-2 10101
+2 10101
+26 40080
+30 1379484
-21 1296
+3 1296
+3 1294
+15 1
-12 1
+12 4
-12 1
cfn=(1614)
calls=1 +19 
* 78
-49 10101
+22 10101
-22 20202
+22 30303
+2 40404
+1 20202
-6 20202
3163 219166
+4 219166
-4 219166
+2 876664
+1 219166
+1 219166
4550 219166
+94 2588
+2 1294
cfn=(1614)
calls=647 +19 
* 103629
+3 2588

fn=(2340)
1608 1255
+2 3765
-2 1255
+2 2510
+3 1255
+1 2510
+2 5020
-3 1255
+6 1255
+1 1255
+1 4487
+2 136
+1 204
+3 136
+14 68
+1 68
+3 2510

fn=(2588)
4811 24
+17 24
-17 120
+28 24
-28 72
+15 24
+2 24
+13 48
+1 48
-1 432
+1 432
+62 720
+1 192
-31 1312
+4 698
+2 349
+1 698
+1 698
+2 698
-4 307
+1 614
+1 614
+2 614
+1 156
+4 78
+2 78
-2 156
+3 78
+9 156
-12 578
+2 578
-2 1156
+3 578
+9 1795
-56 1326
+4 1989
+1 2652
+8 663
-3 1326
+3 663
-3 663
+4 663
-4 663
+5 663
-5 663
+5 1326
+2 1326
+1 200
+2 200
-1 200
+2 800
+2 1400
cfn=(2340)
calls=200 1608 
* 4350
* 1000
+3 1326
+25 7
+1 14
+1 14
-23 307
+1 921
+16 614
-16 307
cfn=(2340)
calls=307 1608 
* 6696
* 1228

fl=(243)
fn=(1648)
28 2
+2 10
+4 1
-4 4
+4 1

fl=(307)
fn=(2804)
112 4
+1 4
-1 8
+1 6
+4 2
-88 2
fi=(402) ./nptl/../include/list.h
+26 6
+1 2
fe=(307)
+67 2
-86 2
+86 2
-79 6
fi=(402)
-1 2
+1 4
-1 2
+2 2
+2 2
fe=(307)
+58 2
-1 2
-52 2
+52 4
+1 4
+24 8
+1 8

fn=(2044) __nptl_stack_list_add
43 2
+1 8
fi=(402)
-1 10
+2 2
+2 2
fe=(307)
+5 2
+1 2

fl=(216)
fn=(1356) dlsym_doit
37 42
+3 28
cfi=(219)
cfn=(1358)
calls=7 194 
* 5257
* 7
+1 21

fn=(1350)
64 42
+1 42
-13 7
+16 7
-20 7
+1 7
+3 7
-5 7
+5 7
cfi=(217)
cfn=(1352)
calls=7 +25 
* 308
+2 21
cfi=(218)
cfn=(1354)
calls=7 +59 
* 6300
* 21
+2 14
cfi=(222)
cfn=(1366)
calls=7 367 
* 238
+13 63

fl=(227)
fn=(1918)
1198 539
+7 77
-7 154
+6 308
+9 154
-2 308
+17 231
+1 138
+5 69
+2 138
+2 69
-4 69
+2 69
+2 69
-1 69
-1 69
cob=(4)
cfi=(178)
cfn=(1930)
calls=69 0 
* 1322
+2 69
-2 69
+4 138
+28 693
-68 8
+44 8
fi=(236)
1025 24
+1 16
fe=(227)
1244 24
cfn=(1920) _IO_file_overflow@@GLIBC_2.2.5
calls=8 732 
* 644
* 16
+6 16
+1 19
+2 3
+11 16
+1 4
cfi=(226)
cfn=(1924) _IO_default_xsputn
calls=1 371 
* 67
+2 3
-14 14
446 14
1251 7
444 7
-10 14
+7 28
fi=(236)
1025 14
+1 14
fe=(227)
449 35
cfn=(2728) _IO_file_write@@GLIBC_2.2.5
calls=7 1174 
* 665
+1 7
-1 7
+1 21
+2 7
+4 14
-3 14
-1 14
+4 14
-2 7
1257 14
-1 14
455 14

fn=(1494)
106 6
+5 1
-1 1
+3 1
cfi=(226)
cfn=(1496) _IO_link_in
calls=1 -26 
* 89
+1 1
+1 3

fn=(1620)
168 5
+1 1
-1 1
+1 1
+6 2
+1 3
-1 1
cfi=(226)
cfn=(1622) _IO_default_finish
calls=1 601 
* 20

fn=(1548) _IO_file_read
1131 2
+3 2
-1 2
+1 4
cfi=(237) ./io/../sysdeps/unix/sysv/linux/read.c
cfn=(1550) read
calls=2 25 
* 16

fn=(1602) _IO_file_close
1165 1
+3 2
cfi=(240)
cfn=(1604)
calls=1 25 
* 6

fn=(3152) _IO_file_setbuf@@GLIBC_2.2.5
382 6
+1 1
cfi=(226)
cfn=(3154) _IO_default_setbuf
calls=1 +69 
* 69
* 2
+3 1
+4 2
-2 3
+3 3

fn=(1502)
213 12
+9 2
+2 6
+23 6
357 12
-76 4
cfn=(1504) _IO_file_open
calls=1 -99 
* 95
* 1
+3 2
+3 3
cfi=(230)
cfn=(1508)
calls=1 77 
* 59
* 1
+1 2
-74 1
+13 1
+1 2
+19 6

fn=(1504)
182 2
+3 1
-3 10
+2 2
+4 1
cfi=(229)
cfn=(1506)
calls=1 30 
* 36
* 1
+1 2
+3 2
+3 1
-4 1
+1 3
+3 1
-3 1
+3 1
+10 2
cfi=(226)
cfn=(1496)
calls=1 87 
* 21
+1 1
+1 6

fn=(1598)
128 7
+2 3
+4 2
+3 1
-3 1
-1 2
+6 1
+3 1
-3 1
cfi=(226)
cfn=(1600) _IO_unsave_markers
calls=1 937 
* 14
+3 3
fi=(236)
1025 3
+1 2
fe=(227)
142 2
cfn=(1602)
calls=1 1165 
* 9
* 1
+3 3
+8 5
cfi=(226)
cfn=(1542)
calls=1 329 
* 188
+1 1
+3 1
-3 3
+3 1
cfi=(226)
cfn=(1594)
calls=1 53 
* 4
+5 1
-4 1
+1 1
+3 1
-2 1
+3 7

fn=(1532) _IO_file_underflow@@GLIBC_2.2.5
462 2
+4 6
-4 18
+7 4
+6 6
+3 4
+12 2
fi=(236)
1025 2
fe=(227)
506 4
cfi=(226)
cfn=(1546) _IO_switch_to_get_mode
calls=2 164 
* 52
+6 2
+5 2
-5 2
fi=(236)
1025 4
fe=(227)
512 2
fi=(236)
1025 2
fe=(227)
512 6
fi=(236)
1026 4
fe=(227)
517 8
cfn=(1548)
calls=2 1131 
* 26
+2 4
+16 1
-9 1
+9 2
+2 2
+1 16
-6 1
-10 7
-55 2
+14 3
+5 2
cfi=(226)
cfn=(1534) _IO_doallocbuf
calls=1 343 
* 293
+4 4

fn=(1538)
1147 2
+1 4
cfi=(235)
cfn=(1540)
calls=2 30 
* 12

fn=(2738)
793 91
+5 52
+1 3
+1 13
+1 26
+11 26
+4 65
-17 2
cfn=(1922) _IO_do_write@@GLIBC_2.2.5
calls=1 424 
* 156
* 2

fn=(2728)
1174 64
+2 32
-1 16
+6 8
cfi=(367)
cfn=(2730)
calls=8 25 
* 456
+1 16
+5 8
+1 8
-12 16
+4 24
+1 16
+10 24
+3 48
-4 24

fn=(1920)
732 64
+1 32
+7 36
+37 6
-2 12
-32 4
+12 4
+9 6
+5 6
+2 4
-5 2
+5 2
+1 2
-5 2
+1 2
+4 4
-7 2
+10 4
+13 8
-12 8
+1 8
+11 32
-12 8
cfn=(1922)
calls=8 424 
* 40
-4 4
+1 2
-28 4
cfi=(226)
cfn=(1534)
calls=2 343 
* 322
+1 2
+9 2
-9 10

fn=(1922)
424 9
+2 27
+1 8
-3 3
fi=(236)
1025 1
fe=(227)
424 8
+20 1
-10 2
+7 4
fi=(236)
1025 2
+1 2
fe=(227)
449 4
cfn=(2728)
calls=1 1174 
* 95
* 1
+1 3
+2 1
+4 2
-3 2
-1 2
+4 3
-30 2
+28 1
-28 2
+1 8
+28 3

fl=(238)
fn=(1554)
61 15
+7 15
+2 15
+3 15
+1 15
+2 15
+1 15
+1 15
+1 15
+3 15
+1 15
+3 15
+1 15
+2 1
+1 1
+11 14
+5 14
+7 14
+1 14
+1 14
+1 14
+45 1
+1 1
+1 1
+2 1
+10 1
+1 1
+3 1
+1 1
+77 1
+1 1
+3 1
+1 1
+4 1
+1 1
+3 1
+1 1
+1 1
+1 1
+1 1
+1 1
+1 1
+2 2

fl=(242)
fn=(1638)
120 5
+2 1

fl=(245)
fn=(1672)
28 1
+2 4
+12 1

fl=(300) ./nptl/./nptl/pthread_attr_copy.c
fn=(2024) __pthread_attr_copy
25 20
+4 4
-4 6
+4 4
+9 2
-9 6
+3 2
-3 2
+9 4
+23 4
+1 2
-1 12
+2 22

fl=(379)
fn=(2788)
29 10
+1 8
+9 6

fl=(251)
fn=(1708)
31 3
+2 3
+9 3
+1 6
+1 3
+4 3
+1 3
+1 3
+1 3
+1 3
+2 6
+2 3
+1 3
+1 3
+2 6
+2 3
+5 3
+1 3
+17 3
cfi=(252)
cfn=(1710)
calls=3 -57 
* 39

fl=(96) ./debug/../sysdeps/x86_64/multiarch/mempcpy_chk.c
fn=(322) __mempcpy_chk
29 1
fi=(97)
+28 3
-1 2
+4 3
+14 2
+3 2
+8 2
+8 2
+3 5
fe=(96)

fl=(204)
fn=(1104)
67 112
-26 32
+2 128
+1 32
cfn=(1106) __new_exitfn
calls=16 +36 
* 588
+2 32
+8 16
-2 16
+3 16
+1 16
-4 32
+1 16
+4 64
+1 16
+11 96

fn=(1106)
80 16
+6 32
-6 64
+11 32
-10 16
+10 64
+2 32
+1 75
-1 32
-2 1
+10 1
-10 3
+13 30
+25 15
+1 30
-1 30
+7 15
+5 45
-4 15
+4 30
-5 1
+5 3
-4 1
+4 2
-18 1
-1 1
+12 1

fl=(385)
fn=(2898)
30 14
+3 14
-3 56
+3 35
+3 28
+4 240
+1 176
+2 11
+2 11
+36 11
-5 11
-33 11
+35 33
+3 33
+1 33
cob=(8)
cfi=(189)
cfn=(3022) std::ios_base::Init::~Init()
calls=1 -82 
* 7590
cob=(8)
cfi=(189)
cfn=(3020) 0x00000000000b8da0
calls=1 -82 
* 8
cob=(8)
cfi=(189)
cfn=(3012) 0x00000000000b8d50
calls=1 -82 
* 829
cob=(8)
cfi=(189)
cfn=(3010) 0x00000000000e75a0
calls=1 -82 
* 2
cob=(8)
cfi=(189)
cfn=(3008) 0x00000000000e8920
calls=1 -82 
* 2
cob=(8)
cfi=(189)
cfn=(3006) 0x00000000000eca30
calls=1 -82 
* 2
cob=(8)
cfi=(189)
cfn=(3004) 0x00000000000eca40
calls=1 -82 
* 2
cob=(8)
cfi=(189)
cfn=(3002) 0x00000000001b4e80
calls=1 -82 
* 2
cob=(8)
cfi=(189)
cfn=(3000) 0x00000000001b4e90
calls=1 -82 
* 2
cob=(8)
cfi=(189)
cfn=(2998) 0x00000000001b4ea0
calls=1 -82 
* 2
cob=(8)
cfi=(189)
cfn=(2994) 0x00000000001d0060
calls=1 -82 
* 5
+1 44
+4 33
-47 34
-4 21
+57 28
+4 42
-4 21
+12 14
cfi=(386)
cfn=(2900)
calls=7 -23 
* 140
+1 28
+1 56

fl=(184)
fn=(618)
53 1
+1 1
+1 1
+2 1
+1 1
+4 1
+1 1
+1 1
+3 1
+2 1
+1 1
+1 1
+1 1
+3 1
+1 1
+2 1
+1 1
+1 1
+1 1
+1 1
+9 2

fl=(258)
fn=(1752)
215 2
+1 1
-1 1
+1 1
cfn=(1754) read_sysfs_file
calls=1 -77 
* 409
+1 2
+5 2

fn=(1754)
139 1
+9 1
-9 11
+9 1
cfi=(259)
cfn=(1756)
calls=1 28 
* 27
* 1
+3 2
+39 12
72 5
cfi=(260)
cfn=(1758)
calls=1 -47 
* 6
* 1
+1 2
+5 2
-2 1
+2 2
cob=(4)
cfi=(178)
cfn=(1552)
calls=1 -78 
* 21
+1 2
fi=(263) ./misc/../sysdeps/unix/sysv/linux/not-cancel.h
-4 2
cfi=(240)
cfn=(1604)
calls=1 -50 
* 6
+1 1
fe=(258)
+29 2
+45 3
+28 3
+3 3
-1 1
+1 2
+3 2
-26 4
cfi=(261)
cfn=(1760)
calls=1 -33 
* 123
+1 1
-1 1
+1 2
+7 2
+2 1
+1 4
cfi=(261)
cfn=(1760)
calls=1 -44 
* 139
+1 3
+7 3
-75 1
+1 2

fl=(266) ./stdlib/./stdlib/strtod_l.c
fn=(1786) ____strtod_l_internal
508 2
+45 1
-45 10
+53 3
+26 1
-24 2
+32 2
+1 2
cob=(4)
cfi=(178)
cfn=(844)
calls=1 0 
* 16
+1 2
-1 1
+1 1
+14 1
-4 1
-6 1
+10 2
-1 4
+1 2
+3 2
-12 1
+17 2
+13 6
+1 2
+8 3
+91 2
-43 2
+19 1
514 1
708 4
+67 9
+1 2
+12 2
+16 4
+42 2
+9 4
+1 3
+18 2
+6 1
+1 1
-1 2
+1 2
-1 1
+1 4
+99 2
+33 2
+10 6
+19 3
+1 1
+5 2
1770 11
779 4
+22 4
-26 2
1175 10
+2 1
-1 1
+1 2
+3 4
+12 2
+3 2
681 1
882 5
1081 2
-9 2
1198 13
cfn=(1788) str_to_mpn.isra.0
calls=1 365 
* 67
+6 1
+20 1
-26 1
+6 5
+44 1
+1 1
-1 1
+1 1
-1 1
+1 2
+4 2
+6 2
+32 2
+3 1
+4 2
-4 1
+4 2
-4 5
+2 1
+2 1
-2 2
+10 5
cfi=(267)
cfn=(1790)
calls=1 28 
* 16
+4 2
+15 7
cfn=(1792) round_and_return
calls=1 215 
* 84
* 1

fn=(1788)
365 10
+13 1
+1 6
-4 1
-1 2
+52 2
+1 4
-14 8
+13 4
+3 4
-47 4
+49 4
+7 3
+2 3
+2 1
+1 1
+15 9

fn=(1792)
215 16
fi=(268) ./stdlib/../sysdeps/generic/get-rounding-mode.h
94 1
+1 9
fe=(266)
218 2
355 3
+1 1
-1 2
+1 6
-1 1
cfi=(270)
cfn=(1798)
calls=1 29 
* 16
-42 2
-80 1
+83 1
-90 1
+90 1
+4 2
-1 7
fi=(269) ./stdlib/../include/rounding-mode.h
46 5
fe=(266)
350 2
fi=(269)
52 2
fe=(266)
355 3

fl=(111) ./wcsmbs/../sysdeps/x86_64/multiarch/wcscmp.c
fn=(358) wcscmp
30 1
fi=(105) ./wcsmbs/../sysdeps/x86_64/multiarch/ifunc-avx2.h
+10 3
-2 4
fe=(111)
-8 2
fi=(105)
+11 2
+1 3
+3 2
+4 3
+3 5
fe=(111)

fl=(297)
fn=(2092) start_thread
338 22
+7 4
+22 8
+3 2
cfi=(174)
cfn=(572)
calls=2 29 
* 34
+3 6
cfi=(301)
cfn=(2094)
calls=2 587 
* 1288
+4 2
fi=(324) ./nptl/../sysdeps/unix/sysv/linux/rseq-internal.h
32 4
+8 2
fe=(297)
388 10
+17 4
cfi=(250)
cfn=(1706)
calls=2 28 
* 76
* 2
+14 2
-14 2
+18 2
-4 2
+4 10
+3 4
+3 4
+2 2
fi=(312) ./nptl/../sysdeps/unix/sysv/linux/internal-signals.h
89 8
fe=(297)
431 2
fi=(312)
89 2
fe=(297)
433 2
+4 4
+11 2
+4 2
cfi=(372)
cfn=(2774)
calls=2 148 
* 26
+3 2
cfi=(373) ./nptl/./nptl/nptl_deallocate_tsd.c
cfn=(2776) __nptl_deallocate_tsd
calls=2 23 
* 12
+3 2
cfi=(374)
cfn=(2778)
calls=2 31 
* 19942
+3 6
+31 4
+2 4
fi=(308) ./nptl/../sysdeps/unix/sysv/linux/internal-sigset.h
102 2
fe=(297)
508 6
fi=(308)
102 4
fe=(297)
508 6
+7 10
+1 4
+1 8
+35 6
+1 6
fi=(301)
189 2
cfi=(302)
cfn=(2028)
calls=2 27 
* 12
* 2
+2 10
+1 4
+1 4
fe=(297)
556 2
fi=(195)
146 2
fe=(297)
556 4
+17 6
+5 6
cfi=(301)
cfn=(2094)
calls=2 +9 
* 96
* 2
447 6
cob=(8)
cfi=(189)
cfn=(2106) 0x00000000000ecda0
calls=2 0 
* 586081438
* 2
fi=(301)
194 8
cfi=(305)
cfn=(2798)
calls=2 -77 
* 12
* 2
fe=(297)

fn=(2018)
626 32
+6 4
+13 8
+2 6
cfi=(299) ./nptl/./nptl/pthread_getattr_default_np.c
cfn=(2022) pthread_getattr_default_np@@GLIBC_2.34
calls=2 24 
* 130
* 2
+1 4
+2 4
fi=(301)
219 2
cfi=(302)
cfn=(2028)
calls=2 27 
* 12
fi=(303) ./nptl/./nptl-stack.h
61 2
fi=(301)
219 4
fi=(303)
61 2
fi=(301)
219 2
fi=(303)
61 14
fi=(301)
223 2
fi=(303)
61 2
fi=(301)
223 4
+5 6
+10 4
+91 4
+4 4
-4 2
+4 2
+10 12
+4 4
fe=(297)
897 4
+1 4
cfi=(313)
cfn=(2060)
calls=2 26 
* 12
+3 26
fi=(301)
347 8
+5 6
+1 2
-2 4
66 8
329 2
74 2
329 4
-1 4
74 6
477 6
+29 10
+26 2
fe=(297)
755 2
fi=(301)
547 2
fe=(297)
674 2
fi=(301)
558 2
-11 2
+11 2
+5 2
-26 2
+21 2
-11 2
fe=(297)
677 2
+12 2
fi=(301)
558 2
fe=(297)
683 2
fi=(301)
542 2
+21 2
fe=(297)
+81 2
fi=(301)
-97 2
fe=(297)
689 2
-6 2
+1 2
+1 2
+4 2
-5 2
fi=(301)
545 2
fe=(297)
688 2
+2 6
+4 2
+1 2
+8 2
-8 6
+5 4
+3 2
-3 2
-11 2
+11 2
+3 4
+5 2
+1 2
-1 2
+1 2
+4 4
+5 4
fi=(403) ./nptl/../sysdeps/x86/nptl/tls-setup.h
22 4
fe=(297)
730 4
+21 4
+4 4
+2 2
+10 2
fi=(312)
81 10
fe=(297)
772 4
fi=(312)
81 4
fe=(297)
780 6
fi=(308)
34 2
fe=(297)
609 8
836 12
cfn=(2050) create_thread
calls=2 236 
* 259
fi=(312)
89 6
fe=(297)
836 2
fi=(312)
89 6
fe=(297)
843 4
+40 4
+10 4
83 2
-2 1
+2 1
fi=(404) ./nptl/../sysdeps/unix/sysv/linux/sigsetops.h
-29 1
fe=(297)
+27 1
+1 1
+1 1
cfi=(298) ./signal/../sysdeps/unix/sysv/linux/libc_sigaction.c
cfn=(2020) __libc_sigaction
calls=1 -40 
* 52
+7 2
fi=(404)
+14 1
fe=(297)
-14 1
fi=(404)
+14 1
fe=(297)
-14 3
638 1
-3 1
+3 2
791 4
fi=(308)
102 2
+1 2
fi=(301)
-4 8
366 22
cfi=(304)
cfn=(2032)
calls=2 47 
* 52
+3 6
-3 2
+3 2
+5 8
+6 4
+5 4
+1 2
+9 4
170 4
-4 6
+4 2
cfi=(305)
cfn=(2034)
calls=2 -53 
* 12
* 8
407 2
+1 2
+21 2
-18 2
-4 2
+9 4
+3 2
+7 2
-18 2
+3 2
+18 2
cob=(4)
cfi=(178)
cfn=(2036)
calls=2 0 
* 1310
* 8
fe=(297)
663 1
+89 1
cfi=(226)
cfn=(2046) _IO_enable_locks
calls=1 518 
* 22
* 2
fi=(301)
442 8
+3 14
cfi=(307)
cfn=(2044)
calls=2 43 
* 28
+2 12
+7 10
-88 4
fe=(297)

fn=(2050)
236 24
+4 10
+4 4
+3 4
+1 4
+42 2
-3 2
+10 2
-10 2
+10 4
-10 18
+10 2
cfi=(309)
cfn=(2052)
calls=2 97 
* 143
+1 4
+5 2
+6 4
+12 4
+11 2
+1 22

fl=(217)
fn=(1352)
77 11
+3 33
+2 11
+2 22
-7 44
+11 22
+2 3
-46 1
+1 4
+3 4
+46 3
+85 11
+3 11
+2 11
+3 11
-63 11
+66 33
-93 20
+11 40
+4 10
+3 20
-71 10
+1 61
+1 7
+84 30
+1 20
-83 12

fl=(281)
fn=(1850)
33 15
+2 15
-2 30
+4 45
+1 75
+9 30
+9 15
-9 15
+9 30
+4 2
+2 1
+45 2
-4 14
+4 14
-4 14
+4 14

fl=(298)
fn=(2020)
43 8
+5 2
+2 1
fi=(405) ./signal/../string/bits/string_fortified.h
-21 1
fe=(298)
+29 1
fi=(405)
-29 2
fe=(298)
+21 1
+3 1
fi=(405)
-24 3
fe=(298)
+24 1
fi=(405)
-24 3
fe=(298)
+24 2
fi=(405)
-24 1
fe=(298)
+29 1
-5 1
+5 3
fi=(405)
-29 6
fe=(298)
+29 6
+5 2
+8 6

fl=(372)
fn=(2774)
148 12
+1 3
-1 3
+1 9
+16 12

fl=(129) ./string/../sysdeps/x86_64/multiarch/strcpy.c
fn=(400) strcpy
29 1
fi=(122)
+9 2
+1 1
-1 2
+1 2
+3 2
+4 3
+3 3
fe=(129)
-20 1

fl=(231)
fn=(1512)
53 1
+2 1
+1 1
+1 1
+1 1
+1 1
+3 1
+1 1
+4 1
+1 1
+1 1
+1 1
+1 1
+1 1
+1 1
+1 1
+3 1
+8 1
+8 1
+1 2

fn=(1836)
53 52
+2 52
+1 52
+1 52
+1 52
+1 52
+3 52
+1 52
+4 52
+1 52
+1 52
+1 52
+1 52
+1 52
+1 52
+1 50
+13 50
+2 100
+25 2
+1 2
+6 2
+1 4
+35 2
+4 2
+1 2
+1 2
+1 2
+1 2
+1 2
+1 2
+2 2
+1 2
+1 2
+1 2
+1 2
+1 2
+1 2

fl=(90) ./string/../sysdeps/x86_64/multiarch/strcmp.c
fn=(308) strcmp
79 2
-31 4
+1 2
-2 8
+2 4
+3 4
+4 6
+3 6
+20 2

fl=(120) ./wcsmbs/../sysdeps/x86_64/multiarch/wcscpy.c
fn=(378) wcscpy
60 1
-17 2
-1 4
+2 3
+2 2
+4 3
+10 1

fl=(140) ./string/../sysdeps/x86_64/multiarch/strspn.c
fn=(440) strspn
29 1
fi=(395)
+7 5
fe=(140)
-7 1

fl=(375)
fn=(2780)
21 8
+1 2
-1 2
+1 2
+2 4
+15 8

fl=(388)
fn=(2944)
27 1
+2 4
+4 1

fl=(198)
fn=(826)
32 512
+5 256
-5 2048
+5 1536
+5 512
+4 384
fi=(406) ./wcsmbs/./wcsmbsload.h
+23 128
+1 384
fe=(198)
-23 128
+1 128
-1 128
+1 128
+4 512
+3 256
cfi=(199)
cfn=(828)
calls=128 -19 
* 640
* 512
+39 128
-39 256
+39 512
-39 128
cfi=(200)
cfn=(830)
calls=128 -6 
* 768
+39 1152

fl=(390)
fn=(3156)
27 2
+3 2

fl=(209)
fn=(2120)
818 10
+10 1
+4 1
-4 2
+2 3
+23 3
+12 9
-33 2
+23 7
463 1
638 2
463 2
+7 7
cfn=(2122) alloc_new_heap
calls=1 -90 
* 155
* 1
640 2
+9 3
fi=(208)
1946 2
+3 1
-3 1
+3 2
-3 2
+3 126
-3 126
+3 252
-3 252
+7 3
+2 1
+3 1
fe=(209)
657 1
-1 1
-5 1
+2 3
+5 2
+1 2
+2 1
-1 1
+1 3
+2 1
+1 1
+4 1
-4 1
+1 1
+3 1
-2 1
+2 2
+3 2
+7 1
-2 1
+2 3
+2 4
-61 2
+63 4
+12 4
857 2

fn=(2790)
893 18
fi=(208)
3213 2
+2 2
-2 2
+2 2
+2 4
+4 6
+4 2
+2 422
+3 234
+3 117
3371 117
+2 117
3233 351
3375 117
-4 117
+4 234
+26 117
3227 351
-2 384
+13 4
cfn=(1608)
calls=2 3359 
* 358
* 2
fe=(209)
899 4
+1 2
+2 4
+2 8
+3 6
+1 6
+2 2
+1 2
-1 2
+3 8
+2 16
fi=(208)
3392 234
fe=(209)
153 351
-98 116
+92 696
+6 116
fi=(208)
3398 232
cfn=(1612)
calls=116 4495 
* 14203
* 2
cfn=(1612)
calls=1 4495 
* 69
* 117
3231 117
+17 351
fe=(209)

fn=(1168)
262 1
fi=(210) ./malloc/../sysdeps/unix/sysv/linux/not-cancel.h
97 3
fe=(209)
262 7
+5 1
fi=(210)
97 3
fi=(208)
3143 2
fe=(209)
292 2
+4 3
fi=(208)
1946 4
+3 1
-3 1
+3 2
-3 2
+3 126
-3 126
+3 252
-3 252
+11 1
fe=(209)
300 3
fi=(208)
1958 1
+2 1
fe=(209)
300 1
cob=(4)
cfi=(178)
cfn=(580)
calls=1 0 
* 25
+1 4
cob=(4)
cfi=(178)
cfn=(580)
calls=1 0 
* 26
+1 4
cob=(4)
cfi=(178)
cfn=(580)
calls=1 0 
* 25
+1 4
cob=(4)
cfi=(178)
cfn=(580)
calls=1 0 
* 25
+1 4
cob=(4)
cfi=(178)
cfn=(580)
calls=1 0 
* 26
+1 4
cob=(4)
cfi=(178)
cfn=(580)
calls=1 0 
* 25
+1 4
cob=(4)
cfi=(178)
cfn=(580)
calls=1 0 
* 25
+2 4
cob=(4)
cfi=(178)
cfn=(580)
calls=1 0 
* 25
+1 4
cob=(4)
cfi=(178)
cfn=(580)
calls=1 0 
* 25
+1 4
cob=(4)
cfi=(178)
cfn=(580)
calls=1 0 
* 25
+3 4
cob=(4)
cfi=(178)
cfn=(580)
calls=1 0 
* 25
+1 4
cob=(4)
cfi=(178)
cfn=(580)
calls=1 0 
* 25
+2 2
+10 8

fn=(2122)
380 9
49 3
387 3
+2 2
+1 1
+5 2
+7 1
+2 1
-9 1
+9 1
-9 4
+7 2
+39 4
cfi=(305)
cfn=(2034)
calls=1 117 
* 6
* 2
+7 4
cfi=(323)
cfn=(2102)
calls=1 33 
* 21
fi=(208)
2008 4
fe=(209)
453 1
+2 1
-2 1
+3 1
+2 9
-44 7
cfi=(304)
cfn=(2032)
calls=1 47 
* 26
* 1
+1 2
+2 1
+1 5
+5 1
-3 3
+4 4
cfi=(305)
cfn=(2124)
calls=1 117 
* 6
* 1
49 1
+6 2
421 3
cfi=(305)
cfn=(2124)
calls=1 117 
* 6
* 2

fn=(2118)
703 12
+1 2
+2 2
-2 2
+2 2
+2 4
+1 1
+1 2
+2 1
+3 1
-3 1
+3 1
+1 1
-97 2
724 1
+1 4
+1 1
+5 7
-26 1
+26 7
-11 3

fl=(222)
fn=(1366)
367 11
51 33
+1 22
367 33
57 22
+8 11
-3 11
-23 11
+1 44
+1 7
+29 7
+2 7
369 14
70 4
+2 4
369 8
43 16
+31 20
+6 40
+4 30
+3 20

fl=(370)
fn=(2746)
24 4
+1 2
-1 1
+1 1
cfi=(371)
cfn=(2748)
calls=1 +38 
* 84
+1 2
+6 2

fl=(247)
fn=(1684)
242 13
+69 3
+1 3
cfi=(204)
cfn=(1104)
calls=1 67 
* 76
+25 6
+6 2
-3 2
+10 2
cob=(4)
cfi=(178)
cfn=(1700)
calls=1 0 
* 7
+2 2
+8 4
cfi=(249)
cfn=(1704)
calls=1 29 
* 277787
128 2
+6 3
+1 6
cob=(4)
cfi=(178)
cfn=(1686)
calls=1 0 
* 7
* 1
+3 1
+1 2
+3 2
+1 2
-1 1
+2 9
+1 4
cob=(10)
cfi=(248)
cfn=(1696)
calls=1 +4 
* 94
* 4
cob=(10)
cfi=(246)
cfn=(1690)
calls=1 0 
* 12
-1 7

fl=(131) ./string/../sysdeps/x86_64/multiarch/strlen.c
fn=(412) strlen
29 4
fi=(88)
+11 12
-2 16
fe=(131)
-9 8
fi=(88)
+12 8
+1 12
+3 8
+4 12
+3 20
fe=(131)

fl=(182) ./csu/./csu/init-first.c
fn=(612) _init_first
46 6
+5 2
+4 5
+8 1
-2 1
+10 1
-9 1
+1 1
+9 3
-1 1
cfi=(183) ./misc/./misc/init-misc.c
cfn=(614) __init_misc
calls=1 -41 
* 50

fl=(185) ./libio/./libio/vtables.c
fn=(620) check_stdfiles_vtables
545 1
+1 4
+1 3
+1 3
+2 1

fl=(311)
fn=(2056)
52 2
+2 2
+1 2
+1 2
+3 2
+1 2
+3 2
+2 2
+4 2
+3 2
+1 2
+1 2
+1 2
+1 2
+5 2
+2 4
+1 4
+1 4
+2 2
+8 2
+3 2
+1 2
+1 2
cfi=(297)
cfn=(2092)
calls=2 338 
* 586103184

fl=(98) ./debug/../sysdeps/x86_64/multiarch/memcpy_chk.c
fn=(326) __memcpy_chk
29 1
fi=(97)
+28 3
-1 2
+4 3
+14 2
+3 2
+8 2
+8 2
+3 5
fe=(98)

fl=(373)
fn=(2776)
23 2
+5 8
+82 2

fl=(237)
fn=(1550)
25 2
+1 12
+1 2

fl=(376)
fn=(2782)
131 14
+1 2
cfi=(377)
cfn=(2784)
calls=2 242 
* 44
+2 10
+8 12

fl=(364)
fn=(2714)
25 121
+3 8
+4 4
-4 4
+4 4
+1 4
-1 4
-4 4
+4 12
+1 4
cfi=(275)
cfn=(2716)
calls=4 1522 
* 9622
-8 9
+3 6
+4 3
-4 3
+4 3
+1 3
-1 3
-4 3
+4 9
+1 3
cfi=(275)
cfn=(2716)
calls=3 1522 
* 3004
+4 35

fl=(104) ./wcsmbs/../sysdeps/x86_64/multiarch/wcscat.c
fn=(342) wcschr
31 2
fi=(105)
+9 6
-2 8
fi=(106) ./wcsmbs/../sysdeps/x86_64/multiarch/wcschr.c
-7 4
fi=(105)
+10 4
+1 6
+3 4
+4 6
+3 10
fe=(104)

fn=(408) wcscat
31 1
fi=(101)
+9 3
-1 4
+2 3
+3 2
+4 4
fe=(104)
-17 1

fl=(112) ./string/../sysdeps/x86_64/multiarch/stpncpy.c
fn=(362) stpncpy
31 1
fi=(113)
+4 5
+1 3
+3 2
+4 3
+3 4
fe=(112)
-15 1

fl=(378)
fn=(2786)
24 10
+1 2
+1 4
cob=(4)
cfi=(178)
cfn=(1606)
calls=2 -26 
* 12
+1 2
+1 4
-1 2
cob=(4)
cfi=(178)
cfn=(1606)
calls=2 -27 
* 12

fl=(121) ./string/../sysdeps/x86_64/multiarch/strcat.c
fn=(380) strcat
29 1
fi=(122)
+9 2
+1 1
-1 2
+1 2
+3 2
+4 3
+3 3
fe=(121)
-20 1

fl=(183)
fn=(614)
30 1
+1 2
-1 4
+1 4
+2 3
cob=(4)
cfi=(178)
cfn=(616)
calls=1 -33 
* 24
+4 5
+1 3
+2 4

fl=(265)
fn=(1784)
81 1
+1 4
cfi=(266)
cfn=(1786)
calls=1 508 
* 419

fl=(284)
fn=(1856)
28 21
+1 21
+1 21
+1 21
+13 21
+1 21
+16 21
+1 21
+1 21
+1 21
+1 21
+1 21
+1 21
+5 21
+1 21
+1 21
+1 21
+1 21

fl=(294)
fn=(2000)
30 5
+8 10
+2 10
+28 10
+1 10
-25 10

fl=(299)
fn=(2022)
24 4
+1 4
-1 8
+1 4
+1 6
cfi=(300)
cfn=(2024)
calls=2 -1 
* 90
+1 8
+2 6

fl=(143) ./string/../sysdeps/x86_64/multiarch/strncase.c
fn=(450) strncasecmp
31 1
fi=(118)
+6 2
-1 4
fe=(143)
-5 2
fi=(118)
+7 3
+3 2
+4 3
+3 4
fe=(143)

fl=(226)
fn=(1528)
299 10
+1 2
-1 2
+1 4
+5 6
+3 2
173 2
308 4
+2 4
+6 4
+7 2
fi=(236)
1025 6
+1 4
fe=(226)
323 4
+1 6
-1 2
cfn=(1530) _IO_default_uflow
calls=2 +38 
* 540
-23 4
+21 6

fn=(1534)
343 3
+1 6
-1 21
+3 12
+1 2
fi=(236)
1025 6
+1 4
fe=(226)
347 4
cfi=(234)
cfn=(1536)
calls=2 78 
* 528
* 4
-10 1
-5 1
+1 1
+4 1
+13 18
-1 2
-19 1

fn=(1546)
164 12
+1 6
+3 6
+4 4
+1 4
+7 2
-4 2
+4 2
-2 4
+3 2
+1 8

fn=(1622)
601 6
+2 3
+6 3
+3 3
54 2
624 3

fn=(3148) _IO_flush_all
686 5
+5 1
-5 1
+5 1
-5 6
+5 4
cfi=(228)
cfn=(1498)
calls=1 24 
* 13
+1 12
+3 3
-8 1
fi=(236)
1025 2
fe=(226)
708 18
+1 3
-14 9
+2 3
+1 45
+2 21
+8 18
+5 3
+1 2
cfi=(228)
cfn=(1500)
calls=1 54 
* 9
+4 12
-5 6

fn=(2046)
518 1
+3 3
1044 1
523 1
+1 3
+1 1
1058 1
524 2
+1 2
1058 2
524 4
+2 1

fn=(1490)
563 11
+1 1
cfn=(1492) _IO_old_init
calls=1 -33 
* 25
+1 1
+1 2
+2 1
+4 1
+7 1
+2 1
-9 5
+15 1
+1 6

fn=(1594)
53 2
+1 4
+28 2
cfn=(1596) __GI__IO_un_link.part.0
calls=1 -30 
* 100

fn=(1596)
52 4
+6 1
-6 2
+6 1
-6 4
+6 4
cfi=(228)
cfn=(1498)
calls=1 -34 
* 13
+1 7
+2 1
-1 1
+1 10
+4 2
+9 2
+2 6
+3 2
cfi=(228)
cfn=(1500)
calls=1 -25 
* 9
+3 9
-19 1
-2 2
+2 2
+13 3
+2 1
-2 1
+1 1
+1 5
-12 3
-7 3

fn=(1600)
937 6
+2 2
+5 3
+2 3

fn=(1924)
371 11
+3 4
fi=(236)
1025 1
fe=(226)
373 2
+16 2
+8 1
+2 2
-20 4
+2 1
+1 2
+2 2
-9 1
+29 8
-11 6
-4 3
+6 6
-1 1
-1 3
+1 1
-1 2
+1 2
-1 2

fn=(3146)
842 6
-66 1
+66 6
+1 1
cfn=(3148)
calls=1 686 
* 198
-67 2
+67 1
-67 3
cfi=(228)
cfn=(1498)
calls=1 24 
* 13
+1 12
+3 3
fi=(236)
1025 1
fe=(226)
785 1
-1 1
+1 4
-1 2
+1 40
+7 3
-7 3
+7 6
+2 6
+2 4
+4 1
-2 1
+3 1
-3 1
+2 2
+5 1
fi=(236)
1025 2
+1 2
fe=(226)
805 4
cfi=(227)
cfn=(3152)
calls=1 382 
* 87
+2 3
+9 1
-2 1
+2 2
-2 2
+2 4
+1 3
-37 9
+41 3
+1 2
cfi=(228)
cfn=(1500)
calls=1 54 
* 9
+33 12
-78 3
+39 27
+5 6

fn=(3154)
452 8
fi=(236)
1025 1
fe=(226)
452 1
+1 1
-1 1
fi=(236)
1025 2
+1 2
fe=(226)
453 2
cfi=(227)
cfn=(2738)
calls=1 793 
* 21
* 2
+4 1
330 1
462 1
-7 2
332 1
466 1
337 1
-4 1
+4 1
467 1
-1 3
+2 6
-11 1
+1 2
-1 1
330 4

fn=(1530)
361 4
fi=(236)
1025 2
fe=(226)
361 6
+1 2
-1 2
fi=(236)
1025 4
+1 4
fe=(226)
362 4
cfi=(227)
cfn=(1532)
calls=2 462 
* 496
+1 4
+2 4
+1 8

fn=(1542)
329 33
+1 14
+5 6
-3 3
+3 6
-2 3
+2 6
+3 18
-7 1
cob=(4)
cfi=(178)
cfn=(1606)
calls=1 0 
* 154
+4 2

fn=(1492)
531 1
+3 1
-2 1
+2 1
+5 1
-7 1
+2 1
+10 1
-10 1
+16 1
-11 1
-5 1
+16 1
-16 1
+21 1
-16 5
+16 2
+1 2
+2 1

fn=(1496)
87 14
+1 10
+18 18
-16 1
+2 3
-2 1
+2 4
cfi=(228)
cfn=(1498)
calls=1 -68 
* 13
+1 7
+10 2
cfi=(228)
cfn=(1500)
calls=1 -49 
* 9
+3 1
-11 5
+2 1
-2 1
+3 1
-3 1
+2 1
+3 4
+2 1
-2 1
+1 1
+1 5
-9 2
+1 1
+1 2

fl=(114) ./wcsmbs/../sysdeps/x86_64/multiarch/wmemchr.c
fn=(366) wmemchr
31 2
fi=(115) ./wcsmbs/../sysdeps/x86_64/multiarch/ifunc-evex.h
+7 6
-1 8
+2 6
+6 4
-3 4
+9 6
+3 8
fe=(114)
-23 2

fl=(381)
fn=(2854)
48 34
+6 4
+12 4
+76 22
-71 2
+1 4
+69 2
-60 4
cfi=(366)
cfn=(2722)
calls=2 -50 
* 66
* 4
+2 2
+1 2
+4 4

ob=(5) /usr/libexec/valgrind/vgpreload_core-amd64-linux.so
fl=(181) ???
fn=(606) 0x0000000000001110
0 12

fn=(2926) 0x0000000000001060
0 5

fn=(2916) 0x00000000000010d0
0 9
cob=(4)
cfi=(178)
cfn=(2922)
calls=1 0 
0 134
0 1
cfn=(2926)
calls=1 0 
0 5
0 3

ob=(8)
fl=(189)
fn=(868)
0 109

fn=(1078)
0 384

fn=(1250) 0x00000000000b77b0
0 34

fn=(1294) 0x00000000000b78f0
0 50

fn=(1960)
0 285
cfn=(1962) 0x0000000000142070
calls=15 0 
0 450
0 337
cfn=(1968) 0x0000000000146900
calls=2 0 
0 54
0 104
cfn=(1968)
calls=13 0 
0 351
0 420
cfn=(1910) __gnu_cxx::stdio_sync_filebuf<char, std::char_traits<char> >::xsputn(char const*, long)
calls=15 0 
0 2253
0 240

fn=(2206)
0 24

fn=(2230)
0 459592
cob=(4)
cfi=(178)
cfn=(2232)
calls=229796 0 
0 23155316

fn=(2236)
0 459592
cob=(4)
cfi=(178)
cfn=(2238)
calls=229796 0 
0 22235472

fn=(680) 0x00000000000e98b0
0 12
cob=(4)
cfi=(178)
cfn=(690)
calls=1 0 
0 74619
0 9
cob=(4)
cfi=(178)
cfn=(1042)
calls=1 0 
0 787
0 391
cob=(4)
cfi=(178)
cfn=(714)
calls=24 0 
0 272
0 121

fn=(2434)
0 1028737
cob=(4)
cfi=(178)
cfn=(2436)
calls=16029 0 
0 675108
0 128232

fn=(2664)
0 48

fn=(2816)
0 153
cob=(4)
cfi=(178)
cfn=(1904)
calls=9 0 
0 216
0 189
cfn=(2818) std::num_put<char, std::ostreambuf_iterator<char, std::char_traits<char> > >::do_put(std::ostreambuf_iterator<char, std::char_traits<char> >, std::ios_base&, char, double) const
calls=9 0 
0 24502
0 180

fn=(2830)
0 207

fn=(2832) 0x000000000010d1d0
0 252
cob=(4)
cfi=(178)
cfn=(810)
calls=9 0 
0 216
0 108
cob=(4)
cfi=(178)
cfn=(2838)
calls=9 0 
0 16606
0 27
cob=(4)
cfi=(178)
cfn=(810)
calls=9 0 
0 216
0 99

fn=(2986) 0x00000000000b7aa0
0 9
cob=(4)
cfi=(178)
cfn=(2992)
calls=1 0 
0 8834
0 1
cfn=(3072) 0x00000000000b7a30
calls=1 0 
0 5
0 3

fn=(2994)
0 5

fn=(3000)
0 2

fn=(3012)
0 4
cob=(4)
cfi=(178)
cfn=(3014)
calls=1 0 
0 825

fn=(862)
0 353

fn=(874)
0 109

fn=(894) 0x00000000000ed260
0 25
cob=(4)
cfi=(178)
cfn=(896)
calls=1 0 
0 1397
0 8
cob=(4)
cfi=(178)
cfn=(750)
calls=1 0 
0 17
0 7
cob=(4)
cfi=(178)
cfn=(708)
calls=1 0 
0 25
0 7
cob=(4)
cfi=(178)
cfn=(750)
calls=1 0 
0 17
0 13
cob=(4)
cfi=(178)
cfn=(914)
calls=1 0 
0 1166
0 7
cob=(4)
cfi=(178)
cfn=(750)
calls=1 0 
0 17
0 13
cob=(4)
cfi=(178)
cfn=(926)
calls=1 0 
0 1183
0 7
cob=(4)
cfi=(178)
cfn=(750)
calls=1 0 
0 17
0 12
cob=(4)
cfi=(178)
cfn=(750)
calls=1 0 
0 17
0 12
cob=(4)
cfi=(178)
cfn=(750)
calls=1 0 
0 17
0 12
cob=(4)
cfi=(178)
cfn=(750)
calls=1 0 
0 17
0 6
cob=(4)
cfi=(178)
cfn=(950)
calls=1 0 
0 814
0 7
cob=(4)
cfi=(178)
cfn=(750)
calls=1 0 
0 17
0 16
cob=(4)
cfi=(178)
cfn=(962)
calls=1 0 
0 1341
0 7
cob=(4)
cfi=(178)
cfn=(750)
calls=1 0 
0 17
0 7
cob=(4)
cfi=(178)
cfn=(708)
calls=1 0 
0 25
0 7
cob=(4)
cfi=(178)
cfn=(750)
calls=1 0 
0 17
0 13
cob=(4)
cfi=(178)
cfn=(980)
calls=1 0 
0 1193
0 7
cob=(4)
cfi=(178)
cfn=(750)
calls=1 0 
0 17
0 13
cob=(4)
cfi=(178)
cfn=(992)
calls=1 0 
0 1169
0 7
cob=(4)
cfi=(178)
cfn=(750)
calls=1 0 
0 17
0 12
cob=(4)
cfi=(178)
cfn=(750)
calls=1 0 
0 17
0 12
cob=(4)
cfi=(178)
cfn=(750)
calls=1 0 
0 17
0 12
cob=(4)
cfi=(178)
cfn=(750)
calls=1 0 
0 17
0 6
cob=(4)
cfi=(178)
cfn=(1016)
calls=1 0 
0 814
0 6
cob=(4)
cfi=(178)
cfn=(750)
calls=1 0 
0 17
0 4
cob=(4)
cfi=(178)
cfn=(750)
calls=1 0 
0 8
0 4
cob=(4)
cfi=(178)
cfn=(750)
calls=1 0 
0 8
0 5
cob=(4)
cfi=(178)
cfn=(750)
calls=1 0 
0 8
0 5
cob=(4)
cfi=(178)
cfn=(750)
calls=1 0 
0 8
0 4
cob=(4)
cfi=(178)
cfn=(750)
calls=1 0 
0 8
0 5
cob=(4)
cfi=(178)
cfn=(750)
calls=1 0 
0 8
0 10

fn=(1130) 0x00000000000b71c0
0 4
cob=(4)
cfi=(178)
cfn=(1132)
calls=1 0 
0 793
0 4

fn=(1136)
0 3

fn=(1228) 0x00000000000b76e0
0 10
cob=(4)
cfi=(178)
cfn=(1100)
calls=1 0 
0 78
0 7
cob=(4)
cfi=(178)
cfn=(1100)
calls=1 0 
0 78

fn=(1232) 0x00000000000b7730
0 34

fn=(1320) 0x00000000000b79b0
0 10
cob=(4)
cfi=(178)
cfn=(1100)
calls=1 0 
0 78
0 4
cob=(4)
cfi=(178)
cfn=(1100)
calls=1 0 
0 78
0 7
cob=(4)
cfi=(178)
cfn=(1100)
calls=1 0 
0 78

fn=(1962)
0 225
cob=(4)
cfi=(178)
cfn=(750)
calls=25 0 
0 200
0 325

fn=(694)
0 142
cob=(4)
cfi=(178)
cfn=(696)
calls=1 0 
0 865
0 7
cob=(4)
cfi=(178)
cfn=(702)
calls=1 0 
0 4877
0 4
cob=(4)
cfi=(178)
cfn=(744)
calls=1 0 
0 2152
0 4
cob=(4)
cfi=(178)
cfn=(756)
calls=1 0 
0 876
0 4
cob=(4)
cfi=(178)
cfn=(744)
calls=1 0 
0 400
0 24
cob=(4)
cfi=(178)
cfn=(762)
calls=1 0 
0 1469
0 4
cob=(4)
cfi=(178)
cfn=(744)
calls=1 0 
0 400
0 8
cob=(4)
cfi=(178)
cfn=(744)
calls=1 0 
0 400
0 8
cob=(4)
cfi=(178)
cfn=(744)
calls=1 0 
0 400
0 5
cob=(4)
cfi=(178)
cfn=(708)
calls=1 0 
0 25
0 5
cob=(4)
cfi=(178)
cfn=(744)
calls=1 0 
0 400
0 29
cob=(4)
cfi=(178)
cfn=(768)
calls=1 0 
0 1230
0 4
cob=(4)
cfi=(178)
cfn=(744)
calls=1 0 
0 400
0 29
cob=(4)
cfi=(178)
cfn=(774)
calls=1 0 
0 1231
0 4
cob=(4)
cfi=(178)
cfn=(744)
calls=1 0 
0 400
0 8
cob=(4)
cfi=(178)
cfn=(744)
calls=1 0 
0 400
0 8
cob=(4)
cfi=(178)
cfn=(744)
calls=1 0 
0 400
0 35
cob=(4)
cfi=(178)
cfn=(780)
calls=1 0 
0 2125
0 4
cob=(4)
cfi=(178)
cfn=(744)
calls=1 0 
0 400
0 8
cob=(4)
cfi=(178)
cfn=(744)
calls=1 0 
0 400
0 8
cob=(4)
cfi=(178)
cfn=(744)
calls=1 0 
0 400
0 4
cob=(4)
cfi=(178)
cfn=(792)
calls=1 0 
0 890
0 4
cob=(4)
cfi=(178)
cfn=(744)
calls=1 0 
0 400
0 4
cob=(4)
cfi=(178)
cfn=(798)
calls=1 0 
0 27401
0 4
cob=(4)
cfi=(178)
cfn=(744)
calls=1 0 
0 400
0 4
cob=(4)
cfi=(178)
cfn=(852)
calls=1 0 
0 876
0 4
cob=(4)
cfi=(178)
cfn=(744)
calls=1 0 
0 400
0 23
cob=(4)
cfi=(178)
cfn=(858)
calls=1 0 
0 1381
0 4
cob=(4)
cfi=(178)
cfn=(744)
calls=1 0 
0 400
0 8
cob=(4)
cfi=(178)
cfn=(744)
calls=1 0 
0 400
0 8
cob=(4)
cfi=(178)
cfn=(744)
calls=1 0 
0 400
0 5
cob=(4)
cfi=(178)
cfn=(708)
calls=1 0 
0 25
0 18
cob=(4)
cfi=(178)
cfn=(744)
calls=1 0 
0 400
0 28
cob=(4)
cfi=(178)
cfn=(864)
calls=1 0 
0 1241
0 4
cob=(4)
cfi=(178)
cfn=(744)
calls=1 0 
0 400
0 27
cob=(4)
cfi=(178)
cfn=(870)
calls=1 0 
0 1209
0 4
cob=(4)
cfi=(178)
cfn=(744)
calls=1 0 
0 400
0 8
cob=(4)
cfi=(178)
cfn=(744)
calls=1 0 
0 400
0 8
cob=(4)
cfi=(178)
cfn=(744)
calls=1 0 
0 400
0 35
cob=(4)
cfi=(178)
cfn=(876)
calls=1 0 
0 2266
0 4
cob=(4)
cfi=(178)
cfn=(744)
calls=1 0 
0 400
0 8
cob=(4)
cfi=(178)
cfn=(744)
calls=1 0 
0 400
0 8
cob=(4)
cfi=(178)
cfn=(744)
calls=1 0 
0 400
0 4
cob=(4)
cfi=(178)
cfn=(888)
calls=1 0 
0 846
0 4
cob=(4)
cfi=(178)
cfn=(744)
calls=1 0 
0 400
0 8
cob=(4)
cfi=(178)
cfn=(744)
calls=1 0 
0 400
0 8
cob=(4)
cfi=(178)
cfn=(744)
calls=1 0 
0 400
0 8
cob=(4)
cfi=(178)
cfn=(744)
calls=1 0 
0 400
0 8
cob=(4)
cfi=(178)
cfn=(744)
calls=1 0 
0 400
0 9
cfn=(894)
calls=1 0 
0 9745
0 3
cob=(4)
cfi=(178)
cfn=(750)
calls=1 0 
0 8
0 5
cob=(4)
cfi=(178)
cfn=(750)
calls=1 0 
0 8
0 4
cob=(4)
cfi=(178)
cfn=(750)
calls=1 0 
0 8
0 5
cob=(4)
cfi=(178)
cfn=(750)
calls=1 0 
0 8
0 5
cob=(4)
cfi=(178)
cfn=(750)
calls=1 0 
0 8
0 4
cob=(4)
cfi=(178)
cfn=(750)
calls=1 0 
0 8
0 5
cob=(4)
cfi=(178)
cfn=(750)
calls=1 0 
0 8
0 4
cob=(4)
cfi=(178)
cfn=(750)
calls=1 0 
0 8
0 13

fn=(2350)
0 27

fn=(3022)
0 13
cob=(4)
cfi=(178)
cfn=(3024)
calls=1 0 
0 1869
0 2
cob=(4)
cfi=(178)
cfn=(3024)
calls=1 0 
0 2947
0 2
cob=(4)
cfi=(178)
cfn=(3024)
calls=1 0 
0 144
0 2
cob=(4)
cfi=(178)
cfn=(3056)
calls=1 0 
0 2042
0 2
cob=(4)
cfi=(178)
cfn=(3056)
calls=1 0 
0 419
0 2
cob=(4)
cfi=(178)
cfn=(3056)
calls=1 0 
0 144
0 2

fn=(836)
0 88
cob=(4)
cfi=(178)
cfn=(838)
calls=1 0 
0 505
0 24
cob=(4)
cfi=(178)
cfn=(838)
calls=1 0 
0 395
0 3
cob=(4)
cfi=(178)
cfn=(838)
calls=1 0 
0 560
0 9
cob=(4)
cfi=(178)
cfn=(838)
calls=1 0 
0 205
0 3
cob=(4)
cfi=(178)
cfn=(838)
calls=1 0 
0 150
0 3
cob=(4)
cfi=(178)
cfn=(838)
calls=1 0 
0 933
0 3
cob=(4)
cfi=(178)
cfn=(838)
calls=1 0 
0 260
0 7
cob=(4)
cfi=(178)
cfn=(838)
calls=1 0 
0 340
0 3
cob=(4)
cfi=(178)
cfn=(838)
calls=1 0 
0 195
0 3
cob=(4)
cfi=(178)
cfn=(838)
calls=1 0 
0 615

fn=(1114) 0x00000000000b7120
0 10
cob=(4)
cfi=(178)
cfn=(1116)
calls=1 0 
0 799
0 7
cob=(4)
cfi=(178)
cfn=(1100)
calls=1 0 
0 78
0 3
cob=(4)
cfi=(178)
cfn=(1116)
calls=1 0 
0 7
0 9
cob=(4)
cfi=(178)
cfn=(1100)
calls=1 0 
0 78

fn=(1774)
0 82
cob=(4)
cfi=(178)
cfn=(1776)
calls=2 0 
0 1133
0 32

fn=(1902)
0 855
cob=(4)
cfi=(178)
cfn=(1904)
calls=45 0 
0 1837
0 1485
cfn=(1910)
calls=45 0 
0 7953
0 225

fn=(1980)
0 17
cob=(4)
cfi=(178)
cfn=(1904)
calls=1 0 
0 24
0 21
cfn=(1982) std::num_put<char, std::ostreambuf_iterator<char, std::char_traits<char> > >::do_put(std::ostreambuf_iterator<char, std::char_traits<char> >, std::ios_base&, char, unsigned long) const
calls=1 0 
0 1552
0 20

fn=(2074)
0 22
cob=(4)
cfi=(178)
cfn=(2076)
calls=2 0 
0 1257
0 12

fn=(672)
0 40
cob=(4)
cfi=(178)
cfn=(674)
calls=1 0 
0 76181
0 16
cob=(4)
cfi=(178)
cfn=(674)
calls=1 0 
0 32
0 14
cob=(4)
cfi=(178)
cfn=(674)
calls=1 0 
0 32
0 7
cob=(4)
cfi=(178)
cfn=(1050)
calls=1 0 
0 820
0 11
cob=(4)
cfi=(178)
cfn=(1056)
calls=1 0 
0 4557
0 4
cob=(4)
cfi=(178)
cfn=(1050)
calls=1 0 
0 94
0 15
cob=(4)
cfi=(178)
cfn=(1056)
calls=1 0 
0 185
0 4
cob=(4)
cfi=(178)
cfn=(1050)
calls=1 0 
0 94
0 11
cob=(4)
cfi=(178)
cfn=(1056)
calls=1 0 
0 185
0 4
cob=(4)
cfi=(178)
cfn=(1050)
calls=1 0 
0 94
0 11
cob=(4)
cfi=(178)
cfn=(1056)
calls=1 0 
0 185
0 23
cob=(4)
cfi=(178)
cfn=(674)
calls=1 0 
0 32
0 16
cob=(4)
cfi=(178)
cfn=(674)
calls=1 0 
0 32
0 14
cob=(4)
cfi=(178)
cfn=(674)
calls=1 0 
0 32
0 7
cob=(4)
cfi=(178)
cfn=(1050)
calls=1 0 
0 94
0 11
cob=(4)
cfi=(178)
cfn=(1086)
calls=1 0 
0 2251
0 4
cob=(4)
cfi=(178)
cfn=(1050)
calls=1 0 
0 94
0 15
cob=(4)
cfi=(178)
cfn=(1086)
calls=1 0 
0 185
0 4
cob=(4)
cfi=(178)
cfn=(1050)
calls=1 0 
0 94
0 11
cob=(4)
cfi=(178)
cfn=(1086)
calls=1 0 
0 185
0 4
cob=(4)
cfi=(178)
cfn=(1050)
calls=1 0 
0 94
0 11
cob=(4)
cfi=(178)
cfn=(1086)
calls=1 0 
0 185
0 15

fn=(678)
0 460
cfn=(680)
calls=46 0 
0 76211
0 552

fn=(2658)
0 78
cob=(4)
cfi=(178)
cfn=(2660)
calls=6 0 
0 868
0 84

fn=(3010)
0 2

fn=(3042)
0 8
cob=(4)
cfi=(178)
cfn=(3044)
calls=2 0 
0 1800
0 10

fn=(772)
0 114

fn=(1060)
0 128
cob=(4)
cfi=(178)
cfn=(1062)
calls=16 0 
0 4050
0 48
cob=(4)
cfi=(178)
cfn=(1080)
calls=16 0 
0 1961
0 208

fn=(1128) 0x00000000000b71b0
0 3

fn=(1196) 0x00000000000b7400
0 78

fn=(1326) 0x00000000000b7a10
0 5
cob=(4)
cfi=(178)
cfn=(1100)
calls=1 0 
0 78

fn=(1942)
0 255
cob=(4)
cfi=(178)
cfn=(1904)
calls=15 0 
0 360
0 304
cfn=(1954) std::num_put<char, std::ostreambuf_iterator<char, std::char_traits<char> > >::do_put(std::ostreambuf_iterator<char, std::char_traits<char> >, std::ios_base&, char, long) const
calls=14 0 
0 4268
0 10
cfn=(1954)
calls=1 0 
0 1534
0 315
cob=(4)
cfi=(178)
cfn=(1944)
calls=1 0 
0 2502
0 7

fn=(1948)
0 741
cob=(4)
cfi=(178)
cfn=(1950)
calls=1 0 
0 898
0 13

fn=(1954)
0 45
cob=(4)
cfi=(178)
cfn=(1956)
calls=15 0 
0 5757

fn=(1982)
0 3
cob=(4)
cfi=(178)
cfn=(1984)
calls=1 0 
0 1549

fn=(2006)
0 2527756
cob=(4)
cfi=(178)
cfn=(1160)
calls=229796 0 
0 11448288
0 1148980

fn=(2106)
0 16
cob=(10)
cfi=(296)
cfn=(2704)
calls=1 244 
0 5513
cob=(10)
cfi=(296)
cfn=(2108)
calls=1 244 
0 586073442
0 6
cob=(10)
cfi=(296)
cfn=(2800)
calls=1 234 
0 2313
cob=(10)
cfi=(296)
cfn=(2766)
calls=1 234 
0 138
0 10

fn=(724)
0 7
cob=(4)
cfi=(178)
cfn=(728)
calls=1 0 
0 1938

fn=(2668)
0 24
cob=(4)
cfi=(178)
cfn=(2670)
calls=6 0 
0 946
0 12

fn=(3006)
0 2

fn=(3066)
0 48
cob=(4)
cfi=(178)
cfn=(3057)
calls=1 0 
0 144
0 27

fn=(3067)
0 22

fn=(754)
0 1404

fn=(856)
0 14
cob=(4)
cfi=(178)
cfn=(708)
calls=1 0 
0 25
0 5

fn=(1108) 0x00000000000b7ae0
0 12

fn=(1140) 0x00000000000b71e0
0 23
cob=(4)
cfi=(178)
cfn=(1142)
calls=1 0 
0 2446
0 27
cob=(4)
cfi=(178)
cfn=(1160)
calls=1 0 
0 2762
0 8

fn=(1742)
0 4

fn=(1810)
0 42

fn=(1968)
0 446

fn=(1988)
0 19
cfn=(1962)
calls=1 0 
0 30
0 27
cfn=(1968)
calls=1 0 
0 41
0 24
cfn=(1910)
calls=1 0 
0 149
0 16

fn=(2674)
0 42
cob=(4)
cfi=(178)
cfn=(2660)
calls=6 0 
0 36
0 36

fn=(3002)
0 2

fn=(658) 0x00000000000b74f0
0 8
cob=(4)
cfi=(178)
cfn=(660)
calls=1 0 
0 86777
0 7
cob=(4)
cfi=(178)
cfn=(1100)
calls=1 0 
0 1103

fn=(748)
0 480
cob=(4)
cfi=(178)
cfn=(750)
calls=32 0 
0 1306
0 11712

fn=(790)
0 13
cob=(4)
cfi=(178)
cfn=(708)
calls=1 0 
0 25
0 119

fn=(796)
0 14
cob=(4)
cfi=(178)
cfn=(708)
calls=1 0 
0 25
0 2
cob=(4)
cfi=(178)
cfn=(696)
calls=1 0 
0 5
0 5

fn=(808)
0 11
cob=(4)
cfi=(178)
cfn=(810)
calls=1 0 
0 886
0 770
cob=(4)
cfi=(178)
cfn=(816)
calls=128 0 
0 4406
0 262
cob=(4)
cfi=(178)
cfn=(822)
calls=1 0 
0 855
0 510
cob=(4)
cfi=(178)
cfn=(822)
calls=255 0 
0 11618
0 1086
cob=(4)
cfi=(178)
cfn=(832)
calls=8 0 
0 3445
0 72
cob=(4)
cfi=(178)
cfn=(832)
calls=4 0 
0 1745
0 23
cob=(4)
cfi=(178)
cfn=(810)
calls=1 0 
0 24
0 2

fn=(880)
0 16
cob=(4)
cfi=(178)
cfn=(696)
calls=1 0 
0 5
0 4
cob=(4)
cfi=(178)
cfn=(882)
calls=1 0 
0 1302
0 4

fn=(892)
0 14
cob=(4)
cfi=(178)
cfn=(708)
calls=1 0 
0 25
0 2
cob=(4)
cfi=(178)
cfn=(696)
calls=1 0 
0 5
0 5

fn=(930)
0 115

fn=(984)
0 109

fn=(1066)
0 300
cob=(4)
cfi=(178)
cfn=(674)
calls=20 0 
0 808
0 60
cob=(4)
cfi=(178)
cfn=(1068)
calls=20 0 
0 1242
0 40
cob=(4)
cfi=(178)
cfn=(1074)
calls=20 0 
0 1034
0 160

fn=(1120)
0 10

fn=(1222) 0x00000000000b7530
0 48

fn=(1726)
0 50

fn=(1746)
0 4
cob=(4)
cfi=(178)
cfn=(1748)
calls=1 0 
0 1265
0 5

fn=(1878)
0 8
cob=(4)
cfi=(178)
cfn=(1880)
calls=1 0 
0 1301

fn=(712)
0 184
cob=(4)
cfi=(178)
cfn=(714)
calls=23 0 
0 3289
0 161

fn=(732)
0 8
cob=(4)
cfi=(178)
cfn=(734)
calls=1 0 
0 904
0 6

fn=(2690)
0 96

fn=(2696)
0 108

fn=(2818)
0 36
cob=(4)
cfi=(178)
cfn=(2820)
calls=9 0 
0 24466

fn=(2824)
0 180
cfn=(1962)
calls=9 0 
0 270
0 99
cob=(4)
cfi=(178)
cfn=(2826)
calls=9 0 
0 1209
0 117
cob=(4)
cfi=(178)
cfn=(708)
calls=9 0 
0 225
0 99
cfn=(2832)
calls=9 0 
0 17524
0 45
cob=(4)
cfi=(178)
cfn=(750)
calls=9 0 
0 72
0 297
cob=(4)
cfi=(178)
cfn=(2850)
calls=9 0 
0 1067
0 234
cfn=(1910)
calls=9 0 
0 1350
0 216
cob=(4)
cfi=(178)
cfn=(1776)
calls=9 0 
0 153
0 36

fn=(2998)
0 2

fn=(3018)
0 4

fn=(3048)
0 10
cob=(4)
cfi=(178)
cfn=(3050)
calls=2 0 
0 1036
0 6

fn=(3060)
0 51
cob=(4)
cfi=(178)
cfn=(3062)
calls=3 0 
0 1196
0 21
cfn=(3068) __gnu_cxx::stdio_sync_filebuf<wchar_t, std::char_traits<wchar_t> >::sync()
calls=3 0 
0 231
0 52
cob=(4)
cfi=(178)
cfn=(3038)
calls=1 0 
0 35
0 7
cfn=(3068)
calls=1 0 
0 77
0 2

fn=(3061)
0 17
cob=(4)
cfi=(178)
cfn=(3063)
calls=1 0 
0 24
0 7
cfn=(3068)
calls=1 0 
0 77
0 17

fn=(3068)
0 15
cob=(4)
cfi=(178)
cfn=(3032)
calls=5 0 
0 370

fn=(760)
0 14
cob=(4)
cfi=(178)
cfn=(708)
calls=1 0 
0 25
0 5

fn=(778)
0 115

fn=(954)
0 14
cob=(4)
cfi=(178)
cfn=(708)
calls=1 0 
0 25
0 2
cob=(4)
cfi=(178)
cfn=(696)
calls=1 0 
0 5
0 5

fn=(1054)
0 840
cob=(4)
cfi=(178)
cfn=(674)
calls=14 0 
0 612

fn=(1226) 0x00000000000b76c0
0 5
cob=(4)
cfi=(178)
cfn=(1100)
calls=1 0 
0 78

fn=(1910)
0 420
cob=(4)
cfi=(178)
cfn=(1912)
calls=70 0 
0 11285

fn=(2066)
0 27
cob=(4)
cfi=(178)
cfn=(1996)
calls=3 0 
0 39
0 21

fn=(2200)
0 102
cob=(4)
cfi=(178)
cfn=(674)
calls=6 0 
0 276
0 60
cob=(4)
cfi=(178)
cfn=(2202)
calls=6 0 
0 944
0 90
cob=(4)
cfi=(178)
cfn=(750)
calls=6 0 
0 48
0 48

fn=(2314)
0 60

fn=(706)
0 18
cob=(4)
cfi=(178)
cfn=(708)
calls=1 0 
0 4004
0 103

fn=(2440)
0 642114

fn=(2684)
0 66
cob=(4)
cfi=(178)
cfn=(2686)
calls=6 0 
0 1042
0 12
cob=(4)
cfi=(178)
cfn=(2692)
calls=6 0 
0 994
0 48
cob=(4)
cfi=(178)
cfn=(1074)
calls=6 0 
0 84

fn=(3072)
0 5

fn=(784)
0 16
cob=(4)
cfi=(178)
cfn=(696)
calls=1 0 
0 5
0 4
cob=(4)
cfi=(178)
cfn=(786)
calls=1 0 
0 1169
0 4

fn=(966)
0 353

fn=(1046)
0 3

fn=(1096)
0 36
cob=(4)
cfi=(178)
cfn=(750)
calls=4 0 
0 32
0 28
cob=(4)
cfi=(178)
cfn=(750)
calls=4 0 
0 32
0 28
cob=(4)
cfi=(178)
cfn=(750)
calls=4 0 
0 32
0 36

fn=(1224) 0x00000000000b76a0
0 5
cob=(4)
cfi=(178)
cfn=(1100)
calls=1 0 
0 78

fn=(1732)
0 43

fn=(1892)
0 451
cob=(4)
cfi=(178)
cfn=(1894)
calls=41 0 
0 1581
0 164
cob=(4)
cfi=(178)
cfn=(1898)
calls=41 0 
0 12622
0 205

fn=(1908)
0 1028
cob=(4)
cfi=(178)
cfn=(3025)
calls=1 0 
0 144
0 587

fn=(1909)
0 22

fn=(2012)
0 20
cob=(4)
cfi=(178)
cfn=(2014)
calls=2 0 
0 3517
0 12

fn=(700)
0 21

fn=(2770)
0 4

fn=(3008)
0 2

fn=(3020)
0 4
cob=(4)
cfi=(178)
cfn=(3014)
calls=1 0 
0 4

fn=(3030) __gnu_cxx::stdio_sync_filebuf<char, std::char_traits<char> >::sync()
0 15
cob=(4)
cfi=(178)
cfn=(3032)
calls=5 0 
0 1360

fn=(766)
0 417

fn=(802)
0 14
cob=(4)
cfi=(178)
cfn=(708)
calls=1 0 
0 25
0 7
cob=(4)
cfi=(178)
cfn=(804)
calls=1 0 
0 26559

fn=(886)
0 12
cob=(4)
cfi=(178)
cfn=(708)
calls=1 0 
0 25
0 117

fn=(900)
0 417

fn=(918)
0 114

fn=(996)
0 109

fn=(1020)
0 14
cob=(4)
cfi=(178)
cfn=(708)
calls=1 0 
0 25
0 2
cob=(4)
cfi=(178)
cfn=(696)
calls=1 0 
0 5
0 5

fn=(1072)
0 460

fn=(1084)
0 144
cob=(4)
cfi=(178)
cfn=(750)
calls=16 0 
0 128
0 112
cob=(4)
cfi=(178)
cfn=(750)
calls=16 0 
0 128
0 112
cob=(4)
cfi=(178)
cfn=(750)
calls=16 0 
0 128
0 144

fn=(1090)
0 32
cob=(4)
cfi=(178)
cfn=(1062)
calls=4 0 
0 404
0 12
cob=(4)
cfi=(178)
cfn=(1092)
calls=4 0 
0 1265
0 52

fn=(1268) 0x00000000000b7830
0 50

fn=(1936)
0 33
cob=(4)
cfi=(178)
cfn=(1938)
calls=3 0 
0 5676

fn=(1994)
0 18
cob=(4)
cfi=(178)
cfn=(1996)
calls=2 0 
0 982
0 14

fn=(686)
0 12

fn=(3004)
0 2

fn=(3028)
0 51
cob=(4)
cfi=(178)
cfn=(1904)
calls=3 0 
0 225
0 21
cfn=(3030)
calls=3 0 
0 1221
0 52
cob=(4)
cfi=(178)
cfn=(3038)
calls=1 0 
0 2563
0 7
cfn=(3030)
calls=1 0 
0 77
0 2

fn=(3029)
0 17
cob=(4)
cfi=(178)
cfn=(1905)
calls=1 0 
0 24
0 7
cfn=(3030)
calls=1 0 
0 77
0 17

ob=(1)
fl=(166) ./elf/./elf/dl-find_object.c
fn=(550) _dlfo_process_initial
474 2
+3 2
-3 6
+1 2
+3 4
+26 14
+1 6
+1 18
-1 36
+3 68
+3 64
-7 10
+27 2
-2 2
+2 6
-18 48
+3 16
-1 16
cfi=(167) ./elf/./dl-find_object.h
cfn=(548) _dl_find_object_from_map
calls=8 95 
* 469
+2 32

fn=(552) _dlfo_sort_mappings
536 1
+1 2
+3 4
+4 1
+1 1
-1 1
+1 2
-1 6
+1 6
-1 6
+1 26
+1 140
+3 8
-1 8
-3 84
+8 21
+1 14
-1 7
-13 14
+14 21
+1 14
-15 14
+17 1

fn=(546) _dl_find_object_init
561 2
+3 1
-3 3
+5 2
+13 1
cfn=(550)
calls=1 474 
* 161
+1 1
-1 1
+1 1
fi=(28) ./elf/../include/rtld-malloc.h
56 1
cfi=(27) ./elf/./elf/dl-minimal-malloc.c
cfn=(78) __minimal_malloc
calls=1 -20 
* 30
fe=(166)
580 1
fi=(28)
56 1
fe=(166)
582 2
+3 2
+5 1
+1 1
cfn=(550)
calls=1 474 
* 662
+3 3
+10 4
-37 2
cfi=(167)
cfn=(548)
calls=1 95 
* 68
* 1
+29 2
cfn=(552)
calls=1 -60 
* 402
+3 6
+2 1

fl=(221)
fn=(1364)
214 14
+4 7
-4 56
+4 14
+1 21
+1 84
+1 14
-2 42
+5 14
+4 49

fl=(67) ./misc/../sysdeps/unix/syscall-template.S
fn=(222) mprotect
117 50
+5 10

fn=(220) munmap
117 20
+5 4

fl=(46)
fn=(266) _dl_tls_static_surplus_init
97 2
+3 1
-3 3
+3 1
-3 1
+3 1
-3 1
+3 1
-3 1
+3 1
cfi=(11)
cfn=(28)
calls=1 387 
* 23
* 1
+1 4
cfi=(11)
cfn=(28)
calls=1 387 
* 23
+1 1
+2 1
-3 1
+1 2
+2 3
+3 1
+2 1
-26 3
+28 3
+1 6

fn=(268) _dl_determine_tlsoffset
216 9
+6 4
+3 2
+36 3
+2 1
-2 1
-2 1
-40 1
-1 1
-1 1
+46 2
+23 9
+3 3
-3 15
+2 6
+6 3
-33 6
+20 3
-20 15
+2 6
+3 3
-1 3
+5 6
-5 3
+1 3
-1 3
+3 6
+2 9
+32 2
-1 1
+53 1
-52 5
+2 2
+51 8

fn=(454) _dl_add_to_slotinfo
1017 24
+9 3
-9 3
+6 3
+4 3
+4 9
+34 6
+3 6
+1 9
+3 18

fn=(544) _dl_allocate_tls_init
523 11
+1 2
+4 1
+6 1
-6 1
+6 1
cfi=(24) ./elf/../sysdeps/nptl/dl-tls_init_tp.c
cfn=(86) rtld_mutex_dummy
calls=1 42 
* 3
+3 3
+12 1
-18 1
+42 3
-19 12
+9 9
+1 6
+6 9
+3 3
-2 3
+2 3
-2 3
+2 12
+4 3
-4 3
+4 3
-1 6
+4 6
+1 12
+2 6
+1 6
+17 3
-8 3
+8 3
+2 12
cfi=(29) ./string/../sysdeps/x86_64/multiarch/memmove-vec-unaligned-erms.S
cfn=(126) mempcpy
calls=3 197 
* 39
* 18
cfi=(43) ./string/../sysdeps/x86_64/multiarch/../multiarch/memset-vec-unaligned-erms.S
cfn=(130) memset
calls=3 132 
* 52
-49 3
+55 3
-55 12
+6 9
+55 2
cfi=(24)
cfn=(86)
calls=1 42 
* 3
+3 2
+3 9

fn=(270) _dl_allocate_tls_storage
417 7
+2 1
+11 1
+1 1
fi=(28)
56 1
cfi=(27)
cfn=(78)
calls=1 -20 
* 85
fe=(46)
432 2
+8 3
fi=(28)
44 1
fe=(46)
440 2
+5 1
-5 1
+1 1
+4 304
+19 1
-99 1
+4 1
+1 1
fi=(28)
44 1
cfi=(27)
cfn=(74) __minimal_calloc
calls=1 +36 
* 41
fe=(46)
371 2
+3 1
+6 2
+90 7

fn=(146) _dl_count_modids
192 1
+2 2
+1 1
+15 2

fn=(244) _dl_assign_tls_modid
125 3
+16 3
-13 3
-3 9
+3 3
+55 3
-2 3
+5 3
+1 6

fn=(2038)
626 20
+1 4
365 2
fi=(28)
44 2
fe=(46)
369 2
+1 2
fi=(28)
44 2
cob=(2)
cfi=(208)
cfn=(1440)
calls=2 3699 
* 534
fe=(46)
371 4
+9 2
-6 2
+6 4
534 4
cob=(2)
cfi=(217)
cfn=(1352)
calls=2 77 
* 88
+3 6
+12 2
+24 2
-42 2
-1 4
+24 16
+9 18
+1 12
+6 18
+3 6
-2 6
+6 6
-6 6
+2 6
+4 6
-4 18
+3 12
+4 12
+1 24
+2 12
+1 6
+19 24
-19 6
+19 6
-10 6
+10 12
cfi=(29)
cfn=(126)
calls=6 197 
* 78
* 36
cfi=(43)
cfn=(130)
calls=6 132 
* 104
-49 6
+55 18
-55 24
+6 16
+55 4
cob=(2)
cfi=(222)
cfn=(1366)
calls=2 367 
* 74
+3 2
+2 2
+10 16

fl=(68) ./elf/./elf/dl-deps.c
fn=(224) _dl_map_object_deps
143 4
+1 2
-1 1
+1 1
-1 2
+1 1
-1 1
+1 1
-1 4
+1 3
-1 1
+1 7
-8 1
+8 2
-8 1
-6 1
-2 1
+16 1
-8 1
-7 1
+1 1
+6 1
+24 4
-28 3
-2 1
+31 1
-33 2
+2 2
+30 2
-30 1
-1 4
+7 4
+24 2
-30 1
+31 1
-33 2
+2 2
+30 2
-30 1
-1 4
+7 4
+24 3
+28 3
-6 1
+46 1
fi=(76) ./elf/../include/scratch_buffer.h
77 1
fe=(68)
+87 1
fi=(76)
-87 1
+1 1
fe=(68)
184 1
+44 4
-31 1
-4 1
+4 10
-4 8
+4 16
+11 22
-18 2
+18 4
417 18
+2 7
+3 7
-3 21
+3 7
-3 7
fi=(28)
56 7
cfi=(27)
cfn=(78)
calls=7 -20 
* 210
fe=(68)
423 21
fi=(28)
56 7
fe=(68)
423 7
+6 7
+1 35
cfi=(29)
cfn=(82) memcpy
calls=7 210 
* 85
+1 35
cfi=(29)
cfn=(82)
calls=7 210 
* 85
+3 7
+1 14
+4 27
188 16
442 24
-1 9
+1 18
183 6
+27 28
+7 7
+4 7
-6 7
+1 7
+1 7
+1 14
+3 21
-2 7
-29 35
+32 406
+6 64
cfi=(30) ./elf/./elf/dl-load.c
cfn=(226) _dl_dst_count
calls=16 +10 
* 848
* 48
+4 32
-2 16
+2 32
cfi=(50)
cfn=(160) _dl_catch_exception
calls=16 -28 
* 39381
+1 32
+9 16
+2 32
+5 30
+6 6
+2 6
-8 12
+3 6
+1 6
+1 6
+1 6
+4 6
-3 6
+3 18
+4 48
+1 36
-43 833
+7 32
+38 561
fi=(76)
85 3
fe=(68)
448 5
+4 4
+11 5
fi=(28)
56 1
cfi=(27)
cfn=(78)
calls=1 -20 
* 30
fe=(68)
465 3
fi=(28)
56 1
fe=(68)
465 1
+5 2
+1 1
-1 3
+4 3
-2 2
+13 8
+5 8
-16 24
+11 8
-7 8
+7 8
-2 16
-5 1
+7 1
-2 2
+2 1
-11 1
+11 1
+5 1
-16 3
+21 3
+37 2
+15 2
-14 2
+20 1
-1 4
+1 4
-1 5
cfi=(13) ./elf/./elf/dl-sort-maps.c
cfn=(252) _dl_sort_maps
calls=1 298 
* 619
+5 1
+2 1
+1 1
+1 2
-2 1
+2 1
+7 3
+3 2
+3 8
198 60
+3 7
fi=(76)
-70 28
cfi=(75) ./malloc/./malloc/scratch_buffer_set_array_size.c
cfn=(248) __libc_scratch_buffer_set_array_size
calls=7 30 
* 175
fe=(68)
+70 21
+4 14
547 4
cfi=(29)
cfn=(82)
calls=1 210 
* 27
* 3
-53 2
144 2

fn=(228) openaux
61 96
+7 16
-4 48
+1 16
-1 112
cfi=(30)
cfn=(166) _dl_map_object
calls=16 1967 
* 37973
* 16
+5 48

fl=(64) ./string/../sysdeps/x86_64/multiarch/../multiarch/memchr-sse2.S
fn=(204) memchr
40 1
+1 1
+1 1
+10 1
+1 1
+1 1
+1 1
+3 1
+1 1
+2 1
+1 1
+2 1
+1 1
+1 1
+1 1
+2 1
+1 1
+1 1
+1 1
+1 1
+1 1
+4 1
+1 1
+1 1
242 1
+1 1
+31 1
+1 1
+1 1
+1 1
+1 1
+1 1
+1 1
+1 1
+91 1
+1 1

fl=(37) ./elf/./elf/dl-hwcaps.c
fn=(108) _dl_important_hwcaps
172 6
+3 1
-3 3
+3 1
-3 5
+2 1
cfi=(38) ./elf/../sysdeps/x86_64/dl-hwcaps-subdirs.c
cfn=(110) _dl_hwcaps_subdirs_active
calls=1 29 
* 49
+1 1
fi=(40) ./elf/./dl-hwcaps.h
43 1
fe=(37)
174 1
fi=(40)
45 2
+32 1
+1 1
+1 1
fe=(37)
-27 2
cfi=(39) ./elf/./elf/dl-hwcaps_split.c
cfn=(114) _dl_hwcaps_split_masked
calls=1 -1 
* 23
* 2
fi=(40)
-9 1
+2 1
-2 1
+34 2
+1 2
+1 1
fe=(37)
-24 2
-1 2
+1 2
+1 2
+1 2
-5 4
cfi=(39)
cfn=(114)
calls=2 -1 
* 130
* 2
cfi=(39)
cfn=(114)
calls=1 -1 
* 125
* 6
+48 4
fi=(28)
-44 2
cfi=(27)
cfn=(78)
calls=1 -20 
* 30
fe=(37)
+46 2
-2 1
+2 1
+3 1
+3 1
fi=(40)
-65 1
+2 1
fe=(37)
+67 1
fi=(40)
-66 1
fe=(37)
+66 2
cfi=(39)
cfn=(120) _dl_hwcaps_split
calls=1 -87 
* 13
* 2
fi=(40)
-69 1
+2 1
-2 1
+34 2
+1 2
+1 1
fe=(37)
+48 10
+1 4
+1 2
+1 2
-1 2
-4 4
cfi=(39)
cfn=(114)
calls=2 -74 
* 130
* 2
cfi=(39)
cfn=(114)
calls=1 -74 
* 125
* 6
+8 3
+9 5
+3 8
-2 6
+14 1
+4 1
+1 1
+1 1
-20 3
+19 1
+1 1
-20 2
+8 2
+4 2
-4 3
+4 2
cfi=(42) ./string/../sysdeps/x86_64/multiarch/../multiarch/memcmp-sse2.S
cfn=(122) bcmp
calls=1 -96 
* 19
+1 3
-14 8
+47 1
-4 2
+4 2
-3 1
+7 1
-7 2
+7 1
fi=(28)
56 1
cfi=(27)
cfn=(78)
calls=1 -20 
* 30
* 1
fe=(37)
194 2
+8 1
fi=(40)
43 1
fe=(37)
201 1
80 1
fi=(40)
-35 1
fe=(37)
+35 1
202 1
fi=(40)
77 1
+1 1
fe=(37)
202 3
fi=(40)
79 1
fe=(37)
-2 2
cfi=(39)
cfn=(114)
calls=1 -26 
* 23
* 2
fi=(40)
-34 1
+2 1
fe=(37)
+35 2
fi=(40)
-37 1
+34 2
+1 2
+1 3
fe=(37)
+1 4
+7 2
-7 8
cfi=(29)
cfn=(126)
calls=2 197 
* 26
+4 2
+2 2
+2 2
-2 4
-9 4
cfi=(39)
cfn=(114)
calls=2 -26 
* 130
* 2
cfi=(39)
cfn=(114)
calls=1 -26 
* 125
* 6
213 2
-5 1
+1 1
-1 1
+5 1
+3 9

fl=(70) ./io/../sysdeps/unix/sysv/linux/fstatat64.c
fn=(234) fstatat
146 12
-55 12
+70 13
+1 1
-2 10
+1 10

fl=(82)
fn=(288)
772 12174
+3 2029
-3 6087
+3 2029
-3 8116
fi=(83) ./elf/../sysdeps/generic/dl-new-hash.h
74 2029
+3 4058
-8 2029
+1 4058
+10 2029
+1 4058
-1 40001
+1 80002
+20 41016
-2 41016
+6 41016
-3 82032
+2 41016
-30 41016
+3 82032
fe=(82)
774 2029
+1 2029
+3 2029
-4 2029
+1 2029
+7 8050
+5 2029
-2 2029
+2 2029
-2 2029
+6 28493
+1 28406
cfn=(292) do_lookup_x
calls=2029 347 
* 843786
* 6087
+28 2029
-23 6087
+23 2029
-23 4058
+24 11992
+7 2006
-7 2006
+35 8024
+34 8024
-20 6018
+3 4012
-57 2029
+76 18261
fi=(83)
87 1014
+1 1014
+1 2028
+1 1014
fe=(82)
787 14
-3 7
+3 14
-3 14
+4 7
-1 14
+1 7
-1 28
+84 2
-72 138
+18 69
+11 92

fn=(294) check_match
70 30270
+3 12094
+13 2011
-13 2011
+13 2011
-13 2011
+13 6033
+3 4938
cfi=(32) ./string/../sysdeps/x86_64/multiarch/../multiarch/strcmp-sse2.S
cfn=(94) strcmp
calls=229 +9 
* 15376
* 458
+4 2011
+1 4022
+2 4002
+19 4002
+1 16008
+2 12
+1 2
+42 1998
+1 16144
-18 20
+2 20
+1 10
-1 20
+1 30
-1 20
+4 16
+1 56
+2 24
-75 26
+39 5985
cfi=(32)
cfn=(94)
calls=1995 -19 
* 55846
* 3990
-44 28
+5 14

fn=(292)
347 18261
+1 2029
-1 8116
+6 2029
-6 2029
+65 2029
-58 2029
+11 2029
+50 2029
-3 4058
+3 4058
-50 2029
+50 8116
-19 26127
+8 8709
-4 8709
+1 8709
+3 34836
+1 17418
+3 8709
-3 8709
+4 17418
+4 17418
-2 8709
+5 34836
+3 60963
+99 20178
358 17464
+3 17464
+4 17590
+21 17418
+4 17418
+71 15984
fi=(4) ./elf/../sysdeps/generic/ldsodefs.h
139 3996
+1 5994
fe=(82)
476 3996
fi=(4)
139 16
+1 24
fe=(82)
476 16
fi=(84) ./elf/../sysdeps/generic/dl-protected.h
29 8024
fe=(82)
483 10760
+16 3848
+1 1924
+22 1924
-21 1924
+21 13550
-21 82
+21 574
-99 6948
-1 4632
+2 4632
+2 2289
+6 9156
-6 2289
+6 16023
+7 11346
-10 28900
+2 2018
+1 6054
-1 2018
+1 4036
-1 2018
+1 2018
+1 2018
-1 2018
+1 2018
-1 14126
cfn=(294)
calls=2018 70 
* 191519
+4 6054
+3 40
+31 2336
+2 16
+50 23
-1 23
+1 161
222 82
+2 82
-2 246
+2 82
-2 82
+2 82
-2 82
+2 246
+2 82
-2 246
cfi=(24)
cfn=(86)
calls=82 42 
* 246
+2 82
+2 82
-1 82
+1 246
+2 162
+1 81
-1 567
+1 81
-1 162
+1 162
-1 162
+1 162
-1 1640
+24 352
+3 95
+1 285
-23 176
-1 352
487 3843
+4 1
fi=(28)
44 4
cfi=(27)
cfn=(74)
calls=1 +36 
* 41
* 1
fe=(82)
302 2
-72 1
+70 2
+5 1
+2 1
-7 1
+6 1
+1 1
170 12
+1 9
311 6
-1 2
+1 486
-1 162
+19 246
+2 82
-2 328
+2 82
cfi=(24)
cfn=(86)
calls=82 42 
* 246
+2 164
+1 82
-1 82
+1 82
176 518
-2 84
+1 252
-3 332
+7 82
+1 82
+1 82
+1 82
318 328
-56 1377
+7 10
cfi=(52) ./elf/./elf/dl-misc.c
cfn=(540) _dl_higher_prime_number
calls=2 87 
* 159
fi=(28)
44 2
fe=(82)
269 2
fi=(28)
44 4
cfi=(27)
cfn=(74)
calls=2 +36 
* 82
* 2
fe=(82)
272 4
171 4
279 2
171 4
279 296
+1 276
+1 140
170 70
281 140
170 70
281 70
170 70
+1 70
-1 70
+1 210
+1 440
+2 14
+1 42
-3 168
+7 70
+3 70
-2 70
+3 70
+76 322
-83 12
285 10
+2 2
-2 10
cfi=(27)
cfn=(142) __minimal_free
calls=2 97 
* 10
170 2
288 2
-2 2
+3 4
-1 2
+1 4
170 4
+1 2
-1 2
+1 8

fl=(167)
fn=(548)
95 18
+1 18
+1 9
+6 45
+1 243
+1 168
+2 27
+5 9

fl=(44) ./string/./string/strdup.c
fn=(138) strdup
40 54
+1 9
cfi=(22) ./string/../sysdeps/x86_64/multiarch/../multiarch/strlen-sse2.S
cfn=(62) strlen
calls=9 +16 
* 295
* 9
fi=(407) ./string/../include/rtld-malloc.h
+15 18
cfi=(27)
cfn=(78)
calls=9 -20 
* 325
fe=(44)
-12 18
+3 27
+1 27
-1 9
cfi=(29)
cfn=(82)
calls=9 210 
* 131

fl=(171) ./elf/./elf/dl-lookup-direct.c
fn=(564) _dl_lookup_direct
74 30
+2 3
-2 6
+4 3
-4 3
+2 3
+2 9
+37 3
-37 9
+1 6
+2 12
+3 25
+2 6
-54 3
+54 3
-54 3
+54 3
-54 9
+1 9
+2 6
+1 6
+12 9
+3 3
+2 6
-2 3
+2 9
cfi=(32)
cfn=(94)
calls=3 +45 
* 209
* 6
+4 6
+1 3
-1 3
+1 18
+1 9
cfi=(32)
cfn=(94)
calls=3 +39 
* 198
* 6
+57 27
-23 6

fl=(26) ./elf/./elf/dl-object.c
fn=(84) _dl_add_to_namespace_list
31 32
+2 8
-2 16
+2 8
-2 24
+2 8
cfi=(24)
cfn=(86)
calls=8 +9 
* 24
+2 71
+3 140
+2 7
+2 7
+4 7
+4 7
-4 14
+1 14
+1 14
+3 35
-1 7
cfi=(24)
cfn=(86)
calls=7 -8 
* 21
-4 1
+4 1
-4 2
+1 2
+1 2
+3 5
-1 1
cfi=(24)
cfn=(86)
calls=1 -8 
* 3
-5 2

fn=(72) _dl_new_object
59 120
+3 16
+18 14
+3 7
cfi=(22)
cfn=(62)
calls=7 -26 
* 155
+4 7
-4 7
+4 7
+5 7
-9 21
fi=(28)
-39 14
cfi=(27)
cfn=(74)
calls=7 +36 
* 388
fe=(26)
+39 1
fi=(28)
-39 2
cfi=(27)
cfn=(74)
calls=1 +36 
* 47
* 8
fe=(26)
+51 16
+5 8
+4 8
-6 8
+2 8
+4 8
-5 8
+4 8
+1 8
-1 8
+1 16
cfi=(29)
cfn=(82)
calls=8 210 
* 99
* 8
+15 8
-15 8
+2 8
+13 16
+6 1
+2 7
+3 2
-3 49
+3 14
+2 8
+4 8
+3 20
+2 12
-2 8
+2 8
-2 16
+16 16
-5 8
+5 8
-6 8
+6 8
-6 8
+6 16
+2 14
+3 14
-3 14
+7 32
+4 21
+8 1
+13 1
-10 2
+10 10
-10 14
+10 21
+2 7
cfi=(22)
cfn=(62)
calls=7 57 
* 245
+21 7
-21 21
+17 7
-13 21
+50 21
cfi=(29)
cfn=(126)
calls=7 -48 
* 131
* 7
+5 14
+1 14
-1 200
+1 200
+4 14
+1 7
+3 7
+4 72
131 16
-8 7
-4 14
+34 1
+7 4
+8 28
fi=(28)
56 14
cfi=(27)
cfn=(78)
calls=7 -20 
* 210
* 7
fe=(26)
200 14
-1 14
64 2
+2 3
+1 2
+4 6
+6 2

fl=(77) ./elf/./elf/dl-version.c
fn=(260) _dl_check_all_versions
392 7
+4 5
-2 1
+4 54
cfn=(262) _dl_check_map_versions
calls=9 155 
* 33879
-2 9
+2 27
-1 9
-1 18
+5 7

fn=(262)
155 90
+15 27
+2 45
+2 9
+1 9
+2 18
+3 14
-16 14
+20 7
-4 7
-24 7
+28 49
+16 14
36 7
200 7
36 49
200 18
36 9
200 9
36 63
+1 96
-1 192
+2 336
cfi=(52)
cfn=(168) _dl_name_match_p
calls=112 +30 
* 10843
* 240
208 48
+5 16
fi=(408) ./elf/../sysdeps/generic/_itoa.h
76 48
fe=(77)
213 32
+4 32
+1 32
-1 32
+4 16
-3 16
+3 16
-3 48
-1 102
+1 102
-1 102
+4 51
-3 51
+3 51
-3 263
56 268
+8 201
+6 201
+16 67
+1 134
+2 67
+5 469
+14 2294
+12 3240
+4 1080
-30 2160
231 268
+3 201
+5 51
-24 51
110 67
+3 335
cfi=(32)
cfn=(94)
calls=67 -15 
* 2750
* 201
224 201
+1 6
cfi=(32)
cfn=(94)
calls=2 98 
* 142
* 4
+3 36
+15 48
+5 9
-50 9
+59 35
+3 12
+3 42
+3 24
+4 6
-7 24
+3 18
+4 126
-7 504
+3 384
+8 18
+6 16
fi=(28)
44 8
fe=(77)
280 16
fi=(28)
44 8
cfi=(27)
cfn=(74)
calls=8 +36 
* 328
fe=(77)
281 16
-2 8
fi=(28)
44 8
fe=(77)
281 8
+13 8
-3 8
+3 32
+2 16
+3 28
+4 48
+7 67
+1 67
-1 201
+1 67
+1 67
-2 67
+2 134
+1 201
+3 201
+5 51
-15 51
+2 51
-2 51
+2 51
-2 51
+2 102
-2 16
+2 16
-2 16
+2 16
-2 16
+2 32
+16 48
+5 9
-28 9
+33 14
+3 12
+4 132
+6 132
+1 132
+1 132
-1 396
+1 132
-1 132
+1 132
+1 132
+3 396
+4 132
-14 276
+10 18
+12 12
+1 14
+1 14
+1 6
+19 81
164 2
-8 2
257 5
+17 6
+60 2
-40 2
+76 4
+2 4
+4 2
-4 120
+1 60
+2 1
+1 2
-1 1
+1 1
cfi=(32)
cfn=(208) strncmp
calls=1 98 
* 32
* 2

fl=(62) ./io/../sysdeps/unix/sysv/linux/close_nocancel.c
fn=(194) __GI___close_nocancel
25 9
+1 36
+1 9

fl=(7) ./elf/./elf/dl-minimal.c
fn=(12) __rtld_malloc_init_stubs
42 1
+1 2
+1 2
+1 2
+1 2
+1 1

fn=(134) strsep
239 7
+3 14
+2 7
+1 14
+4 15
-2 10
+4 156
+5 564
-2 382
+6 6
+7 3
+4 6
-4 2
+4 8
-22 75
+15 75
-15 154

fn=(558) lookup_malloc_symbol
61 8
+3 4
-3 12
+3 4
-3 12
+3 4
-3 4
+2 4
+1 16
cfi=(82)
cfn=(288)
calls=4 772 
* 3152
+4 28
+1 28
+2 4
fi=(169) ./elf/./dl-sym-post.h
-30 8
+12 12
fe=(7)
+19 24

fn=(554) __rtld_malloc_init_real
76 2
+10 1
fi=(168) ./elf/../sysdeps/generic/dl-hash.h
-41 1
-1 1
fe=(7)
+32 8
+11 1
-1 1
fi=(168)
-43 1
+5 3
+14 4
-17 3
+3 15
+14 20
-17 15
fe=(7)
+46 2
fi=(168)
-24 1
fe=(7)
+22 1
+2 2
fi=(168)
-19 1
fe=(7)
+19 1
cfn=(558)
calls=1 -30 
* 826
+1 3
-1 1
+1 1
cfn=(558)
calls=1 -31 
* 819
+1 3
-1 1
+1 1
cfn=(558)
calls=1 -32 
* 880
+1 3
-1 1
+1 1
cfn=(558)
calls=1 -33 
* 799
+5 1
+1 1
+1 1
+1 1
+1 8

fl=(63) ./io/../sysdeps/unix/sysv/linux/access.c
fn=(200) access
25 1
+2 4
+4 1

fl=(50)
fn=(158)
254 54
+2 9
-2 54
+2 9
cfn=(160)
calls=9 -52 
* 11981
+1 18
+1 9
+1 9
-1 9
+1 9
+2 54

fn=(160)
204 150
58 25
204 50
+3 50
+22 25
-1 25
+1 25
58 50
+4 14
+11 14
235 21
cfi=(51) ./setjmp/../sysdeps/x86_64/setjmp.S
cfn=(162) __sigsetjmp
calls=7 31 
* 168
* 54
cfi=(51)
cfn=(162)
calls=18 31 
* 432
* 75
+2 75
cob=(2)
cfi=(216)
cfn=(1356)
calls=7 37 
* 5355
cfi=(68)
cfn=(228)
calls=16 61 
* 38325
cfi=(2) ./elf/./elf/rtld.c
cfn=(164) map_doit
calls=2 641 
* 6032
69 25
+1 25
-1 25
+1 18
239 72
-25 18
+34 54
-9 28
-25 7
+34 21
59 36
+11 54
+3 14

fn=(256) _dl_receive_error
186 2
58 1
186 4
+2 1
-2 1
58 1
+1 1
+11 1
192 1
+2 1
cfi=(2)
cfn=(258) version_check_doit
calls=1 674 
* 34031
69 2
+1 1
198 1
-1 1
+1 3

fl=(66) ./string/../sysdeps/x86_64/multiarch/../multiarch/strcpy-sse2-unaligned.S
fn=(218) stpcpy
45 1
+6 1
+7 1
+1 1
+1 1
301 1
+1 1
+1 1
+1 1
+1 1
+10 1
+1 1
+2 1
+1 1
+1 1
+10 1
+1 1
+26 1
+1 1
+5 1
+1 4
594 1
+1 1
+1 1
+2 1
+7 1

fl=(80) ./elf/../sysdeps/x86_64/dl-cet.c
fn=(278) _dl_cet_check
361 8
-76 1
-10 2
+2 2
-1 1
+6 1
+3 1
+8 1
-11 1
+1 1
-1 1
+1 1
-1 1
+1 1
+10 4
+3 1
+4 2
+2 2
-1 1
+2 2
+2 2
-1 2
+4 1
+2 1
+3 2
145 2
+12 2
+16 1
+6 1
363 6

fn=(594) _dl_cet_setup_features
331 1
+3 2
+16 1

fl=(1) ???
fn=(0) 0x000000000001f540
0 2
cfi=(2)
cfn=(2) _dl_start
calls=1 517 
0 2061215
0 8
cfi=(80)
cfn=(594)
calls=1 331 
0 4
0 10
cfi=(180) ./elf/./elf/dl-init.c
cfn=(598) _dl_init
calls=1 81 
0 123477
0 3
cob=(10)
cfi=(246)
cfn=(1682)
calls=1 0 
0 278076

fl=(172) ./elf/./elf/dl-call-libc-early-init.c
fn=(568) _dl_call_libc_early_init
27 1
+2 2
-2 1
+6 3
-6 3
+6 1
-6 2
+6 1
cfi=(171)
cfn=(564)
calls=1 +41 
* 225
+4 2
+2 3
+2 1
-1 1
-1 1
+2 2
-1 1
cob=(2)
cfi=(173)
cfn=(570)
calls=1 -7 
* 353

fl=(43)
fn=(130)
132 21
+1 105
+5 21
+1 21
+3 11
+1 11
+2 4
+1 4
+1 4
+97 7
+1 7
+12 7
+3 7
+1 7
+12 7
+1 7
+13 7
+1 7
+2 7
+3 4
+3 8
+3 4
+1 4
+1 4
+1 4
+1 4
+1 4
+1 4
-6 93
+1 93
+1 93
+1 93
+1 93
+1 93
+1 93
+3 7
+1 7
+1 7
+1 7
+5 7
+34 10
+2 10
+1 10
+39 10
+1 10
+2 10

fl=(11)
fn=(58) __GI___tunable_set_val
153 15
-81 40
+81 15
-81 10
+10 5
fi=(409) ./elf/./dl-tunable-types.h
+2 5
fe=(11)
+9 40
+1 25
fi=(12) ./elf/./elf/dl-tunables.h
+47 10
fe=(11)
-26 25
+1 5
+1 5
+1 5
+39 15
fi=(12)
-15 10
fe=(11)
-45 10
+3 5
fi=(12)
+51 5
fe=(11)
-51 5
+4 10
+7 10
+1 10
-12 25

fn=(22) __GI___tunables_init
261 8
+22 1
-22 1
128 1
283 1
-22 1
+6 4
42 705
+6 140
-3 140
+3 14147
+4 280
+4 280
fi=(12)
160 140
fe=(11)
56 280
fi=(12)
161 48
-1 284
+1 468
-1 280
fe=(11)
281 22960
+6 41580
fi=(12)
160 1400
+1 2800
-1 69
+1 276
-1 345
fe=(11)
304 8

fn=(28)
387 41
+3 82
-3 41
+3 328
+9 38
-9 76
+19 26
+7 246
+2 41
-19 15
+1 15
+9 6

fl=(81) ./elf/./elf/dl-reloc.c
fn=(280) _dl_relocate_object
207 110
+1 20
+12 9
+4 36
-4 9
+6 27
+3 9
-1 9
+1 18
+22 45
+4 10
+7 15
fi=(6) ./elf/../sysdeps/x86_64/dl-machine.h
81 26
+6 12
+4 9
+17 3
-11 3
+11 6
+21 6
+5 12
-2 6
fi=(4)
-53 3
fe=(81)
301 6
fi=(4)
79 6
fe=(81)
301 6
fi=(4)
79 6
fe=(81)
301 12
fi=(4)
79 12
fe=(81)
301 10017
fi=(4)
79 3
fe=(81)
301 3
fi=(4)
79 6
fe=(81)
301 373
-80 18
fi=(6)
393 18
fe=(81)
190 9
+31 9
-31 9
fi=(6)
393 27
fi=(5) ./elf/./elf/do-rel.h
49 9
fe=(81)
301 9
fi=(5)
50 9
+30 9
-31 18
+4 9
-3 9
+3 9
-3 9
+3 27
+27 18
-31 9
fe=(81)
301 9
fi=(5)
50 9
+30 9
-31 18
+4 9
-3 9
+3 9
-3 9
+3 27
+27 18
-7 3
-1 3
+11 24
fi=(6)
514 2310
+4 2310
+3 3465
+1 1155
fi=(5)
83 3465
+2 4620
+11 18
fe=(81)
301 54
fi=(5)
51 9
fi=(4)
+28 45
fi=(6)
730 18
+4 10
fe=(81)
304 45
+24 9
+3 18
+17 27
+2 80
-98 18
+3 8
+7 4
-9 4
+9 8
fi=(6)
81 8
fi=(5)
+33 45
+9 31
+1 5
fi=(6)
498 5
fi=(5)
124 5
fi=(6)
498 10
fi=(5)
124 1406
fi=(6)
498 1406
fi=(5)
124 1406
fi=(6)
498 2812
+5 2822
+1 1411
fi=(5)
123 1411
fi=(6)
504 1411
-5 1411
fi=(5)
123 2822
+3 45
+3 52
+2 47
fe=(81)
+59 16
fi=(5)
73 8
fe=(81)
190 8
fi=(5)
72 8
fe=(81)
190 72
fi=(5)
-57 16
+1 8
+1 8
-2 8
+2 8
+3 8
-5 8
+2 8
-2 8
+1 16
+2 8
-2 8
+2 24
+2 16
-5 7316
+1 3658
+1 3658
-2 3658
+2 3658
+3 3658
-5 3658
+2 3658
-2 3658
+1 7316
+2 3658
-2 3658
+2 10974
+2 7316
+9 3598
fi=(6)
267 7196
+7 7196
+4 7196
fe=(81)
170 14392
fi=(4)
-30 10743
fe=(81)
+31 7162
+3 7162
+8 3814
-8 17091
+12 3774
-3 1887
+1 1887
+2 7588
-3 20
+1 20
+2 1987
+1 1907
-1 1907
+2 3814
-1 7628
+3 11442
cfi=(82)
cfn=(288)
calls=1907 772 
* 1460105
+3 1907
+1 3814
-4 1907
+4 9535
fi=(6)
+93 14304
+3 3561
-3 10700
+3 3578
-3 3578
+5 7168
+25 21588
423 8520
fi=(5)
150 8520
fi=(6)
423 1438
fi=(5)
150 2251
-19 14688
+33 32
+1 72
+1 252
+3 136
+4 68
-1 68
-3 68
+2 136
+2 68
-2 136
fe=(81)
-1 272
fi=(6)
287 68
+3 68
-3 68
+4 136
476 136
+2 68
cfi=(15) ./elf/../sysdeps/x86/dl-get-cpu-features.c
cfn=(566) __x86_cpu_features
calls=1 71 
* 6
cob=(3)
cfi=(165)
cfn=(534)
calls=1 26 
* 8
cob=(3)
cfi=(149)
cfn=(530)
calls=1 27 
* 9
cob=(3)
cfi=(164)
cfn=(526)
calls=1 26 
* 9
cob=(3)
cfi=(163)
cfn=(522)
calls=1 27 
* 9
cob=(3)
cfi=(162)
cfn=(518)
calls=1 26 
* 9
cob=(3)
cfi=(159)
cfn=(514)
calls=1 27 
* 8
cob=(3)
cfi=(161)
cfn=(512)
calls=1 49 
* 6
cob=(3)
cfi=(160)
cfn=(508)
calls=1 26 
* 9
cob=(3)
cfi=(159)
cfn=(504)
calls=1 35 
* 8
cob=(3)
cfi=(158)
cfn=(500)
calls=1 27 
* 9
cob=(3)
cfi=(157)
cfn=(496)
calls=1 26 
* 9
cob=(3)
cfi=(156)
cfn=(492)
calls=1 27 
* 9
cob=(3)
cfi=(154)
cfn=(488)
calls=1 27 
* 8
cob=(3)
cfi=(153)
cfn=(484)
calls=1 30 
* 9
cob=(3)
cfi=(152)
cfn=(480)
calls=1 26 
* 9
cob=(3)
cfi=(151)
cfn=(476)
calls=1 27 
* 9
cob=(3)
cfi=(150)
cfn=(472)
calls=1 27 
* 9
cob=(3)
cfi=(149)
cfn=(468)
calls=1 34 
* 9
cob=(3)
cfi=(148)
cfn=(464)
calls=1 27 
* 9
cob=(3)
cfi=(146)
cfn=(460)
calls=1 27 
* 9
cob=(3)
cfi=(144)
cfn=(456)
calls=1 26 
* 9
cob=(2)
cfi=(143)
cfn=(450)
calls=1 31 
* 21
cob=(2)
cfi=(142)
cfn=(446)
calls=1 33 
* 22
cob=(2)
cfi=(141)
cfn=(442)
calls=1 31 
* 18
cob=(2)
cfi=(140)
cfn=(440)
calls=1 29 
* 7
cob=(2)
cfi=(138)
cfn=(436)
calls=1 29 
* 23
cob=(2)
cfi=(137)
cfn=(432)
calls=1 29 
* 22
cob=(2)
cfi=(136)
cfn=(428)
calls=1 33 
* 17
cob=(2)
cfi=(135)
cfn=(424)
calls=1 29 
* 22
cob=(2)
cfi=(133)
cfn=(420)
calls=1 29 
* 24
cob=(2)
cfi=(132)
cfn=(416)
calls=1 29 
* 19
cob=(2)
cfi=(131)
cfn=(412)
calls=1 29 
* 25
cob=(2)
cfi=(104)
cfn=(408)
calls=1 31 
* 18
cob=(2)
cfi=(130)
cfn=(404)
calls=1 31 
* 21
cob=(2)
cfi=(129)
cfn=(400)
calls=1 29 
* 17
cob=(2)
cfi=(127)
cfn=(396)
calls=2 31 
* 20
cob=(2)
cfi=(125)
cfn=(392)
calls=1 29 
* 24
cob=(2)
cfi=(124)
cfn=(388)
calls=1 31 
* 25
cob=(2)
cfi=(123)
cfn=(384)
calls=1 31 
* 21
cob=(2)
cfi=(121)
cfn=(380)
calls=1 29 
* 17
cob=(2)
cfi=(120)
cfn=(378)
calls=1 60 
* 16
cob=(2)
cfi=(119)
cfn=(376)
calls=1 29 
* 7
cob=(2)
cfi=(117)
cfn=(372)
calls=1 31 
* 21
cob=(2)
cfi=(116)
cfn=(370)
calls=1 67 
* 21
cob=(2)
cfi=(114)
cfn=(366)
calls=2 31 
* 46
cob=(2)
cfi=(112)
cfn=(362)
calls=1 31 
* 19
cob=(2)
cfi=(111)
cfn=(358)
calls=1 30 
* 25
cob=(2)
cfi=(110)
cfn=(354)
calls=1 28 
* 25
cob=(2)
cfi=(108)
cfn=(350)
calls=1 29 
* 24
cob=(2)
cfi=(107)
cfn=(348)
calls=1 65 
* 19
cob=(2)
cfi=(104)
cfn=(342)
calls=2 31 
* 50
cob=(2)
cfi=(102)
cfn=(338)
calls=1 29 
* 22
cob=(2)
cfi=(100)
cfn=(334)
calls=1 31 
* 18
cob=(2)
cfi=(99)
cfn=(330)
calls=1 29 
* 25
cob=(2)
cfi=(98)
cfn=(326)
calls=1 29 
* 22
cob=(2)
cfi=(96)
cfn=(322)
calls=1 29 
* 22
cob=(2)
cfi=(95)
cfn=(318)
calls=1 29 
* 19
cob=(2)
cfi=(93)
cfn=(314)
calls=1 29 
* 24
cob=(2)
cfi=(91)
cfn=(310)
calls=1 30 
* 19
cob=(2)
cfi=(90)
cfn=(308)
calls=1 79 
* 19
cob=(2)
cfi=(89)
cfn=(306)
calls=1 29 
* 7
cob=(2)
cfi=(87)
cfn=(302)
calls=2 31 
* 50
cob=(2)
cfi=(85)
cfn=(298)
calls=1 86 
* 28
fi=(5)
165 68
fi=(6)
479 68
fi=(5)
165 145
-14 342
fi=(6)
460 48
+5 32
-1 48
+1 32
-1 16
cfi=(29)
cfn=(82)
calls=16 210 
* 395
+2 80
+1 32
-67 51
+2 68
+4 17
+9 17
-9 34
+9 17
fi=(5)
150 34
fi=(6)
320 114
+3 114
+29 6
+11 2
-9 4
+9 2
fi=(5)
150 4
fi=(6)
346 8
+1 12
fi=(5)
150 8
fi=(6)
287 85
fi=(5)
141 68
+1 68
-1 204
+2 68
fi=(6)
287 340
fe=(81)
175 15064
+3 1674
-1 1674
+19 1674
-18 3348
fi=(6)
295 12
+1 18
+11 12
+7 6
cob=(2)
cfi=(137)
cfn=(432)
calls=1 29 
* 22
cob=(2)
cfi=(90)
cfn=(308)
calls=1 79 
* 19
cob=(2)
cfi=(102)
cfn=(338)
calls=1 29 
* 22
cob=(2)
cfi=(93)
cfn=(314)
calls=1 29 
* 24
cob=(2)
cfi=(125)
cfn=(392)
calls=1 29 
* 24
cob=(2)
cfi=(131)
cfn=(412)
calls=1 29 
* 25
* 24
fe=(81)
-13 9
+55 45
+3 9
-3 9
+3 9
+4 18
+1 36
cfi=(67)
cfn=(222)
calls=9 117 
* 54
* 18
-63 9
fi=(5)
180 7
fe=(81)
+10 2
fi=(5)
73 1
fe=(81)
190 3
fi=(6)
436 7
fi=(5)
182 2
+1 2
-1 1
+3 1
-3 4
+3 2
-3 10
+1 10
-1 5
+3 5
-3 20
+3 10
+8 6
fi=(6)
+74 12
+7 12
+4 12
fe=(81)
170 24
fi=(4)
-30 18
fe=(81)
+31 12
+3 12
+8 12
-8 54
+12 12
-3 6
+1 6
+2 36
+4 24
-4 6
+4 18
cfi=(82)
cfn=(288)
calls=6 772 
* 4243
+3 6
+1 12
-4 6
+4 30
fi=(6)
+93 21
+3 3
-3 9
+3 3
-3 3
+5 6
+25 36
423 6
fi=(5)
196 18
-16 24
+31 7
fe=(81)
-33 1672
-3 5016

fl=(170) ./elf/../sysdeps/nptl/dl-mutex.c
fn=(562) __rtld_mutex_init
30 2
+10 3
-10 3
+10 1
-10 1
+10 1
-10 1
+7 1
+3 2
cfi=(171)
cfn=(564)
calls=1 +34 
* 233
+4 2
+1 8
+2 3
-2 1
+2 3
cfi=(171)
cfn=(564)
calls=1 +27 
* 223
+4 2
+1 7
+1 6

fl=(29)
fn=(126)
197 87
+1 87
+1 87
+1 87
+17 87
+1 87
+2 31
+1 31
+1 31
+2 26
+1 26
+1 26
+2 26
+80 56
+1 56
+2 23
+4 23
+1 23
+1 23
+8 23
+39 33
+1 33
+1 33
+1 33
+1 33
+7 5
+1 5
+1 5
+1 5
+1 5
+1 5
+1 5
+11 5
+1 5
+2 5
+1 5
+1 5

fn=(82)
210 57
+1 57
+6 57
+1 57
+2 46
+1 46
+1 46
+2 23
+1 23
+1 23
+2 23
+80 11
+1 11
+2 2
+4 2
+1 2
+1 2
+1 2
+1 2
+4 2
+2 2
+39 9
+1 9
+1 9
+1 9
+1 9
+7 12
+1 12
+1 12
+1 12
+1 12
+1 12
+1 12
+11 23
+1 23
+2 21
+1 21
+1 21
+2 9
+1 9
+1 9
+1 9
+1 9
+1 9
+1 9
+1 9
+1 9
+1 9
+1 9
+1 9
+1 9
+1 9
+1 9
+4 2
+1 2
+4 2
+2 2
+16 2
+3 2
+2 2
+2 2
+4 2
+1 2
+9 2
+1 2
+2 2
+2 2
+1 2
+1 2
+3 2
+2 2
+2 2
+2 2
+6 2
+1 2
+1 2
+1 2
+1 2
+1 2
+1 2
+1 2
+1 2
+1 2
+1 2
+1 2
-11 4
+1 4
+1 4
+1 4
+1 4
+1 4
+1 4
+1 4
+1 4
+1 4
+1 4
+1 4
+2 2
+1 2
+1 2
+1 2
+2 2
+4 2

fl=(49) ./string/../string/strcspn.c
fn=(156) strcspn
32 6
+1 3
+1 2
+5 6
+1 4
+1 4
+1 4
+2 1
+3 3
+1 2
-1 6
+1 4
+3 4
+1 4
+1 4
+1 4
+2 3
+6 1
-1 1
+1 1
+2 2
-1 2
+2 1
+2 6
-5 11
-1 11
+1 11
+2 22
-1 22
+2 11
+2 66
+2 1
+1 3
+1 2
-1 1
+1 1

fl=(191) ./elf/./elf/dl-runtime.c
fn=(668) _dl_fixup
46 1155
+2 525
+1 105
+6 105
fi=(410) ./elf/../sysdeps/x86_64/dl-runtime.h
-27 105
fe=(191)
+21 105
+5 105
+1 105
-6 105
+6 210
+1 105
+2 105
-2 105
+2 105
-2 525
+7 210
+4 210
+4 105
-2 105
+2 210
+4 315
+1 420
+1 315
+8 105
-1 105
+1 210
+2 24
+1 24
+7 240
cfi=(82)
cfn=(288)
calls=24 772 
* 17818
* 810
cfi=(82)
cfn=(288)
calls=81 772 
* 63312
* 105
+4 525
+10 1050
+15 420
+9 315
+26 315
fi=(6)
+75 105
fe=(191)
-71 840
-63 96
fi=(223) ./elf/../sysdeps/x86_64/dl-irel.h
-68 6
cob=(2)
cfi=(138)
cfn=(436)
calls=1 -3 
* 23
cob=(2)
cfi=(125)
cfn=(392)
calls=1 -3 
* 24
cob=(2)
cfi=(102)
cfn=(338)
calls=1 -3 
* 22
cob=(2)
cfi=(131)
cfn=(412)
calls=2 -3 
* 50
cob=(2)
cfi=(117)
cfn=(372)
calls=1 -1 
* 21
fe=(191)
+93 12

fl=(383)
fn=(2886)
26 5
+17 1
-17 6
+20 13
+3 2
cob=(2)
cfi=(217)
cfn=(1352)
calls=1 +28 
* 44
+2 1
+3 2
+2 5
+7 3
-2 1
+2 1
cfi=(48)
cfn=(586) _dl_audit_activity_nsid
calls=1 -22 
* 11
+5 15
+5 1
-5 1
+5 3
+2 18
+2 18
+2 18
+1 9
+1 9
+4 9
-12 27
+14 6
+1 4
+6 6
cfi=(13)
cfn=(252)
calls=1 298 
* 705
+9 2
cob=(2)
cfi=(222)
cfn=(1366)
calls=1 367 
* 37
+5 6
+2 1
+2 2
-2 8
+2 16
+2 36
cfi=(384) ./elf/./elf/dl-call_fini.c
cfn=(2888) _dl_call_fini
calls=9 -90 
* 13267
+3 18
cfi=(48)
cfn=(2914) _dl_audit_objclose
calls=9 -20 
* 45
-9 18
+14 9
-14 27
+18 3
cfi=(48)
cfn=(586)
calls=1 -85 
* 11
* 2
+6 4
+2 1
-2 2
+6 2
+7 8
-77 2

fl=(9) ./elf/../sysdeps/unix/sysv/linux/dl-sysdep.c
fn=(16) _dl_sysdep_start
102 5
+4 1
-4 1
+1 1
+3 1
cfn=(18) _dl_sysdep_parse_arguments
calls=1 -28 
* 714
+4 2
cfi=(11)
cfn=(22)
calls=1 261 
* 86647
+3 1
cfi=(13)
cfn=(26) _dl_sort_maps_init
calls=1 289 
* 38
+2 2
cfi=(14) ./elf/../sysdeps/unix/sysv/linux/brk.c
cfn=(30) brk
calls=1 -79 
* 8
fi=(6)
220 1
cfi=(15)
cfn=(34) _dl_x86_init_cpu_features
calls=1 37 
* 7349
fe=(9)
-98 3
+1 1
cfi=(22)
cfn=(62)
calls=1 -66 
* 17
* 1
+2 2
cfi=(23) ./elf/../misc/sbrk.c
cfn=(64) sbrk
calls=1 -88 
* 16
* 3
+12 3
+3 5
cfi=(2)
cfn=(66) dl_main
calls=1 1346 
* 1965716
+3 4

fn=(584) _dl_sysdep_start_cleanup
147 1
+1 1

fn=(18)
78 1
+2 1
-2 6
+1 1
+1 1
-1 1
+2 2
+2 1
-2 1
+2 2
-1 1
+1 2
-1 139
+1 278
+7 56
fi=(10) ./elf/../sysdeps/unix/sysv/linux/dl-parse_auxv.h
-49 1
fe=(9)
+45 1
fi=(10)
-54 1
fe=(9)
+54 1
fi=(10)
-54 1
+1 1
+1 1
+7 3
+1 44
+1 22
-2 22
+2 22
-2 67
fe=(9)
+52 3
+1 1
+1 2
fi=(10)
-49 1
+1 1
fe=(9)
+46 1
fi=(10)
-45 1
+3 1
+1 1
+1 1
+1 1
+2 1
-5 1
-4 1
+1 1
+4 1
+1 1
+3 1
-7 1
-4 1
+1 1
+8 1
fe=(9)
+40 1
-1 1
+2 1
+1 6

fl=(45) ./elf/./elf/dl-debug.c
fn=(196) _dl_debug_update
38 8
+3 8
-1 16
+4 16
+4 8

fn=(144) _dl_debug_initialize
56 3
+3 2
+4 1
+22 1
+10 1
-32 2
+1 1
+21 2
+5 2
+1 1
+4 1
-4 1
-1 1
+2 1
+3 1
+4 2
+8 2
-50 1
+4 2
+35 6

fn=(150) _dl_debug_state
116 2
+1 2

fl=(32)
fn=(208)
98 7
+27 7
+1 7
+1 7
+1 7
+1 7
+2 7
+1 7
+2 7
+1 7
+21 7
+1 7
+1 7
+1 7
+1 7
+1 7
+1 7
+1 7
+17 7
+1 7
+1 7
+1 7
+1 7
+1 7
+1 7
2104 7
+3 7
+1 7
+2 5
+1 5
+8 5
+1 5
+3 2
+1 2

fn=(94)
98 2802
+33 2802
+1 2802
+2 2802
+1 2802
+21 2802
+1 2802
+1 2479
+1 2479
+1 2326
+1 2326
+1 2326
+1 2326
+17 2326
+1 2326
+1 2326
+1 2326
+1 2326
+1 2326
+1 2326
+5 80
+1 240
+9 80
+1 80
+1 80
+1 80
+1 80
+1 80
+1 80
+1 80
-7 476
+1 476
+1 476
+1 476
+1 476
+1 476
+1 476
+1 476
+1 470
+1 257
+1 257
+1 257
+2 257
+1 257
+1 257
+1 257
+1 257
+1 257
-5 213
+1 213
+1 213
+1 213
+1 213
+1 213
+10 86
+1 86
+1 86
+2 86
+6 86
+1 86
+1 86
+1 86
+1 86
+5 86
+2 79
+1 79
+1 158
+8 79
+1 79
+3 79
+1 79
+1 79
+1 79
+1 79
+1 79
-9 1
+1 1
+3 1
+1 1
+1 1
+1 1
+1 1
+1 1
+6 2
+1 2
+1 2
+3 2
+1 2
+1 2
+1 2
+1 2
+1 2
+5 1
+1 1
+9 7
+1 7
+1 7
+1 7
+1 7
+2 7
+1 7
+1 7
+1 7
+1 7
+1 7
+1 7
+1 7
+3 7
+1 7
+1 7
+6 7
+1 7
+1 14
+4 7
+1 7
+3 7
+1 7
+1 7
+2 7
+1 7
+1 7
+4 7
+1 7
+1 7
+1 7
+1 7
+1 7
+6 1
+1 1
+2 1
+1 1
+2 1
+1 1
+1 1
+2 1
+1 1
+1 1
+4 1
+1 1
+1 1
+1 1
+1 1
+1 1
+48 1
+1 1
+1 1
+1 1
+1 1
+2 1
+1 1
+1 1
+1 1
+1 1
+1 1
+1 1
+1 1
+3 1
+1 1
+1 1
+6 1
+1 1
+1 2
+4 1
+1 1
+3 1
+1 1
+1 1
+2 1
+1 1
+1 1
+4 1
+1 1
+1 1
+1 1
+1 1
+1 1
+7 1
+1 1
+2 1
+1 1
+2 1
+1 1
+1 1
+2 1
+1 1
+1 1
+4 1
+1 1
+1 1
+1 1
+1 1
+1 1
+41 4
+1 4
+1 4
+1 4
+1 4
+2 4
+1 4
+1 4
+1 4
+1 4
+1 4
+1 4
+1 3
+4 3
+1 3
+1 3
+6 3
+1 3
+1 6
+4 3
+1 3
-1 2
+1 2
+3 5
+1 5
+1 5
+2 5
+1 5
+1 5
+4 5
+1 5
+1 5
+1 5
+1 5
+1 5
+7 2
+1 2
+2 2
+1 2
+2 2
+1 2
+1 2
+2 2
+1 2
+1 2
+4 2
+1 2
+1 2
+1 2
+1 2
+1 2
+7 2
+1 2
+1 2
+32 20
+1 20
+1 20
+1 20
+1 20
+2 20
+1 20
+1 20
+1 20
+1 20
+1 20
+1 20
+1 6
+4 6
+1 6
+1 6
+6 6
+1 6
+1 12
+4 6
+1 6
+3 6
+1 6
+1 6
+2 6
+1 6
+1 6
+4 6
+1 6
+1 6
+1 6
+1 6
+1 6
+69 9
+1 9
+1 9
+1 9
+1 9
+2 9
+1 9
+1 9
+1 9
+1 9
+1 9
+1 9
+1 6
+4 6
+1 6
+1 6
+6 6
+1 6
+1 12
+4 6
+1 6
+3 6
+1 6
+1 6
+2 6
+1 6
+1 6
+4 6
+1 6
+1 6
+1 6
+1 6
+1 6
+69 8
+1 8
+1 8
+1 8
+1 8
+2 8
+1 8
+1 8
+1 8
+1 8
+1 8
+1 8
+1 7
+4 7
+1 7
+1 7
+6 7
+1 7
+1 14
+4 7
+1 7
-1 3
+1 3
+3 10
+1 10
+1 10
+2 10
+1 10
+1 10
+4 10
+1 10
+1 10
+1 10
+1 10
+1 10
+7 7
+1 7
+2 7
+1 7
+2 7
+1 7
+1 7
+2 7
+1 7
+1 7
+4 7
+1 7
+1 7
+1 7
+1 7
+1 7
+7 3
+1 3
+1 3
+32 13
+1 13
+1 13
+1 13
+1 13
+2 13
+1 13
+1 13
+1 13
+1 13
+1 13
+1 13
+1 11
+4 11
+1 11
+1 11
+6 11
+1 11
+1 22
+4 11
+1 11
-1 2
+1 2
+3 13
+1 13
+1 13
+2 13
+1 13
+1 13
+4 13
+1 13
+1 13
+1 13
+1 13
+1 13
+7 3
+1 3
+2 3
+1 3
+2 3
+1 3
+1 3
+2 3
+1 3
+1 3
+4 3
+1 3
+1 3
+1 3
+1 3
+1 3
+7 2
+1 2
+1 2
+32 21
+1 21
+1 21
+1 21
+1 21
+2 21
+1 21
+1 21
+1 21
+1 21
+1 21
+1 21
+1 10
+4 10
+1 10
+1 10
+6 10
+1 10
+1 20
+4 10
+1 10
-1 1
+1 1
+3 11
+1 11
+1 11
+2 11
+1 11
+1 11
+4 11
+1 11
+1 11
+1 11
+1 11
+1 11
+7 2
+1 2
+2 2
+1 2
+2 2
+1 2
+1 2
+2 2
+1 2
+1 2
+4 2
+1 2
+1 2
+1 2
+1 2
+1 2
+7 1
+1 1
+1 1
+32 31
+1 31
+1 31
+1 31
+1 31
+2 31
+1 31
+1 31
+1 31
+1 31
+1 31
+1 31
+1 20
+4 20
+1 20
+1 20
+6 20
+1 20
+1 40
+4 20
+1 20
-1 8
+1 8
+3 28
+1 28
+1 28
+2 28
+1 28
+1 28
+4 28
+1 28
+1 28
+1 28
+1 28
+1 28
+7 15
+1 15
+2 15
+1 15
+2 15
+1 15
+1 15
+2 15
+1 15
+1 15
+4 15
+1 15
+1 15
+1 15
+1 15
+1 15
+7 8
+1 8
+1 8
+32 27
+1 27
+1 27
+1 27
+1 27
+2 27
+1 27
+1 27
+1 27
+1 27
+1 27
+1 27
+1 18
+4 18
+1 18
+1 18
+6 18
+1 18
+1 36
+4 18
+1 18
-1 1
+1 1
+3 19
+1 19
+1 19
+2 19
+1 19
+1 19
+4 19
+1 19
+1 19
+1 19
+1 19
+1 19
+7 6
+1 6
+2 6
+1 6
+2 6
+1 6
+1 6
+2 6
+1 6
+1 6
+4 6
+1 6
+1 6
+1 6
+1 6
+1 6
+7 1
+1 1
+1 1
+32 60
+1 60
+1 60
+1 60
+1 60
+2 60
+1 60
+1 60
+1 60
+1 60
+1 60
+1 60
+1 36
+4 36
+1 36
+1 36
+6 36
+1 36
+1 72
+4 36
+1 36
-1 6
+1 6
+3 42
+1 42
+1 42
+2 42
+1 42
+1 42
+4 42
+1 42
+1 42
+1 42
+1 42
+1 42
+7 8
+1 8
+2 8
+1 8
+2 8
+1 8
+1 8
+2 8
+1 8
+1 8
+4 8
+1 8
+1 8
+1 8
+1 8
+1 8
+7 6
+1 6
+1 6
+32 75
+1 75
+1 75
+1 75
+1 75
+2 75
+1 75
+1 75
+1 75
+1 75
+1 75
+1 75
+1 20
+4 20
+1 20
+1 20
+6 20
+1 20
+1 40
+4 20
+1 20
-1 4
+1 4
+3 24
+1 24
+1 24
+2 24
+1 24
+1 24
+4 24
+1 24
+1 24
+1 24
+1 24
+1 24
+7 8
+1 8
+2 8
+1 8
+2 8
+1 8
+1 8
+2 8
+1 8
+1 8
+4 8
+1 8
+1 8
+1 8
+1 8
+1 8
+7 4
+1 4
+1 4
+32 110
+1 110
+1 110
+1 110
+1 110
+2 110
+1 110
+1 110
+1 110
+1 110
+1 110
+1 110
+1 94
+4 94
+1 94
+1 94
+6 94
+1 94
+1 188
+4 94
+1 94
-1 5
+1 5
+3 99
+1 99
+1 99
+2 99
+1 99
+1 99
+4 99
+1 99
+1 99
+1 99
+1 99
+1 99
+7 11
+1 11
+2 11
+1 11
+2 11
+1 11
+1 11
+2 11
+1 11
+1 11
+4 11
+1 11
+1 11
+1 11
+1 11
+1 11
+7 5
+1 5
+1 5
+32 35
+1 35
+1 35
+1 35
+1 35
+2 35
+1 35
+1 35
+1 35
+1 35
+1 35
+1 35
+1 17
+4 17
+1 17
+1 17
+6 17
+1 17
+1 34
+4 17
+1 17
+3 17
+1 17
+1 17
+2 17
+1 17
+1 17
+4 17
+1 17
+1 17
+1 17
+1 17
+1 17
+69 49
+1 49
+1 49
+1 49
+1 49
+2 49
+1 49
+1 49
+1 49
+1 49
+1 49
+1 49
+2 11
+4 11
+1 11
+1 11
+6 11
+1 11
+2 22
+4 11
+1 11
-1 3
+1 3
+3 14
+1 14
+1 14
+2 14
+1 14
+1 14
+4 14
+1 14
+1 14
+1 14
+1 14
+1 14
+7 5
+1 5
+2 5
+1 5
+2 5
+1 5
+1 5
+2 5
+1 5
+1 5
+4 5
+1 5
+1 5
+1 5
+1 5
+1 5
+7 3
+1 3
+1 3
+34 346
+2 346
+1 346
+1 346
+1 346
-3 210
+1 210
+1 210
+1 210
+1 514
+5 257
+6 257
+1 257
+8 257
+1 257
-16 2545
+6 2545
+1 2545
+8 2545
+1 2545

fl=(51)
fn=(162)
31 25
+2 25
+9 25
+1 50
+1 25
+4 25
+1 25
+1 25
+1 25
+1 25
+2 50
+2 25
+1 25
+1 25
+2 50
+2 25
+8 25
+3 25
+1 25
+7 25
+1 25

fl=(20) ./elf/../sysdeps/x86/dl-cacheinfo.h
fn=(52) intel_check_word.constprop.0
123 48
-4 72
+10 24
-10 96
+10 48
-10 24
+10 24
-10 24
+10 24
+2 48
+71 48
fi=(21) ./elf/../bits/stdlib-bsearch.h
32 24
fe=(20)
202 120
-71 96
+2 60
+2 120
+8 120
+51 96
+22 48
fi=(21)
28 48
-1 96
+2 216
+2 168
+1 84
fe=(20)
+78 168
+3 324
fi=(21)
-78 264
-6 528
+2 480
+1 240
fe=(20)
+78 480
+15 12
246 144
fi=(21)
37 120
fe=(20)
155 36
+3 36
-6 12
+3 39
+9 18
+23 21
-32 63
+3 63
+4 58
+2 116
+3 84
+1 48
+1 48
+1 30
+2 11
+2 22
+6 14
+3 8
+1 12
-20 15
+12 4
+2 4
+1 4
-2 4
-1 4
+2 8
-2 4
+3 4
-2 12
+2 12
+11 2
-9 12

fn=(56) get_common_cache_info.constprop.0
571 11
+17 1
+1 1
+9 1
-12 1
+2 1
+2 1
+8 1
-11 1
+3 1
+11 2
-5 3
+17 1
+5 3
+4 2
770 5
+1 5
+4 2
+8 1
-1 1
+1 1
+1 1
+1 7
627 5
+3 6
-32 5
+75 4
+8 5
+2 2
-2 1
+6 3
+3 1
+1 5
-4 4
+21 2
-21 4
+2 1
+2 4
-4 1
+6 4
+3 2
+5 1
+2 2
+1 1
+1 1
-2 2
+1 1
-19 4
+46 2
+1 1
+1 2
+1 1
+25 3
630 3
+10 6
+14 2
+4 1
+3 1
+1 1
-4 2
+3 3
+6 4
-37 12
+7 6
-7 3
+7 2
+3 20
+5 2
+4 1
+1 1
-1 2
+1 1
+61 2
+7 1
+2 2
-16 1
+22 1
-6 2
+1 1
+5 1
-30 5

fn=(50) handle_intel.constprop.0
255 24
-5 12
+17 12
-17 96
+11 12
+1 12
+5 36
+4 24
+34 96
-29 12
+3 24
-3 12
+3 36
cfn=(52)
calls=12 123 
* 4092
+2 24
+3 60
cfn=(52)
calls=12 123 
* 1272
+2 24

fl=(57) ./misc/../sysdeps/unix/sysv/linux/mmap64.c
fn=(182) mmap
47 34
+3 68
-3 204
+6 68
+5 204
+2 136
-7 74

fl=(55) ./io/../sysdeps/unix/sysv/linux/fstat64.c
fn=(178) fstat
30 9
+9 36
+33 9

fl=(16) ./elf/../sysdeps/x86/cpu-features.c
fn=(36) init_cpu_features.constprop.0
682 1
+17 1
-17 7
+3 1
+1 1
+1 1
+3 1
+9 2
+3 6
1001 3
+1 2
+3 2
+1 2
+6 1
+1 1
+1 1
+1 1
fi=(20)
792 1
+1 1
+2 1
+14 2
+85 1
+1 1
+15 1
-5 1
+5 1
-10 1
-6 1
+2 1
+14 1
-15 1
+2 1
-1 1
+2 1
-1 1
+2 1
-1 1
+1 1
+2 1
+1 1
+1 1
+1 1
+35 2
-15 3
+8 2
+27 6
+9 2
+19 2
+8 6
cfi=(11)
cfn=(28)
calls=1 387 
* 23
* 1
+2 2
+3 4
cfi=(11)
cfn=(28)
calls=1 387 
* 23
* 1
+2 2
+3 4
cfi=(11)
cfn=(28)
calls=1 387 
* 23
* 1
+1 5
+16 2
-12 5
cfi=(11)
cfn=(28)
calls=1 387 
* 23
* 1
+1 3
+6 3
+3 1
-3 2
cfi=(11)
cfn=(28)
calls=1 387 
* 23
* 1
+3 5
-3 1
+3 5
cfi=(11)
cfn=(58)
calls=1 153 
* 62
+1 10
cfi=(11)
cfn=(58)
calls=1 153 
* 62
+1 11
cfi=(11)
cfn=(58)
calls=1 153 
* 62
+3 10
cfi=(11)
cfn=(58)
calls=1 153 
* 62
+2 10
cfi=(11)
cfn=(58)
calls=1 153 
* 62
+13 1
+2 1
fe=(16)
-23 1
fi=(20)
+21 1
+3 1
fe=(16)
-24 1
fi=(20)
+26 1
-5 1
+2 1
-2 1
+3 1
fe=(16)
-24 1
fi=(20)
+25 1
+3 1
-1 1
fe=(16)
-27 1
cfi=(11)
cfn=(28)
calls=1 387 
* 22
+3 4
cfi=(11)
cfn=(28)
calls=1 387 
* 24
+6 3
+54 1
-1 1
+1 1
+45 4
cfi=(11)
cfn=(28)
calls=1 387 
* 22
+2 4
cfi=(11)
cfn=(28)
calls=1 387 
* 22
+6 4
cfi=(11)
cfn=(28)
calls=1 387 
* 24
+7 8
fi=(20)
974 12
fe=(16)
+68 1
-1 2
+1 3
+44 3
+27 2
-10 2
+1 2
+2 3
+1 2
+2 3
+1 2
fi=(20)
811 2
cfn=(50)
calls=1 255 
* 455
+1 1
-1 1
+1 1
cfn=(50)
calls=1 255 
* 503
+1 1
-1 1
+1 1
cfn=(50)
calls=1 255 
* 530
+4 1
-4 1
+1 2
+3 1
cfn=(50)
calls=1 255 
* 476
+2 1
-2 1
+2 1
cfn=(50)
calls=1 255 
* 468
+3 1
-3 1
+1 2
+2 1
cfn=(50)
calls=1 255 
* 446
+2 1
-2 1
+2 1
cfn=(50)
calls=1 255 
* 447
+3 1
-2 1
-1 1
+3 1
cfn=(50)
calls=1 255 
* 494
+2 1
-2 1
+2 1
cfn=(50)
calls=1 255 
* 495
+1 1
+2 1
-3 1
+1 1
+2 1
cfn=(50)
calls=1 255 
* 521
+2 1
-2 1
+2 1
cfn=(50)
calls=1 255 
* 522
+2 1
-2 1
+2 1
cfn=(50)
calls=1 255 
* 523
+2 4
-2 1
+2 1
cfn=(56)
calls=1 571 
* 223
+93 1
-6 3
+6 1
-6 2
+6 2
-6 2
+6 2
-1 2
fe=(16)
708 6
cfn=(38) get_common_indices.constprop.0
calls=1 398 
* 74
376 3
+1 2
+1 6
+5 2
713 1
cfn=(42) update_active.constprop.0
calls=1 72 
* 222
+2 1
+2 1
1015 1
715 2
878 2
+7 2
+2 2
+4 2
+6 2
+2 1
706 2
-3 1
384 6
+5 2
+1 7
717 1
fi=(20)
987 1
-48 1
fe=(16)
717 1
fi=(20)
987 2
fe=(16)
717 6
+4 7
+78 1
-25 3
+92 2
+3 2
fi=(20)
+38 1
fe=(16)
-37 1
-89 2
+51 2

fn=(38)
398 3
+4 4
+3 3
+5 2
-5 1
+5 1
-5 1
+4 1
+1 1
+1 4
+1 4
+1 3
+1 2
+7 2
+2 5
+5 1
-5 1
+5 1
-5 1
+5 1
-5 2
+5 1
+7 1
-7 4
+7 1
+1 3
+6 1
-6 4
+6 1
fi=(17) ./elf/../sysdeps/unix/sysv/linux/x86/dl-minsigstacksize.h
24 2
+3 2
+1 2
+37 3
+7 1
+2 1
fe=(16)
457 3

fn=(42)
72 8
+4 1
+10 1
+9 1
+9 1
-19 1
-1 1
+29 1
-4 1
-24 1
+9 1
+9 1
+9 1
-28 2
+25 1
-15 1
-9 1
+9 1
+9 1
+9 1
-3 1
+7 1
-13 1
+9 1
+4 2
-22 1
+22 2
-13 1
+6 1
+3 1
+5 1
+12 1
-8 1
-4 1
+7 1
-3 4
+1 1
+2 1
-2 2
+1 3
+5 1
+2 1
-2 4
+1 1
+1 1
-1 2
+1 1
-1 1
+3 2
+1 4
+14 2
356 2
+4 3
fi=(18) ./elf/../sysdeps/unix/sysv/linux/x86/dl-hwcap2.h
25 2
fi=(19) ./elf/../sysdeps/x86/get-isa-level.h
+5 1
-2 1
+2 3
fe=(16)
369 1
+1 8
151 2
+1 2
-1 5
+1 2
+2 3
+90 1
+1 1
-1 2
+17 4
+16 2
+5 1
-1 2
+4 4
+4 2
+4 3
+1 2
+3 1
-1 1
+9 1
-5 1
+2 1
-2 1
+5 1
+51 1
fi=(19)
31 1
fe=(16)
356 2
fi=(19)
32 3
+4 3
fe=(16)
158 4
+3 1
+3 2
+14 1
+2 1
+10 3
-12 1
+12 1
-12 1
+2 2
-2 1
+2 1
+8 1
-8 1
+6 3
+2 1
-2 1
+2 3
+7 5
fi=(19)
39 2
+1 4
-2 1
+7 4
+2 1
+1 2
+3 5
+2 4
+1 2
+1 2
+3 1
-1 1
+1 3
fe=(16)
171 1
-5 2
+4 1

fl=(14)
fn=(30)
36 1
fi=(411) ./elf/../sysdeps/unix/sysv/linux/brk_call.h
-12 2
fe=(14)
+13 1
+1 2
+6 1
+1 1

fl=(74) ./io/../sysdeps/unix/sysv/linux/pread64_nocancel.c
fn=(246) __pread64_nocancel
25 4
+1 8
+1 2

fl=(180)
fn=(600) call_init.part.0
26 108
+17 9
+3 9
-3 18
+3 18
+5 16
+8 24
+1 36
cob=(4)
cfi=(178)
cfn=(1328)
calls=1 -60 
* 6
cob=(4)
cfi=(178)
cfn=(654)
calls=1 -60 
* 7
cob=(4)
cfi=(178)
cfn=(644)
calls=1 -60 
* 7
cob=(4)
cfi=(178)
cfn=(632)
calls=1 -60 
* 7
cob=(4)
cfi=(178)
cfn=(622)
calls=1 -60 
* 7
cob=(4)
cfi=(178)
cfn=(602)
calls=1 -60 
* 7
+3 8
+1 16
+6 14
+2 14
-2 7
+3 61
+1 76
cob=(9)
cfi=(215)
cfn=(1340)
calls=1 -74 
* 26180
cob=(8)
cfi=(189)
cfn=(1326)
calls=1 -74 
* 83
cob=(8)
cfi=(189)
cfn=(1320)
calls=1 -74 
* 255
cob=(8)
cfi=(189)
cfn=(1294)
calls=1 -74 
* 50
cob=(8)
cfi=(189)
cfn=(1268)
calls=1 -74 
* 50
cob=(8)
cfi=(189)
cfn=(1250)
calls=1 -74 
* 34
cob=(8)
cfi=(189)
cfn=(1232)
calls=1 -74 
* 34
cob=(8)
cfi=(189)
cfn=(1228)
calls=1 -74 
* 173
cob=(8)
cfi=(189)
cfn=(1226)
calls=1 -74 
* 83
cob=(8)
cfi=(189)
cfn=(1224)
calls=1 -74 
* 83
cob=(8)
cfi=(189)
cfn=(1222)
calls=1 -74 
* 48
cob=(8)
cfi=(189)
cfn=(1196)
calls=1 -74 
* 78
cob=(8)
cfi=(189)
cfn=(1140)
calls=1 -74 
* 5266
cob=(8)
cfi=(189)
cfn=(1130)
calls=1 -74 
* 801
cob=(8)
cfi=(189)
cfn=(1128)
calls=1 -74 
* 3
cob=(8)
cfi=(189)
cfn=(1114)
calls=1 -74 
* 991
cob=(8)
cfi=(189)
cfn=(1108)
calls=1 -74 
* 12
cob=(7) /usr/lib/x86_64-linux-gnu/libgcc_s.so.1
cfi=(187) ???
cfn=(638) 0x0000000000005b10
calls=1 -74 
* 12
cob=(2)
cfi=(185)
cfn=(620)
calls=1 545 
* 12
* 28
cob=(9)
cfi=(215)
cfn=(1332)
calls=1 -74 
* 17
cob=(8)
cfi=(189)
cfn=(658)
calls=1 -74 
* 87895
cob=(3)
cfi=(188)
cfn=(648)
calls=1 -74 
* 12
cob=(7)
cfi=(187)
cfn=(636) __cpu_indicator_init
calls=1 -74 
* 364
cob=(6)
cfi=(186)
cfn=(626)
calls=1 -74 
* 12
cob=(2)
cfi=(182)
cfn=(612)
calls=1 -28 
* 72
cob=(5)
cfi=(181)
cfn=(606)
calls=1 -74 
* 12
-1 78
+3 72
-29 2

fn=(598)
81 13
+1 1
+1 1
+3 3
+8 2
+25 1
+1 8
+1 18
-92 18
+6 27
+2 42
+83 16
cfn=(600)
calls=8 -94 
* 123210
* 16
+7 8
-98 2
+60 2
-54 3
+2 7
cfn=(600)
calls=1 -11 
* 77
* 2

fl=(8) ./elf/./elf/dl-setup_hash.c
fn=(14) _dl_setup_hash
25 9
+3 9
-3 9
+3 18
+3 27
+1 18
+2 9
-1 9
+3 27
+1 9
+1 18
+7 9
-5 9
-2 9
+3 18
+2 9
+2 18
+5 9

fl=(13)
fn=(254) dfs_traversal.part.0
135 144
+10 16
-2 16
+2 32
+2 52
-7 86
+7 164
+9 28
+15 48
+1 16
+1 102
cfn=(255) dfs_traversal.part.0'2
calls=2 -38 
* 85
-26 10
+9 29

fn=(255)
135 18
+10 2
-2 2
+2 4
+2 8
-7 8
+7 16
+9 4
+15 6
+1 2
+1 12
-17 3

fn=(252)
298 24
+8 2
-8 2
+8 4
+4 16
-99 2
-28 2
-2 2
+1 4
+29 2
-28 8
+1 2
-1 2
+1 2
-1 4
+1 16
-1 16
+1 16
-1 32
+28 30
+8 6
-3 2
+2 2
+1 4
-3 2
+5 56
+2 18
-83 84
cfn=(254)
calls=16 -5 
* 828
+86 52
+18 8
+32 8
+7 2
+27 2
-47 6
cfi=(29)
cfn=(82)
calls=2 -53 
* 54
* 2

fn=(26)
289 2
+1 2
-1 2
+1 2
cfi=(11)
cfn=(28)
calls=1 +97 
* 24
+2 3
-1 1
+2 2

fl=(25) ./elf/./elf/dl-environ.c
fn=(70) _dl_next_ld_env_entry
28 3
+1 3
+3 148
+13 138
-13 276
+2 280
+1 38
+5 2
-3 2
+3 2
+2 2

fl=(22)
fn=(62)
57 49
+44 49
+1 49
+1 49
+1 49
+1 49
+1 49
+1 49
+2 49
+2 49
+31 48
+1 48
+1 48
+1 48
+1 48
+1 22
+2 22
+4 26
+1 26
+1 26
+1 26
+1 26
+1 26
+1 26
+1 26
+1 26
+1 26
+1 26
+1 26
+5 206
+4 1
+1 14
+1 8
+68 1
+1 1
+1 1
+1 1
+1 1
+1 1
+1 1
+1 1
+16 1
+2 1
+1 14
+2 1
+1 1
+1 1
+2 1

fl=(23)
fn=(64)
37 4
+3 1
-3 2
+21 2
+4 2
+16 5

fl=(54) ./io/../sysdeps/unix/sysv/linux/read_nocancel.c
fn=(174) __read_nocancel
25 7
+1 28
+1 7

fl=(24)
fn=(274) __tls_init_tp
68 2
fi=(412) ./elf/../include/list.h
-24 1
fe=(24)
+24 3
fi=(412)
-25 1
fe=(24)
+26 1
+3 1
fi=(412)
-29 1
+1 1
+1 1
+2 1
fe=(24)
+28 4
+1 2
+1 1
+5 2
+5 1
+6 1
-3 1
+3 1
-6 3
+6 1
+12 4
cfi=(11)
cfn=(28)
calls=1 387 
* 24
fi=(79) ./elf/../sysdeps/unix/sysv/linux/rseq-internal.h
-73 3
+8 1
fe=(24)
+81 3
+7 2
+1 3
fi=(79)
-95 7
+3 2
fe=(24)

fn=(68) __tls_pre_init_tp
53 3
+3 8
+5 1
-5 1
+5 1
+1 1
-6 1
+8 1

fn=(86)
42 182
+2 364

fl=(75)
fn=(248)
30 91
+4 7
+1 14
+10 14
+18 7
-17 7
+17 35

fl=(58) ./misc/../sysdeps/unix/sysv/linux/setvmaname.c
fn=(184) __set_vma_name
33 3
+2 11
-2 4
+7 1
-7 2
+7 1
-7 2
+7 1
-7 1
+7 1
cfi=(11)
cfn=(28)
calls=1 387 
* 24
* 3
+7 1
+2 6

fl=(389)
fn=(3054)
29 2
+1 2
+1 2
+2 2
+1 2
+1 2
+3 2
+1 2
+4 2
+1 2
+1 2
+1 2

fl=(48)
fn=(152) _dl_audit_activity_map
29 2
+2 1
-2 5
+1 1
+1 2
+6 6

fn=(2914)
97 9
+1 36

fn=(1702)
118 1
+1 4

fn=(586)
41 3
+4 12
+1 3
+1 15

fn=(198) _dl_audit_objopen
77 7
+1 28

fl=(52)
fn=(202) _dl_sysdep_read_whole_file
36 4
+3 2
-3 14
+3 2
-3 4
+3 2
cfi=(53) ./io/../sysdeps/unix/sysv/linux/open64_nocancel.c
cfn=(172) __open_nocancel
calls=2 -11 
* 40
+1 4
+23 16
-21 8
cfi=(55)
cfn=(178)
calls=2 -12 
* 12
* 4
+2 4
+3 4
+13 4
cfi=(62)
cfn=(194)
calls=2 -35 
* 12
* 2
-11 12
cfi=(57)
cfn=(182)
calls=2 -2 
* 52
* 4

fn=(540)
87 2
+38 2
-1 2
+3 2
+2 80
+1 30
+3 7
-6 24
+18 2
+1 2
-15 6

fn=(168)
68 1456
+1 416
cfi=(32)
cfn=(94)
calls=208 +29 
* 6662
* 416
+3 208
+2 416
+6 203
-6 406
+1 690
cfi=(32)
cfn=(94)
calls=230 +23 
* 7970
* 460
+8 27
-13 27
+13 262
-1 181
+1 543

fl=(71) ./elf/./elf/dl-cache.c
fn=(588) _dl_unload_cache
525 1
+1 4
-1 1
+3 1
-3 1
+3 1
cfi=(67)
cfn=(220)
calls=1 117 
* 6
+7 1
-6 1
+4 1
+2 1

fn=(236) _dl_load_cache_lookup
403 50
+2 10
+3 15
+69 12
+5 5
205 5
482 10
+3 15
fi=(73) ./elf/../sysdeps/x86/dl-procinfo.h
39 10
+3 15
cfi=(32)
cfn=(94)
calls=5 +56 
* 125
* 20
fe=(71)
208 30
cfi=(11)
cfn=(28)
calls=5 387 
* 115
* 5
+12 5
-10 5
-2 5
+12 10
-7 25
+9 25
+1 5
-32 10
+36 5
-4 5
+4 10
-5 195
+1 39
-32 78
+36 39
-4 39
+4 78
+4 132
cfn=(242) _dl_cache_libcmp
calls=44 357 
* 3465
+1 88
346 39
+3 19
220 38
347 20
220 50
+2 50
+20 18
+3 18
+2 36
cfn=(242)
calls=9 357 
* 1187
* 18
+2 4
-9 18
-30 15
+1 5
fi=(413) ./elf/../sysdeps/x86/dl-isa-level.h
28 10
fe=(71)
210 10
fi=(413)
28 5
fe=(71)
210 5
+1 5
-1 15
+76 15
fi=(413)
28 15
fe=(71)
259 10
+10 15
+1 20
+16 5
fi=(72) ./elf/../sysdeps/generic/dl-cache.h
125 5
fe=(71)
286 15
+9 10
+3 10
+3 5
+1 15
+28 10
500 10
+12 10
cfi=(22)
cfn=(62)
calls=5 57 
* 175
+1 5
-1 5
+1 60
+1 5
-1 5
+1 5
-1 5
+1 5
cfi=(29)
cfn=(82)
calls=5 210 
* 79
* 5
+1 5
cfi=(44)
cfn=(138)
calls=5 40 
* 552
+1 40
411 4
cfi=(52)
cfn=(202)
calls=1 36 
* 103
* 1
+8 5
+1 8
+3 3
+1 1
-1 3
fi=(72)
194 1
+1 5
fe=(71)
431 1
+1 2

fn=(242)
357 53
+1 53
+32 53
-33 53
+1 124
+2 310
+2 310
-2 620
+20 602
+2 602
-12 257
+2 257
+14 257
+1 257
-29 514
+32 27
-28 18
+6 9
+2 9
-2 9
+1 9
-1 9
+1 9
-1 9
+2 27
+2 9
-3 9
+3 27
+2 18
+9 132

fl=(384)
fn=(2888)
24 72
+4 18
+6 9
-2 9
+3 18
+3 7
+1 7
-1 7
+1 14
+3 28
+1 7
cob=(6)
cfi=(186)
cfn=(3128)
calls=1 -43 
* 152
cob=(7)
cfi=(187)
cfn=(3098) 0x0000000000004940
calls=1 -43 
* 42
cob=(3)
cfi=(188)
cfn=(3080)
calls=1 -43 
* 152
cob=(8)
cfi=(189)
cfn=(2986)
calls=1 -43 
* 8852
cob=(9)
cfi=(215)
cfn=(2934)
calls=1 -43 
* 3103
cob=(5)
cfi=(181)
cfn=(2916)
calls=1 -43 
* 152
cob=(10)
cfi=(246)
cfn=(2890)
calls=1 -43 
* 152
* 2
cob=(7)
cfi=(187)
cfn=(3110) 0x0000000000005ad0
calls=1 -43 
* 152
cob=(9)
cfi=(215)
cfn=(2968)
calls=1 -43 
* 154
-1 36
+5 9
+1 18
+1 14
+1 35
-1 7
cob=(4)
cfi=(178)
cfn=(3144)
calls=1 -49 
* 4
cob=(4)
cfi=(178)
cfn=(3126)
calls=1 -49 
* 4
cob=(4)
cfi=(178)
cfn=(3096)
calls=1 -49 
* 4
cob=(4)
cfi=(178)
cfn=(3078)
calls=1 -49 
* 4
cob=(4)
cfi=(178)
cfn=(2984)
calls=1 -49 
* 3
cob=(4)
cfi=(178)
cfn=(2932)
calls=1 -49 
* 4
cob=(4)
cfi=(178)
cfn=(2912)
calls=1 -49 
* 4
+1 12

fl=(38)
fn=(110)
29 1
fi=(19)
+2 1
fe=(38)
+7 1
fi=(19)
-8 4
fe=(38)
+22 1
fi=(19)
-20 3
+4 1
fe=(38)
+2 1
fi=(19)
-2 2
+3 4
+1 4
+5 1
fe=(38)
-7 1
fi=(19)
+7 3
fe=(38)
-2 1
fi=(19)
+5 2
+3 5
+2 4
+1 2
+1 2
+3 1
fe=(38)
-10 1
fi=(19)
+10 3
fe=(38)

fl=(27)
fn=(78)
36 456
+1 171
+11 168
+3 56
-3 56
+3 112
-3 2
+3 1
-3 1
+3 218
+19 57
+1 57
+2 342
-17 12
+1 6
+2 3
+1 21
cfi=(57)
cfn=(182)
calls=3 -13 
* 78
* 3
+2 6
+2 12
cfi=(58)
cfn=(184)
calls=3 -31 
* 61
+1 9
+2 3
+4 3
-4 6
-24 1
-1 1
+1 1
+1 2
-2 2

fn=(74)
80 21
+4 21
-4 84
+7 21
+1 63
fi=(28)
-32 21
cfi=(27)
cfn=(78)
calls=21 -20 
* 737
fe=(27)

fn=(142)
97 6
+2 23
-2 1
+6 4
-6 1
+6 1
cfi=(43)
cfn=(130)
calls=1 +29 
* 13
+3 1
-2 1
+2 1

fl=(30)
fn=(170) open_verify.constprop.0
1572 320
+32 32
-32 64
+32 64
+19 128
cfi=(53)
cfn=(172)
calls=32 28 
* 715
* 32
+2 64
+8 7
+1 14
+5 7
-5 7
+5 35
cfi=(54)
cfn=(174)
calls=7 25 
* 42
+2 14
+2 14
+2 14
+6 14
+17 91
+81 14
+5 14
+6 28
+6 14
+6 7
+1 7
-1 21
+1 21
+26 288
-22 13
+1 2
-1 1
+1 1
cfi=(74)
cfn=(246)
calls=1 25 
* 7
* 2
1668 9
-59 50
1777 2

fn=(132) fillin_rpath.isra.0
468 9
+4 1
-4 8
+6 3
cfi=(7)
cfn=(134)
calls=1 239 
* 356
* 12
cfi=(7)
cfn=(134)
calls=4 239 
* 624
* 15
+7 8
+2 9
cfn=(136) expand_dynamic_string_token
calls=3 -98 
* 459
* 3
+4 6
+5 6
cfi=(22)
cfn=(62)
calls=3 57 
* 87
* 3
+1 6
+7 15
+9 54
+1 40
cfi=(42)
cfn=(122)
calls=2 59 
* 34
* 4
+7 3
+1 2
+3 2
fi=(28)
50 8
cfi=(27)
cfn=(142)
calls=4 +47 
* 42
+1 4
fe=(30)
509 1
-32 1
+1 1
+31 2
+19 12
+4 12
fi=(28)
56 3
cfi=(27)
cfn=(78)
calls=3 -20 
* 90
* 3
fe=(30)
534 6
+5 3
+1 6
-1 3
-1 3
+2 3
cfi=(29)
cfn=(126)
calls=3 197 
* 39
+3 3
-3 3
+1 3
+2 3
+6 3
+1 3
-1 9
+1 15
+1 3
-1 3
+1 3
-1 9
+1 3
-1 6
+1 3
+2 6
+1 9
+1 3
+6 6
+1 3
+3 9
-60 6
-22 6
+88 1
+3 8
-24 6

fn=(206) is_dst
202 30
+13 6
-13 18
+13 6
cfi=(22)
cfn=(62)
calls=6 57 
* 102
-9 6
+9 6
-9 6
+10 24
cfi=(32)
cfn=(208)
calls=6 98 
* 188
* 12
+2 6
+11 32
-11 6
+11 14

fn=(88) _dl_process_pt_gnu_property
868 7
+8 7
-8 14
+8 7
-6 7
+12 14
-13 7
+13 7
-13 7
+13 14
+3 21
+1 14
+1 14
+3 21
+1 21
+4 7
+1 14
+22 7
+2 7
-2 14
+2 21
-20 22
+1 11
+3 22
+3 11
+1 44
fi=(31) ./elf/../sysdeps/x86/dl-prop.h
95 44
+7 22
+16 11
-3 22
254 14
+1 7
+2 28
+3 7
-8 8
+5 4
-4 4
+4 12
+3 4
-2 3
fe=(30)

fn=(176) _dl_map_object_from_fd
944 70
+15 7
-15 14
+15 7
-15 14
+15 14
+77 28
+10 14
+7 49
cfi=(26)
cfn=(72)
calls=7 59 
* 2570
* 7
+1 14
+11 7
+5 7
-4 7
-1 7
+2 7
+2 7
-2 7
+2 14
+1 21
+1 12
+19 12
-2 6
+2 62
-2 1
+2 73
+10 7
-10 7
+10 21
+27 7
-33 7
-3 7
+2 7
-1 7
+35 7
+9 7
-50 7
+41 7
+9 7
-36 7
+63 35
-62 258
+26 182
+8 52
+1 26
-1 26
+1 104
+1 26
-1 26
+1 26
+2 26
-2 26
+2 26
+2 26
-4 26
+1 26
+3 26
-4 26
+4 130
+2 52
+13 52
+1 95
+5 19
+1 171
-28 38
-35 57
+62 7
+1 63
-28 14
-35 156
+1 403
1213 7
1100 7
1213 14
1100 21
1218 49
+10 21
+1 7
-1 7
+1 7
-1 21
+1 19
-1 19
+1 19
-1 57
1066 14
1235 14
+10 28
+7 28
fi=(59) ./elf/./dl-map-segments.h
28 7
fe=(30)
1252 21
fi=(59)
28 14
+1 48
cfi=(57)
cfn=(182)
calls=6 +18 
* 168
+73 12
-1 6
-72 6
+73 6
+3 14
+1 7
+2 7
-3 7
+1 7
+2 7
+7 7
+3 4
cfi=(67)
cfn=(222)
calls=1 -1 
* 6
* 2
+7 7
-44 7
fi=(60) ./elf/./dl-load.h
+10 52
fi=(59)
+58 104
+6 7
+2 7
-2 7
+1 7
+2 14
-1 14
+3 14
+5 14
+3 21
+8 42
cfi=(43)
cfn=(130)
calls=7 -44 
* 833
* 7
+6 14
+12 26
-59 156
+2 76
+2 152
cfi=(57)
cfn=(182)
calls=19 -92 
* 399
* 38
fe=(30)
1264 7
fi=(56) ./elf/../sysdeps/posix/dl-fileid.h
37 14
cfi=(55)
cfn=(178)
calls=7 -7 
* 42
* 14
fe=(30)
989 14
fi=(56)
40 21
fe=(30)
989 7
fi=(56)
40 7
fe=(30)
989 133
+1 70
fi=(56)
49 112
fe=(30)
1519 63
1074 13
+1 2
-1 1
+1 1
-1 1
+1 1
cfi=(74)
cfn=(246)
calls=1 25 
* 7
* 2
+46 2
+1 1
-15 14
+7 7
+2 7
-2 7
+1 7
+1 7
-1 14
+1 56
+60 9
+5 3
-1 6
+5 3
-5 6
-66 3
+71 12
+1 3
+3 3
-3 3
+8 12
+15 14
+1 7
1008 14
1268 28
+1 21
fi=(61) ./elf/./elf/get-dynamic-info.h
39 14
+6 7
-2 7
+11 7
+1 7
-10 14
+8 6
+15 6
-23 24
+23 185
-23 740
+4 382
+3 49
-1 98
+3 172
+1 144
+1 35
+16 28
+12 24
+1 28
+1 28
+1 28
+1 24
+1 26
+1 27
+1 28
+12 7
+7 7
-7 49
+7 16
+5 10
+7 10
+1 21
+6 21
+1 9
+17 21
+5 6
+2 6
+2 6
+2 6
+4 21
+2 12
+1 8
+9 8
+6 8
+4 14
fe=(30)
1275 14
+1 14
+2 14
+10 21
+19 21
+2 42
+52 21
+1 6
+6 63
+1 130
+6 24
cfn=(88)
calls=6 868 
* 462
-7 162
+1 78
+6 78
-6 156
fi=(31)
149 28
fe=(30)
1380 14
cfi=(62)
cfn=(194)
calls=7 25 
* 42
* 14
+13 14
+2 28
+2 14
+16 14
cfi=(8)
cfn=(14)
calls=7 25 
* 189
+4 14
+1 14
+17 14
+1 1
+3 1
+5 1
-5 1
+5 1
-5 6
+5 6
-5 6
+5 6
+5 14
+12 56
+10 14
+1 12
+5 6
cfi=(46)
cfn=(244)
calls=3 125 
* 36
+7 21
cfi=(26)
cfn=(84)
calls=7 31 
* 441
+3 14
+4 14
cfi=(45)
cfn=(196)
calls=7 38 
* 49
* 7
+1 21
+22 49
+1 21
cfi=(48)
cfn=(198)
calls=7 77 
* 35
* 7
fi=(60)
92 24
+2 6
-1 6
+1 6
-1 6
+1 6
-1 6
+1 6
-1 12
+3 24
fi=(61)
-37 28
+3 28
+2 28
181 9
-22 6
fe=(30)
1510 14
1074 2
fi=(59)
186 16
cfi=(57)
cfn=(182)
calls=2 47 
* 42
+3 4
fe=(30)
1462 18
+2 5
-1 25
+1 5
-1 5
+1 5
-1 5
cfi=(32)
cfn=(94)
calls=5 98 
* 145
* 10
+2 5
1275 6
974 1
fi=(59)
36 2
+1 1
-1 1
+1 3
-1 1
+1 3
-1 1
+1 1
cfi=(57)
cfn=(182)
calls=1 +10 
* 28
+4 2
+4 1
-1 2
+1 2
-1 1
+1 1
-1 1
+1 3
cfi=(57)
cfn=(182)
calls=1 +2 
* 21
+4 3
-4 1
+4 1
+6 3
+3 2
+1 1
-1 3
+1 1
-1 1
+2 2
+41 2
fi=(61)
+9 1
fi=(59)
-49 1
cfi=(67)
cfn=(220)
calls=1 +56 
* 6
* 1
+41 1
-46 4
cfi=(67)
cfn=(220)
calls=1 +61 
* 6
* 3
fe=(30)

fn=(216) _dl_dst_substitute
276 4
+7 1
-7 1
+9 1
-9 1
+13 1
-13 6
+13 2
+62 30
+3 48
-60 16
-5 32
+6 3
cfn=(206)
calls=1 -93 
* 76
* 3
+80 9
-10 2
+7 1
+2 1
-47 3
cfn=(206)
calls=1 202 
* 76
* 3
+2 3
cfn=(206)
calls=1 202 
* 79
* 3
+3 4
+2 3
cfi=(66)
cfn=(218)
calls=1 45 
* 29
+1 1
-1 1
+1 2

fn=(226)
238 32
+3 16
-3 80
+7 16
-7 32
+3 16
cfi=(41) ./string/../sysdeps/x86_64/multiarch/../multiarch/strchr-sse2.S
cfn=(118) index
calls=16 32 
* 480
+3 32
+20 144

fn=(230) open_path
1812 40
+1 5
-1 15
+1 5
+6 10
+5 85
+67 10
-74 5
+7 15
+57 5
-65 5
+65 5
+10 10
-64 10
+8 30
-8 20
+8 60
+7 30
-11 15
+12 15
-1 60
cfi=(29)
cfn=(126)
calls=15 197 
* 195
+1 150
+50 38
-2 76
-48 165
+3 90
+5 175
cfi=(29)
cfn=(126)
calls=25 197 
* 325
* 100
cfi=(29)
cfn=(126)
calls=25 197 
* 325
+3 50
+6 75
+3 175
cfn=(170)
calls=25 1572 
* 1400
* 25
+2 75
+2 12
+93 45
-88 12
+1 42
+6 6
+2 12
-2 12
+2 6
cfi=(69) ./io/../sysdeps/unix/sysv/linux/stat64.c
cfn=(232) stat
calls=6 28 
* 94
* 6
+3 6
-3 12
+1 2
+9 8
+2 1
-2 5
+2 20
+44 90
+6 30
-2 15
+2 30
+3 15
1822 10
+2 10

fn=(166)
1967 216
+8 36
+1 72
+3 453
+5 672
+2 288
cfi=(52)
cfn=(168)
calls=96 68 
* 9500
* 192
+4 170
+1 255
+4 54
-1 270
+1 54
+1 54
-1 54
+1 108
cfi=(32)
cfn=(94)
calls=54 98 
* 1682
* 108
2270 169
2011 21
-1 14
+9 7
-50 7
+50 14
+17 14
-2 7
+2 7
cfi=(41)
cfn=(118)
calls=7 32 
* 168
* 14
2202 4
-1 6
cfn=(136)
calls=2 385 
* 1247
+6 2
-7 2
+1 2
+2 4
+4 14
cfn=(170)
calls=2 1572 
* 212
+3 4
-3 2
+3 2
+12 8
+45 2
+1 10
-1 2
+1 16
cfn=(176)
calls=2 944 
* 3594
-1 5
+1 25
-1 5
+1 40
cfn=(176)
calls=5 944 
* 10923
* 21
2040 10
cfi=(22)
cfn=(62)
calls=5 57 
* 85
* 10
+2 10
+7 20
+51 65
cfn=(230)
calls=5 1812 
* 4395
+6 5
-6 5
+6 10
2222 20
+46 10
682 5
2107 5
682 10
+3 2
2135 10
cfi=(71)
cfn=(236)
calls=5 403 
* 7548
* 5
+2 10
+4 10
+31 5
-23 10
+23 35
cfn=(170)
calls=5 1572 
* 567
+4 10
-4 5
+4 5
+1 5
+17 10
2074 25
682 5
2075 5
682 15
2099 10
+1 10
-47 5
+1 5
696 25
2058 18
682 6
2059 6
682 12
+3 2
+3 3
+3 1
+1 1
2073 25
+1 10
688 3
2115 4
+14 8
+2 15
-47 10
691 1
2115 1
+14 2

fn=(106) _dl_init_paths
706 11
+14 1
-14 2
+14 2
cfi=(37)
cfn=(108)
calls=1 172 
* 1244
fi=(28)
56 1
fe=(30)
720 1
fi=(28)
56 1
cfi=(27)
cfn=(78)
calls=1 -20 
* 30
fe=(30)
725 1
+2 3
+8 2
-1 3
+5 3
fi=(28)
56 1
cfi=(27)
cfn=(78)
calls=1 -20 
* 30
fe=(30)
739 1
+2 4
+7 1
+8 1
+2 1
+12 2
-23 1
+9 1
+11 1
-4 1
-5 1
+3 2
+7 2
+2 2
-11 1
+11 3
-8 1
+4 1
+1 3
+1 16
cfi=(43)
cfn=(130)
calls=4 132 
* 56
+2 15
-14 3
+10 3
+4 9
-12 3
-2 3
+2 3
+4 3
-3 3
+3 3
+1 3
-2 3
+5 9
+1 6
+3 1
+15 1
-8 1
+5 1
-6 1
+9 2
+2 4
+2 3
+36 5
+2 2
cfi=(22)
cfn=(62)
calls=1 57 
* 61
* 9
-19 1
-2 1
+2 2
+19 9
cfi=(29)
cfn=(82)
calls=1 210 
* 19
* 1
+5 4
-1 2
+2 1
+1 2
-2 4
+1 58
+1 116
-2 232
+5 1
fi=(28)
56 1
cfi=(27)
cfn=(78)
calls=1 -20 
* 30
fe=(30)
836 1
fi=(28)
56 1
fe=(30)
838 2
+6 6
cfn=(132)
calls=1 468 
* 2146
+3 3
+6 1
+4 8
-35 2
+5 2

fn=(136)
385 45
241 10
385 5
241 5
cfi=(41)
cfn=(118)
calls=5 32 
* 192
+3 10
410 4
-11 4
+11 24
-11 4
cfi=(44)
cfn=(138)
calls=4 40 
* 370
239 3
+12 1
+2 3
cfn=(206)
calls=1 -51 
* 76
* 2
+1 3
cfn=(206)
calls=1 -52 
* 76
* 2
+1 3
cfn=(206)
calls=1 -53 
* 79
* 3
+1 1
+3 4
cfi=(41)
cfn=(118)
calls=1 32 
* 24
+2 2
398 2
+4 2
cfi=(22)
cfn=(62)
calls=1 57 
* 35
* 5
cfi=(22)
cfn=(62)
calls=1 57 
* 35
* 8
+3 1
fi=(28)
56 1
cfi=(27)
cfn=(78)
calls=1 -20 
* 30
* 1
fe=(30)
406 2
+4 1
-1 2
+1 6
-1 1
cfn=(216)
calls=1 276 
* 445
-7 4
cfi=(65) ./elf/../sysdeps/unix/sysv/linux/dl-origin.c
cfn=(210) _dl_get_origin
calls=1 31 
* 165
* 5

fl=(2)
fn=(264) init_tls
734 1
+6 1
-6 3
+2 2
+4 2
+11 1
fi=(28)
44 1
fe=(2)
746 1
+4 1
fi=(28)
44 1
cfi=(27)
cfn=(74)
calls=1 +36 
* 41
fe=(2)
761 1
-12 1
+6 1
-9 1
+11 1
+4 1
+2 3
-1 2
+3 18
+4 3
+2 3
-2 6
-5 3
-1 6
+10 3
+3 2
cfi=(46)
cfn=(266)
calls=1 97 
* 86
+3 1
cfi=(46)
cfn=(268)
calls=1 216 
* 147
+7 1
cfi=(46)
cfn=(270)
calls=1 417 
* 469
* 1
+1 2
+6 1
fi=(78) ./elf/../sysdeps/generic/dl-call_tls_init_tp.h
31 2
fe=(2)
793 1
fi=(78)
31 6
+2 1
cfi=(24)
cfn=(274)
calls=1 +35 
* 79
fe=(2)
800 1
-3 1
+3 4
-36 6
-1 13

fn=(2)
517 16
85 1
547 4
85 1
543 1
fi=(6)
55 1
fe=(2)
+30 1
546 1
85 1
fi=(3) ./elf/./get-dynamic-info.h
-40 1
fe=(2)
546 1
fi=(3)
45 2
+23 18
-23 72
+4 36
+3 5
-1 10
+3 20
+1 16
+1 5
fi=(4)
+23 1
fi=(3)
+31 1
-38 3
+12 4
+1 3
+1 4
+1 4
+1 5
+1 3
+1 4
+1 4
+12 7
+7 2
-51 4
+64 3
+6 3
+1 3
+3 2
+1 3
+5 5
+3 5
fe=(2)
563 154
fi=(4)
79 1
fe=(2)
563 1
fi=(4)
79 2
fe=(2)
563 27
fi=(6)
287 3
fi=(5)
49 1
fe=(2)
563 1
fi=(5)
50 1
-1 2
+4 1
-3 1
+3 4
+3 2
-7 1
fe=(2)
563 1
fi=(5)
50 1
-1 2
+4 1
-3 1
+3 4
+3 2
+7 3
+2 3
-2 6
fi=(6)
278 3
fi=(5)
64 6
fi=(6)
278 6
+9 24
+3 6
+1 6
+26 8
+6 2
fi=(5)
61 13
fe=(2)
563 6
fi=(5)
51 1
fi=(4)
+28 2
fi=(3)
-17 4
+2 4
fe=(2)
565 1
+13 1
cfi=(7)
cfn=(12)
calls=1 42 
* 10
458 2
85 1
476 2
85 3
476 1
cfi=(8)
cfn=(14)
calls=1 25 
* 27
+2 1
+16 2
-17 1
+11 1
-10 1
+16 1
cfi=(9)
cfn=(16)
calls=1 102 
* 2060542
* 1
+2 2
+89 9
fi=(3)
103 3
fe=(2)

fn=(258)
674 2
+2 1
-2 4
+2 3
cfi=(77)
cfn=(260)
calls=1 392 
* 34016
* 2
+4 3

fn=(66)
1346 2
197 1
1346 11
199 1
302 1
+1 1
197 1
+99 3
1357 1
cfi=(24)
cfn=(68)
calls=1 53 
* 17
2749 1
2538 1
2749 2
2598 1
+2 2
+15 1
-13 2
cfi=(25)
cfn=(70)
calls=1 28 
* 141
* 4
cfi=(25)
cfn=(70)
calls=2 28 
* 753
* 9
+4 6
-2 2
+2 6
+1 2
-1 6
+1 17
-1 89
+9 12
2727 3
1373 1
+1 2
-1 2
+1 2
2687 3
-47 2
+10 2
1637 9
cfi=(26)
cfn=(72)
calls=1 59 
* 210
* 1
+2 2
+1 3
+6 1
-5 2
+1 3
+4 1
cfi=(26)
cfn=(84)
calls=1 31 
* 42
+1 2
1116 1
-1 1
1351 1
1143 1
-21 2
+21 2
-19 1
+1 1
-3 1
+21 2
+57 1
-82 1
+25 1
-3 1
+4 1
+19 1
+37 4
-56 102
+56 4
-1 4
+1 8
-1 4
+2 8
+1 1
+2 12
+1 14
+4 8
+1 8
+1 4
+4 12
-72 27
1253 2
+1 22
+6 4
cfi=(30)
cfn=(88)
calls=1 868 
* 90
-7 26
+1 13
+6 13
-6 26
fi=(31)
235 4
+1 2
-87 4
fe=(2)
1148 1
-5 1
+5 2
-5 2
+30 1
-9 2
+2 1
-3 1
+10 2
+18 2
-38 2
-10 1
+10 1
+1 9
-11 2
+1 14
1247 1
1143 1
1247 2
1143 3
1266 4
+3 3
+2 3
1672 3
+2 2
-1 1
+1 1
+1 3
-2 2
cfi=(32)
cfn=(94)
calls=1 98 
* 25
* 2
+7 1
+3 1
-5 1
+3 1
+2 1
+1 2
+4 2
+2 2
fi=(3)
39 4
+4 1
+2 1
+9 1
+1 1
-10 2
+23 29
-23 116
+4 58
+3 6
-1 12
+3 24
+1 20
fe=(2)
1243 1
1143 1
1243 1
1143 2
fi=(3)
72 4
+43 2
+7 3
+1 4
+6 3
+18 4
+5 2
+2 2
+2 2
+2 2
+1 2
+3 4
+2 3
+1 2
+9 2
+6 2
+1 3
+3 3
fe=(2)
1698 4
+7 2
cfi=(8)
cfn=(14)
calls=1 25 
* 27
+3 2
fi=(33) ./elf/./setup-vdso.h
24 2
fi=(36) ./elf/./dl-main.h
+85 2
fi=(35) ./elf/../sysdeps/unix/sysv/linux/dl-vdso-setup.h
-64 1
fi=(36)
+64 3
cfi=(30)
cfn=(106)
calls=1 706 
* 4254
fe=(2)
1733 3
cfi=(45)
cfn=(144)
calls=1 56 
* 34
+7 1
-5 1
-2 1
+7 1
+4 1
+1 1
+2 1
-3 3
+1 2
+3 1
+11 1
-13 1
+13 1
+1 2
+5 1
-3 2
+2 1
+1 2
+5 3
+1 5
-1 2
224 1
+1 1
-1 1
+1 3
+1 2
1788 2
+5 1
-1 1
1352 1
1793 1
+24 1
cfi=(46)
cfn=(146)
calls=1 192 
* 6
* 1
fi=(47) ./elf/../sysdeps/generic/dl-debug.h
29 4
+1 1
fe=(2)
1823 1
+1 1
cfi=(45)
cfn=(150)
calls=1 116 
* 2
+1 1
+4 3
cfi=(48)
cfn=(152)
calls=1 29 
* 17
+5 3
+2 1
+2 2
+9 2
+16 4
cfi=(63)
cfn=(200)
calls=1 25 
* 6
* 2
+76 4
+16 3
85 1
1965 1
85 2
1965 1
85 1
1965 5
85 1
1965 2
cfi=(68)
cfn=(224)
calls=1 143 
* 44675
92 1
+9 1
1971 1
92 2
+9 2
1971 2
+1 6
-1 4
+1 16
-1 32
+4 3
+1 2
+1 1
+2 34
+1 16
+46 1
-42 2
+8 3
+1 2
+2 1
+2 3
+2 1
-4 1
+5 1
-1 2
+14 2
+1 2
+1 3
-25 1
+36 2
+2 1
-2 1
+2 2
-2 1
+1 2
+1 1
-1 2
+1 1
cfi=(50)
cfn=(256)
calls=1 186 
* 34053
+10 1
+1 1
-1 1
+1 1
+3 2
837 1
fi=(414) ./elf/../sysdeps/unix/sysv/linux/dl-osinfo.h
39 2
fe=(2)
839 1
fi=(414)
52 1
fe=(2)
848 1
+7 1
-5 1
2047 3
2246 2
+4 1
-4 1
+10 1
-6 1
+6 1
-6 1
+9 2
+8 2
fi=(31)
36 2
+1 3
+3 3
+13 11
-13 8
+9 16
-9 1
+9 36
+4 32
-16 27
+34 1
fe=(2)
2279 1
fi=(31)
71 1
cfi=(80)
cfn=(278)
calls=1 361 
* 55
fe=(2)
2282 1
-3 2
+5 1
-2 2
+2 2
+1 6
cfi=(81)
cfn=(280)
calls=1 207 
* 83824
85 2
2292 1
85 2
2292 1
+1 26
+2 18
+5 18
+2 18
+6 9
+2 18
+1 64
cfi=(81)
cfn=(280)
calls=8 207 
* 1778925
+4 24
+1 6
-23 3
+23 3
cfi=(46)
cfn=(454)
calls=3 1017 
* 84
-23 7
92 3
+1 1
2325 1
93 1
2325 1
+4 4
+2 1
+7 4
cfi=(46)
cfn=(544)
calls=1 523 
* 306
+3 2
+4 3
+2 2
+33 3
cfi=(172)
cfn=(568)
calls=1 27 
* 603
+7 1
cfi=(9)
cfn=(584)
calls=1 147 
* 2
+3 3
cfi=(48)
cfn=(586)
calls=1 41 
* 11
+4 2
cfi=(45)
cfn=(196)
calls=1 38 
* 7
+1 1
-1 1
+2 1
cfi=(45)
cfn=(150)
calls=1 116 
* 2
+1 1
+4 1
cfi=(71)
cfn=(588)
calls=1 525 
* 19
+5 8
2304 1
+1 1
-3 2
226 2
-2 1
+1 1
1773 1
+6 1
-6 2
+6 1
fi=(3)
56 5
+3 4
fi=(34) ./elf/../sysdeps/unix/sysv/linux/dl-vdso.h
-19 2
+1 5
fi=(35)
-11 1
+3 1
+3 1
+3 1
fi=(34)
+16 2
fi=(3)
+17 3
+12 3
+1 5
+1 5
+1 5
+1 4
+1 5
+1 5
+1 5
+12 2
+7 1
-7 7
+7 2
fe=(2)
1743 4
2357 1
cfi=(166)
cfn=(546)
calls=1 561 
* 1363
+5 3
cfi=(7)
cfn=(554)
calls=1 76 
* 3435
+3 1
cfi=(170)
cfn=(562)
calls=1 30 
* 503
85 1
2371 1
+1 3
85 3
2372 2
cfi=(81)
cfn=(280)
calls=1 207 
* 2079
92 3
+9 3
2687 2
+2 1
+1 1
-1 1
+1 1
+1 1
2040 2
cfn=(264)
calls=1 734 
* 932
* 2
2650 2
+2 2
+1 1
fi=(3)
62 4
+2 4
fe=(2)
1943 10
-77 4
cfi=(52)
cfn=(202)
calls=1 36 
* 103
* 1
+2 2
+11 1
-1 1
+1 1
+1 5
+2 4
cfi=(64)
cfn=(204)
calls=1 40 
* 36
+1 2
-1 1
+1 1
+6 2
+6 4
85 1
1842 2
85 3
1842 2
cfn=(154) handle_preload_list
calls=1 869 
* 3084
* 1
92 3
+9 3
1943 6
+1 1
-1 1
+4 3
+1 1
+1 2
-2 3
+1 1
+1 2
+1 2
-7 2
-24 2
+1 4
+1 2
-1 6
cfi=(7)
cfn=(134)
calls=2 239 
* 518
* 9
+5 2
814 1
-3 1
+5 4
-6 1
+6 1
-6 1
+4 1
-8 1
+5 1
+1 1
+4 1
cfi=(50)
cfn=(158)
calls=1 254 
* 3462
+1 5
+8 3
1922 2
-26 3
+14 1
85 1
1909 1
85 3
1916 2
92 1
+9 1
-9 2
+9 1
1935 1
101 1
1935 1
cfi=(67)
cfn=(220)
calls=1 117 
* 6
* 1

fn=(154)
869 11
+5 1
-5 2
+5 2
-4 3
+7 3
cfi=(49)
cfn=(156)
calls=1 32 
* 240
* 1
+1 3
+9 1
183 1
889 2
183 2
891 2
-80 1
+5 1
-6 1
-4 1
+10 2
-6 1
+4 1
+2 2
-5 1
+1 1
+4 1
cfi=(50)
cfn=(158)
calls=1 254 
* 2754
+1 3
+8 3
+67 1
-18 2
+21 9
-15 4
cfi=(29)
cfn=(82)
calls=1 210 
* 19
+1 2

fn=(164)
641 4
+2 2
-2 8
+2 2
+1 4
-1 4
+1 6
cfi=(30)
cfn=(166)
calls=2 1967 
* 5994
* 2
+2 6

fl=(65)
fn=(210)
31 9
+5 7
+2 5
+3 6
+1 44
+1 10
-1 22
+32 7
-30 2
fi=(28)
+12 1
cfi=(27)
cfn=(78)
calls=1 -20 
* 30
* 1
fe=(65)
-11 2
+5 4
cfi=(29)
cfn=(126)
calls=1 197 
* 13
* 2

fl=(39)
fn=(120)
25 5
+1 3
+21 1
-20 1
+20 3

fn=(114)
51 110
-25 44
+36 5
-7 5
+7 35
-26 24
+5 27
cfi=(41)
cfn=(118)
calls=9 -9 
* 216
* 9
+1 18
+3 6
+11 12
+1 18
+1 12
-2 6
+1 9
+1 6
-28 24
+4 48
+1 12
-1 30
+24 6
+9 12
-5 6
-2 6
+2 42
-19 6
cfi=(22)
cfn=(62)
calls=3 +14 
* 51
* 6

fl=(41)
fn=(118)
32 38
+1 38
+1 38
+1 38
+1 38
+1 38
+1 38
+1 38
+1 38
+1 38
+1 38
+1 38
+1 38
+1 38
+1 38
+1 38
+1 38
+1 38
+1 31
+4 31
+1 31
+1 31
+1 31
+2 31
+4 7
+1 7
+1 7
+1 7
+1 7
+1 7
+1 7
+1 7
+1 7
+1 7
+1 7
+1 7
+1 7
+1 7
+1 7
+1 7
+1 7
+1 7
+1 7
+1 7
+1 7
+1 7
+1 7
+1 7
+52 7
+4 7
+1 7
+1 7
+1 7
+2 7

fl=(53)
fn=(172)
28 68
+3 34
-3 68
+3 204
+8 238
+2 18
-2 75
+2 50

fl=(69)
fn=(232)
28 12
+1 24
cfi=(70)
cfn=(234)
calls=6 146 
* 58

fl=(42)
fn=(122)
59 3
+12 3
+1 3
+22 1
+1 1
+45 1
+1 1
+2 1
+1 1
+2 1
+1 1
+2 1
+1 1
+47 1
+1 1
+1 1
+1 1
+1 1
+1 1
+53 2
+2 2
+1 2
+1 2
+1 2
+1 2
+1 2
+7 1
+2 1
+2 1
+1 1
+1 1
+1 1
+1 1
+4 1
+8 1
+41 1
+1 1
+1 1
+1 1
+1 1

fl=(190)
fn=(666)
71 105
+5 105
+3 105
+2 105
+10 105
+6 105
+1 105
+1 105
+1 105
+1 105
+1 105
+1 105
+4 105
+1 105
+3 105
+1 105
+2 105
+1 105
+1 105
+1 105
+1 105
+1 105
+2 105
+7 105
+1 105
+1 105
cfi=(191)
cfn=(668)
calls=105 -84 
* 92037
+1 105
+5 105
+1 105
+1 105
+2 105
+1 105
+1 105
+1 105
+1 105
+1 105
+1 105
+2 105
+2 105
+4 105
+2 105

fl=(15)
fn=(34)
37 1
+2 3
+2 1
cfi=(16)
cfn=(36)
calls=1 682 
* 7344

fn=(566)
71 1
-32 3
+32 2

ob=(7)
fl=(187)
fn=(638)
0 12

fn=(3098)
0 5
cfn=(3100) 0x00000000000048f0
calls=1 0 
0 16
0 2
cfn=(3100)
calls=1 0 
0 16
0 3

fn=(3120) 0x0000000000005a60
0 5

fn=(636)
0 364

fn=(3100)
0 32

fn=(3110)
0 9
cob=(4)
cfi=(178)
cfn=(3116)
calls=1 0 
0 134
0 1
cfn=(3120)
calls=1 0 
0 5
0 3

totals: 588565993
