# callgrind format
version: 1
creator: callgrind-3.22.0
pid: 107094
cmd:  ./bin/eval_match --p0 pimc --p0-param 20 --p1 pimc --p1-param 20 --deals 3 --threads 1 --seed 42
part: 1


desc: I1 cache: 
desc: D1 cache: 
desc: LL cache: 

desc: Timerange: Basic block 0 - 286938597
desc: Trigger: Program termination

positions: line
events: Ir
summary: 1260778884


ob=(10) /home/max/big2-ai/bin/eval_match
fl=(253) /home/max/big2-ai/src/datagen/eval_match.cpp
fn=(2778) wilson_ci(double, long, double)
27 3
+2 4
-1 1
+2 7
+1 11
+1 1
+1 2
+1 3

fn=(1712) main
114 15
fi=(255) /usr/include/c++/13/bits/basic_string.h
+79 2
+25 1
fi=(256) /usr/include/c++/13/bits/char_traits.h
358 1
fi=(255)
193 2
+25 1
fi=(256)
358 1
fe=(253)
116 2
+1 1
fi=(255)
+72 3
649 3
cfi=(254) /usr/include/c++/13/bits/basic_string.tcc
cfn=(1714) void std::__cxx11::basic_string<char, std::char_traits<char>, std::allocator<char> >::_M_construct<char const*>(char const*, char const*, std::forward_iterator_tag)
calls=1 221 
* 54
fi=(257) /usr/include/c++/13/bits/random.h
1658 3
cob=(4) ???
cfi=(178) ???
cfn=(1724) 0x000000000010ea90
calls=1 0 
* 52
fi=(255)
223 1
+41 3
fi=(257)
1680 2
cob=(4)
cfi=(178)
cfn=(1730) 0x000000000010e9b0
calls=1 0 
* 45
fe=(253)
118 1
fi=(257)
1664 2
cob=(4)
cfi=(178)
cfn=(1740) 0x000000000010e860
calls=1 0 
* 6
fe=(253)
119 1
cob=(4)
cfi=(178)
cfn=(1744) 0x000000000010e9a0
calls=1 0 
* 1276
* 1
fi=(350) /usr/include/c++/13/bits/stl_algobase.h
262 4
fe=(253)
121 8
fi=(255)
1072 7
3731 58
fi=(256)
389 4
cob=(4)
cfi=(178)
cfn=(1770) 0x000000000010e6e0
calls=1 0 
* 21
fe=(253)
138 4
+1 2
fi=(255)
+50 2
645 2
fi=(256)
399 2
cob=(4)
cfi=(178)
cfn=(1768) 0x000000000010e6d0
calls=1 0 
* 16
fi=(255)
648 1
+1 3
cfi=(254)
cfn=(1714)
calls=1 221 
* 32
+1 1
fi=(256)
389 4
cob=(4)
cfi=(178)
cfn=(1770)
calls=1 0 
* 24
fe=(253)
123 2
fi=(256)
389 4
cob=(4)
cfi=(178)
cfn=(1770)
calls=1 0 
* 21
fe=(253)
136 4
+1 5
cfi=(255)
cfn=(1800) std::__cxx11::basic_string<char, std::char_traits<char>, std::allocator<char> >::basic_string<std::allocator<char> >(char const*, std::allocator<char> const&)
calls=1 641 
* 93
* 1
fi=(256)
389 8
cob=(4)
cfi=(178)
cfn=(1770)
calls=2 0 
* 45
fe=(253)
126 6
fi=(256)
389 4
cob=(4)
cfi=(178)
cfn=(1770)
calls=1 0 
* 21
fe=(253)
130 4
+1 2
fi=(256)
399 2
cob=(4)
cfi=(178)
cfn=(1768)
calls=1 0 
* 16
* 1
fi=(255)
1684 5
cob=(4)
cfi=(178)
cfn=(1772) 0x000000000010ea10
calls=1 0 
* 76
* 1
fi=(256)
389 8
cob=(4)
cfi=(178)
cfn=(1770)
calls=2 0 
* 45
fe=(253)
128 6
fi=(256)
389 4
cob=(4)
cfi=(178)
cfn=(1770)
calls=1 0 
* 21
fe=(253)
132 4
+1 5
cfi=(255)
cfn=(1800)
calls=1 641 
* 93
* 1
-6 2
fi=(256)
399 2
cob=(4)
cfi=(178)
cfn=(1768)
calls=1 0 
* 16
* 1
fi=(255)
1684 5
cob=(4)
cfi=(178)
cfn=(1772)
calls=1 0 
* 1175
* 1
fe=(253)
129 2
fi=(255)
+60 2
645 2
fi=(256)
399 2
cob=(4)
cfi=(178)
cfn=(1768)
calls=1 0 
* 16
fi=(255)
648 1
+1 3
cfi=(254)
cfn=(1714)
calls=1 221 
* 57
+1 1
4151 5
cfi=(264) /usr/include/c++/13/ext/string_conversions.h
cfn=(1780) double __gnu_cxx::__stoa<double, double, char>(double (*)(char const*, char**), char const*, char const*, unsigned long*)
calls=1 56 
* 473
fe=(253)
129 1
fi=(255)
+94 1
+41 3
fi=(256)
389 4
cob=(4)
cfi=(178)
cfn=(1770)
calls=1 0 
* 21
fe=(253)
134 4
+1 5
cfi=(255)
cfn=(1800)
calls=1 641 
* 68
* 1
fi=(255)
4151 5
cfi=(264)
cfn=(1780)
calls=1 56 
* 473
fe=(253)
133 1
fi=(255)
804 2
cob=(4)
cfi=(178)
cfn=(1802) 0x000000000010e930
calls=1 0 
* 8
fi=(271) /usr/include/c++/13/bits/new_allocator.h
104 1
fi=(255)
4121 6
cfi=(264)
cfn=(1808) int __gnu_cxx::__stoa<long, int, char, int>(long (*)(char const*, char**, int), char const*, char const*, unsigned long*, int)
calls=1 56 
* 162
fe=(253)
135 1
fi=(255)
804 2
cob=(4)
cfi=(178)
cfn=(1802)
calls=1 0 
* 8
fi=(271)
104 1
fi=(255)
223 2
fi=(264)
65 1
cob=(4)
cfi=(178)
cfn=(1782) 0x000000000010e5d0
calls=1 -65 
* 6
* 4
+17 4
cob=(4)
cfi=(178)
cfn=(1816) 0x000000000010e940
calls=1 -82 
* 134
+2 3
+2 1
+1 2
-21 4
fe=(253)
+71 1
fi=(255)
804 2
cob=(4)
cfi=(178)
cfn=(1802)
calls=1 0 
* 8
fi=(271)
104 1
fi=(255)
4121 6
cfi=(264)
cfn=(1808)
calls=1 56 
* 162
* 1
223 1
+41 3
-41 7
+41 21
fe=(253)
121 28
+1 7
fi=(255)
+67 14
645 14
fi=(256)
399 14
cob=(4)
cfi=(178)
cfn=(1768)
calls=7 0 
* 112
fi=(255)
648 7
+1 21
cfi=(254)
cfn=(1714)
calls=7 221 
* 372
+1 7
804 2
cob=(4)
cfi=(178)
cfn=(1802)
calls=1 0 
* 8
* 2
cob=(4)
cfi=(178)
cfn=(1802)
calls=1 0 
* 8
fe=(253)
320 12
147 6
+6 4
cfn=(1818) player_label(std::__cxx11::basic_string<char, std::char_traits<char>, std::allocator<char> > const&, double)
calls=1 -66 
* 2019
* 1
+1 4
cfn=(1818)
calls=1 -67 
* 2019
+1 3
+3 3
cob=(4)
cfi=(178)
cfn=(1876) 0x000000000010e880
calls=1 0 
* 4272
* 1
fi=(255)
4037 3
cob=(4)
cfi=(178)
cfn=(1914) 0x000000000010e8e0
calls=1 0 
* 227
* 1
fe=(253)
158 2
cob=(4)
cfi=(178)
cfn=(1876)
calls=1 0 
* 267
* 1
fi=(255)
4037 3
cob=(4)
cfi=(178)
cfn=(1914)
calls=1 0 
* 227
* 1
fe=(253)
158 2
cob=(4)
cfi=(178)
cfn=(1876)
calls=1 0 
* 267
* 3
cob=(4)
cfi=(178)
cfn=(1876)
calls=1 0 
* 265
* 3
cob=(4)
cfi=(178)
cfn=(1920) 0x000000000010ead0
calls=1 0 
* 4915
* 3
cob=(4)
cfi=(178)
cfn=(1876)
calls=1 0 
* 263
* 1
fi=(293) /usr/include/c++/13/ostream
+11 2
cob=(4)
cfi=(178)
cfn=(1960) 0x000000000010e870
calls=1 0 
* 385
* 1
fe=(253)
-10 2
cob=(4)
cfi=(178)
cfn=(1876)
calls=1 0 
* 268
* 3
cob=(4)
cfi=(178)
cfn=(1876)
calls=1 0 
* 265
* 1
fi=(293)
+39 2
cob=(4)
cfi=(178)
cfn=(1964) 0x000000000010e7b0
calls=1 0 
* 1636
* 1
fe=(253)
-38 2
cob=(4)
cfi=(178)
cfn=(1876)
calls=1 0 
* 268
* 3
cob=(4)
cfi=(178)
cfn=(1876)
calls=1 0 
* 265
* 4
cob=(4)
cfi=(178)
cfn=(1920)
calls=1 0 
* 398
* 3
cob=(4)
cfi=(178)
cfn=(1876)
calls=1 0 
* 270
+5 1
+1 1
+1 1
+1 1
+1 1
+2 1
cob=(4)
cfi=(178)
cfn=(1978) 0x000000000010e5e0
calls=1 0 
* 987
* 1
fi=(339) /usr/include/c++/13/bits/stl_vector.h
-71 3
fe=(253)
+74 1
fi=(295) /usr/include/c++/13/bits/vector.tcc
70 3
+2 2
fi=(271)
+79 3
cob=(4)
cfi=(178)
cfn=(1990) 0x000000000010e8a0
calls=1 0 
* 204
* 1
fi=(295)
-55 1
+1 1
+1 4
fi=(296) /usr/include/c++/13/bits/std_thread.h
240 2
fi=(340) /usr/include/c++/13/tuple
-39 23
fi=(314) /usr/include/c++/13/bits/unique_ptr.h
-25 1
fi=(296)
-12 4
cob=(4)
cfi=(178)
cfn=(1996) 0x000000000010e850
calls=1 0 
* 2341
fi=(314)
403 3
fi=(295)
119 2
fe=(253)
+56 4
fi=(295)
-61 4
fi=(296)
-17 1
+67 2
cob=(4)
cfi=(178)
cfn=(1990)
calls=1 0 
* 210
* 1
fe=(253)
+45 1
+1 1
cob=(4)
cfi=(178)
cfn=(2050) 0x000000000010e980
calls=1 0 
* 31
* 1
fi=(296)
97 1
+67 2
cob=(4)
cfi=(178)
cfn=(1990)
calls=1 0 
* 224
+76 2
fi=(340)
-39 8
fi=(314)
-25 1
fi=(296)
-12 4
cob=(4)
cfi=(178)
cfn=(1996)
calls=1 0 
* 1212
* 2
cfi=(314)
cfn=(2054) std::unique_ptr<std::thread::_State, std::default_delete<std::thread::_State> >::~unique_ptr()
calls=1 398 
* 5
fi=(315) /usr/include/c++/13/bits/stl_iterator.h
1077 2
fe=(253)
227 3
fi=(325) /usr/include/c++/13/bits/atomic_base.h
481 2
fe=(253)
231 4
cob=(4)
cfi=(178)
cfn=(2058) 0x000000000010eab0
calls=1 0 
* 264
* 1
-4 3
+1 4
cob=(4)
cfi=(178)
cfn=(2058)
calls=1 0 
* 1128
* 1
fi=(272) /usr/include/x86_64-linux-gnu/bits/stdio2.h
79 5
cob=(4)
cfi=(178)
cfn=(2102) 0x000000000010ea80
calls=1 -79 
* 595
fe=(253)
234 1
cob=(4)
cfi=(178)
cfn=(1978)
calls=1 0 
* 31
fi=(326) /usr/include/c++/13/bits/chrono.h
716 3
212 4
fi=(325)
505 1
fe=(253)
239 8
+1 3
cfn=(2778)
calls=1 27 
* 32
* 2
+1 9
+2 3
cob=(4)
cfi=(178)
cfn=(1876)
calls=1 0 
* 271
* 1
fi=(255)
4037 3
cob=(4)
cfi=(178)
cfn=(1914)
calls=1 0 
* 231
* 1
fe=(253)
243 2
cob=(4)
cfi=(178)
cfn=(1876)
calls=1 0 
* 269
* 1
fi=(293)
-74 2
cob=(4)
cfi=(178)
cfn=(1960)
calls=1 0 
* 389
* 1
fe=(253)
+74 2
cob=(4)
cfi=(178)
cfn=(1876)
calls=1 0 
* 274
* 1
fi=(293)
-74 2
cob=(4)
cfi=(178)
cfn=(1960)
calls=1 0 
* 389
* 1
fe=(253)
+75 2
cob=(4)
cfi=(178)
cfn=(1876)
calls=1 0 
* 274
fi=(293)
134 2
fi=(390) /usr/include/c++/13/bits/ios_base.h
-50 2
+4 2
744 1
fe=(253)
246 2
fi=(293)
-23 2
cob=(4)
cfi=(178)
cfn=(2780) 0x000000000010ea40
calls=1 0 
* 6221
* 1
fe=(253)
+23 2
cob=(4)
cfi=(178)
cfn=(1876)
calls=1 0 
* 274
+1 3
cob=(4)
cfi=(178)
cfn=(1876)
calls=1 0 
* 267
* 3
fi=(293)
-24 1
cob=(4)
cfi=(178)
cfn=(2780)
calls=1 0 
* 2397
* 1
fe=(253)
+24 2
cob=(4)
cfi=(178)
cfn=(1876)
calls=1 0 
* 274
* 3
fi=(293)
-24 1
cob=(4)
cfi=(178)
cfn=(2780)
calls=1 0 
* 2466
* 1
fe=(253)
+24 2
cob=(4)
cfi=(178)
cfn=(1876)
calls=1 0 
* 274
+2 3
+2 3
+3 3
cob=(4)
cfi=(178)
cfn=(1876)
calls=1 0 
* 276
fi=(325)
505 3
fe=(253)
259 9
+2 3
cob=(4)
cfi=(178)
cfn=(1876)
calls=1 0 
* 267
* 1
fi=(293)
-92 2
cob=(4)
cfi=(178)
cfn=(1960)
calls=1 0 
* 392
* 1
fe=(253)
+92 2
cob=(4)
cfi=(178)
cfn=(1876)
calls=1 0 
* 271
* 1
fi=(293)
-92 2
cob=(4)
cfi=(178)
cfn=(1960)
calls=1 0 
* 389
* 1
fe=(253)
+92 2
cob=(4)
cfi=(178)
cfn=(1876)
calls=1 0 
* 269
* 1
fi=(293)
-92 2
cob=(4)
cfi=(178)
cfn=(1960)
calls=1 0 
* 392
* 1
fe=(253)
+93 2
cob=(4)
cfi=(178)
cfn=(1876)
calls=1 0 
* 271
* 3
cob=(4)
cfi=(178)
cfn=(1920)
calls=1 0 
* 402
* 3
cob=(4)
cfi=(178)
cfn=(1876)
calls=1 0 
* 272
+1 3
cob=(4)
cfi=(178)
cfn=(1876)
calls=1 0 
* 267
* 1
fi=(293)
-94 2
cob=(4)
cfi=(178)
cfn=(1960)
calls=1 0 
* 392
* 1
fe=(253)
+94 2
cob=(4)
cfi=(178)
cfn=(1876)
calls=1 0 
* 274
fi=(293)
134 2
fi=(390)
-50 2
+4 2
744 1
fe=(253)
265 5
fi=(293)
-42 2
cob=(4)
cfi=(178)
cfn=(2780)
calls=1 0 
* 1692
* 1
fe=(253)
+42 2
cob=(4)
cfi=(178)
cfn=(1876)
calls=1 0 
* 267
* 1
fi=(293)
-96 2
cob=(4)
cfi=(178)
cfn=(1960)
calls=1 0 
* 389
* 1
fe=(253)
+97 2
cob=(4)
cfi=(178)
cfn=(1876)
calls=1 0 
* 274
* 5
fi=(293)
-43 1
cob=(4)
cfi=(178)
cfn=(2780)
calls=1 0 
* 2461
* 1
fe=(253)
+43 2
cob=(4)
cfi=(178)
cfn=(1876)
calls=1 0 
* 267
* 1
fi=(293)
-97 2
cob=(4)
cfi=(178)
cfn=(1960)
calls=1 0 
* 392
* 1
fe=(253)
+98 2
cob=(4)
cfi=(178)
cfn=(1876)
calls=1 0 
* 274
* 5
fi=(293)
-44 1
cob=(4)
cfi=(178)
cfn=(2780)
calls=1 0 
* 1692
* 1
fe=(253)
+44 2
cob=(4)
cfi=(178)
cfn=(1876)
calls=1 0 
* 274
+2 1
+1 2
+15 3
cob=(4)
cfi=(178)
cfn=(1876)
calls=1 0 
* 269
* 1
96 2
+6 3
+1 3
fi=(272)
-49 7
cob=(4)
cfi=(178)
cfn=(1826) 0x000000000010e770
calls=1 -54 
* 1102
fe=(253)
+53 4
cfi=(255)
cfn=(1800)
calls=1 641 
* 90
* 1
fi=(255)
4037 4
cob=(4)
cfi=(178)
cfn=(1914)
calls=1 0 
* 233
* 1
fe=(253)
285 2
cob=(4)
cfi=(178)
cfn=(1876)
calls=1 0 
* 274
* 2
fi=(293)
169 1
cob=(4)
cfi=(178)
cfn=(1960)
calls=1 0 
* 392
* 1
fe=(253)
285 2
cob=(4)
cfi=(178)
cfn=(1876)
calls=1 0 
* 269
fi=(255)
804 2
cob=(4)
cfi=(178)
cfn=(1802)
calls=1 0 
* 8
fi=(325)
505 4
fe=(253)
294 3
+4 8
-4 1
fi=(272)
79 5
cob=(4)
cfi=(178)
cfn=(2102)
calls=1 -79 
* 2914
+1 1
-1 7
cob=(4)
cfi=(178)
cfn=(2102)
calls=1 -79 
* 1270
fe=(253)
304 2
+2 8
-1 1
fi=(272)
79 5
cob=(4)
cfi=(178)
cfn=(2102)
calls=1 -79 
* 1822
* 1
fi=(325)
505 2
fi=(272)
79 5
cob=(4)
cfi=(178)
cfn=(2102)
calls=1 -79 
* 1254
fi=(296)
+93 2
fe=(253)
320 2
cfi=(339)
cfn=(2822) std::vector<std::thread, std::allocator<std::thread> >::~vector()
calls=1 733 
* 115
fi=(255)
804 2
cob=(4)
cfi=(178)
cfn=(1802)
calls=1 0 
* 8
* 2
cob=(4)
cfi=(178)
cfn=(1802)
calls=1 0 
* 8
fe=(253)
319 1
fi=(255)
804 1
fe=(253)

fn=(1818)
87 20
+1 6
cfi=(255)
cfn=(1820) bool std::operator==<char, std::char_traits<char>, std::allocator<char> >(std::__cxx11::basic_string<char, std::char_traits<char>, std::allocator<char> > const&, char const*)
calls=2 3727 
* 66
* 10
cfi=(255)
cfn=(1820)
calls=2 3727 
* 66
* 10
cfi=(255)
cfn=(1820)
calls=2 3727 
* 66
* 4
+5 18
fi=(272)
-39 20
cob=(4)
cfi=(178)
cfn=(1826)
calls=2 -54 
* 3566
fe=(253)
+38 8
cfi=(255)
cfn=(1800)
calls=2 641 
* 176
fi=(271)
+12 2
fe=(253)

fn=(2174) run_paired_deal(unsigned int, PlayerFactory&, PlayerFactory&)
46 45
+3 3
-2 3
fi=(255)
649 6
fe=(253)
51 12
cfi=(337) /home/max/big2-ai/src/players/pimc/pimc_player_factory.h
cfn=(2178) PimcPlayerFactory::create_player()
calls=3 -28 
* 40281
+1 12
cfi=(337)
cfn=(2178)
calls=3 -29 
* 34442
fi=(255)
189 18
649 18
cfi=(254)
cfn=(1714)
calls=6 221 
* 192
fi=(340)
302 12
fi=(314)
186 6
fi=(340)
302 12
fi=(314)
186 6
fe=(253)
53 36
cfi=(341) /home/max/big2-ai/src/simulation/game_simulator.cpp
cfn=(2188) GameSimulator::GameSimulator(std::unique_ptr<Player, std::default_delete<Player> >, std::unique_ptr<Player, std::default_delete<Player> >, std::mersenne_twister_engine<unsigned long, 32ul, 624ul, 397ul, 31ul, 2567483615ul, 11ul, 4294967295ul, 7ul, 2636928640ul, 15ul, 4022730752ul, 18ul, 1812433253ul>&, std::__cxx11::basic_string<char, std::char_traits<char>, std::allocator<char> > const&)
calls=6 -44 
* 62008
fi=(314)
403 36
fi=(255)
223 6
+41 18
fe=(253)
54 18
cfi=(341)
cfn=(2236) GameSimulator::run()
calls=6 -26 
* 1257939281
+1 12
cfi=(342) /home/max/big2-ai/src/core/game.cpp
cfn=(2554) Game::get_winner() const
calls=6 +1 
* 30
+2 36
+1 3
fi=(339)
735 6
fi=(366) /usr/include/c++/13/bits/stl_construct.h
162 6
fi=(339)
735 6
fi=(366)
162 6
fi=(339)
370 6
+19 12
-19 12
fi=(271)
172 6
cob=(4)
cfi=(178)
cfn=(2254) 0x000000000010e8b0
calls=6 0 
* 1140
fi=(346) /usr/include/c++/13/fstream
870 24
259 12
-3 12
cob=(4)
cfi=(178)
cfn=(2676) 0x000000000010e5f0
calls=6 0 
* 1042
* 6
fi=(366)
-94 330
fi=(339)
370 110
+19 220
-19 220
fi=(271)
172 110
cob=(4)
cfi=(178)
cfn=(2254)
calls=110 0 
* 11744
fi=(339)
370 110
+19 220
-19 220
fi=(271)
172 110
cob=(4)
cfi=(178)
cfn=(2254)
calls=110 0 
* 12312
* 110
fi=(346)
+87 12
cob=(4)
cfi=(178)
cfn=(2686) 0x000000000010eb10
calls=6 0 
* 994
fi=(369) /usr/include/c++/13/streambuf
-54 24
cob=(4)
cfi=(178)
cfn=(2698) 0x000000000010e9d0
calls=6 0 
* 84
fi=(293)
95 30
fi=(345) /usr/include/c++/13/bits/basic_ios.h
282 24
cob=(4)
cfi=(178)
cfn=(2702) 0x000000000010e670
calls=6 0 
* 2258
fi=(255)
-59 6
+41 18
fi=(339)
735 12
fi=(366)
162 12
fi=(339)
370 6
+19 12
-19 12
fi=(271)
172 6
cob=(4)
cfi=(178)
cfn=(2254)
calls=6 0 
* 1263
fi=(314)
403 18
99 12
cfi=(353) /home/max/big2-ai/src/players/pimc/pimc_player.h
cfn=(2718) PimcPlayer::~PimcPlayer()
calls=6 328 
* 2608
403 18
99 12
cfi=(353)
cfn=(2718)
calls=6 328 
* 2682
403 36
fe=(253)
49 18
+1 6
fi=(257)
546 12
cfi=(338) /usr/include/c++/13/bits/random.tcc
cfn=(2176) std::mersenne_twister_engine<unsigned long, 32ul, 624ul, 397ul, 31ul, 2567483615ul, 11ul, 4294967295ul, 7ul, 2636928640ul, 15ul, 4022730752ul, 18ul, 1812433253ul>::seed(unsigned long)
calls=6 326 
* 67326
fe=(253)
51 24
cfi=(337)
cfn=(2178)
calls=3 -28 
* 42609
+1 12
cfi=(337)
cfn=(2178)
calls=3 -29 
* 34425
* 3
fi=(366)
162 330
fi=(339)
370 110
+19 220
-19 220
fi=(271)
172 110
cob=(4)
cfi=(178)
cfn=(2254)
calls=110 0 
* 12376
fi=(339)
370 110
+19 220
-19 220
fi=(271)
172 110
cob=(4)
cfi=(178)
cfn=(2254)
calls=110 0 
* 13806
* 110
fe=(253)
61 36

fl=(339)
fn=(2822)
733 2
+2 2
fi=(366)
162 3
fi=(296)
+10 2
fi=(366)
-10 3
fe=(339)
389 2
-19 2
fi=(271)
172 2
cob=(4)
cfi=(178)
cfn=(2254)
calls=1 0 
* 95
fe=(339)
738 2

fn=(2830) std::vector<std::vector<int, std::allocator<int> >, std::allocator<std::vector<int, std::allocator<int> > > >::~vector()
733 10
+2 4
fi=(366)
162 4
fe=(339)
370 2
+19 4
-19 4
fi=(271)
172 2
cob=(4)
cfi=(178)
cfn=(2254)
calls=2 0 
* 414
fe=(339)
738 8
fi=(366)
162 2808
fe=(339)
370 936
+19 1872
-19 1462
fi=(271)
172 731
cob=(4)
cfi=(178)
cfn=(2254)
calls=731 0 
* 177630
* 731
fe=(339)

fl=(360) /home/max/big2-ai/src/core/move.cpp
fn=(2586) Move::numCards() const
131 152
+2 1216
+19 194
+3 64
+3 26
+3 12
+3 6
+3 2

fn=(2438) Move::Move(int)
9 9751795
+1 3900718
+2 3404250
+2 1014131
-1 3042393
+3 1375988
+2 256857
-1 770571
+3 862274
+2 24240
-1 72720
+3 813794
+1 104709
+1 732963
+1 314127
+1 418836
+1 104709
+1 104709
+1 209418
+1 604376
+1 135846
+1 950922
+1 271692
+2 271692
+2 119740
+3 359220
+1 119740
+1 119740
+1 239480
-2 16106
+1 16106
+1 32212
+1 332684
+2 31458
-1 94374
+3 269768
+2 18084
-1 54252
+3 233600
+2 10884
-1 32652
+3 211832
+2 6437
-1 19311
+3 198958
+2 3804
-1 11412
+3 191350
+2 2831
-1 8493
+3 185688
+2 2034
-1 6102
+3 181620
+2 1455
-1 4365
+3 178710
+4 485
+1 970
+1 177740
+2 45866
-1 137598
+3 86008
+2 8719
-1 26157
+3 68570
+2 4574
-1 13722
+3 59422
+2 3764
-1 11292
+3 51894
+2 3276
-1 9828
+3 45342
+2 2808
-1 8424
+3 39726
+2 6291
-1 18873
+3 27144
+2 4212
-1 12636
+3 18720
+2 3744
-1 11232
+3 11232
+2 3276
-1 9828
+5 2340
-1 4680
+4 250574

fn=(2514) encodeMove(Move const&)
215 733898
+1 5871184
+4 1342872
+2 338730
+2 25884
+5 60819
+1 101365
+2 60819
+4 92001
+3 76869
+1 102492
+2 76869
-5 25220
+8 34671
+2 18099
+2 9381
+2 4185
+2 1320
+2 633
+2 189
+2 63
+4 56544
+2 5373
+2 522
+2 30
+6 2283
-59 14
+71 69358

fl=(365) /home/max/big2-ai/src/players/greedy/greedy_player.h
fn=(2534) Move greedy_best<GreedyEval (*)(PartialGame const&)>(PartialGame const&, std::vector<int, std::allocator<int> > const&, GreedyEval (*)(PartialGame const&))
81 2692704
fi=(339)
+19 504882
993 504882
fe=(365)
84 336588
cfi=(295)
cfn=(2328) std::vector<int, std::allocator<int> >::reserve(unsigned long)
calls=168294 -17 
* 17424834
fi=(315)
1077 336588
fe=(365)
85 336588
+1 1812648
-1 3269415
+1 1961649
cfi=(360)
cfn=(2438)
calls=653883 -77 
* 9653953
* 653883
fi=(339)
1283 1572081
fi=(271)
191 524027
fi=(339)
1288 1572081
fi=(315)
1077 504882
fe=(365)
90 336588
+4 876704
+1 438352
cfi=(360)
cfn=(2438)
calls=109588 -86 
* 1546641
* 109588
-4 176118
cfi=(360)
cfn=(2438)
calls=58706 -82 
* 469648
* 234824
fi=(339)
389 117412
-19 234824
fe=(365)
95 328764
cfi=(351) /home/max/big2-ai/src/core/partial_game.cpp
cfn=(2542) PartialGame::apply_move(Move const&)
calls=109588 -73 
* 14808550
+1 328764
cfn=(2544) greedy_hand_eval(PartialGame const&)
calls=109588 -51 
* 19886424
fi=(315)
1148 219176
fe=(365)
98 219176
-5 88815
+7 1420947
cfi=(351)
cfn=(2542)
calls=414439 -78 
* 56320714
+1 1243317
cfn=(2544)
calls=414439 -56 
* 75232055
fi=(340)
+93 24866340
1901 828878
+1 1243317
-1 828878
+1 1242237
-1 781028
+1 1121590
-1 652538
+1 978807
-1 620332
+1 930482
-1 541622
+1 812384
-1 463496
+1 695223
-1 378566
+1 567753
+1 462288
cfn=(2548) std::__tuple_compare<std::tuple<int const&, int const&, int const&, int const&, int const&, int const&, int const&, int const&, int const&, int const&, int const&, int const&, int const&, int const&, int const&>, std::tuple<int const&, int const&, int const&, int const&, int const&, int const&, int const&, int const&, int const&, int const&, int const&, int const&, int const&, int const&, int const&>, 8ul, 15ul>::__less(std::tuple<int const&, int const&, int const&, int const&, int const&, int const&, int const&, int const&, int const&, int const&, int const&, int const&, int const&, int const&, int const&> const&, std::tuple<int const&, int const&, int const&, int const&, int const&, int const&, int const&, int const&, int const&, int const&, int const&, int const&, int const&, int const&, int const&> const&)
calls=154096 -4 
* 5256320
fe=(365)
102 308192
+1 205912
+1 102956
-6 1657756
+1 3315512
+1 1243317
cfi=(360)
cfn=(2438)
calls=414439 -91 
* 7068464
* 414439
-7 41546
+14 83092
cfi=(360)
cfn=(2438)
calls=20773 -98 
* 317001
* 355260
cfi=(360)
cfn=(2438)
calls=88815 -98 
* 1528295
* 438352
fi=(339)
370 328764
fi=(271)
172 219176
cob=(4)
cfi=(178)
cfn=(2254)
calls=109588 0 
* 11287710
* 117412
cob=(4)
cfi=(178)
cfn=(2254)
calls=58706 0 
* 6046718
fe=(365)
-64 2187822

fn=(2544)
45 3668189
fi=(355) /home/max/big2-ai/src/core/partial_game.h
-20 2096108
fe=(365)
+22 1572081
+1 20404662
+1 13624702
+1 34331347
+1 10797
-3 21594
+7 2096108
+1 524027
+1 1048054
+1 1048054
+1 1048054
+1 1048054
+1 1048054
+1 1048054
+1 1048054
+1 1048054
+1 1048054
+1 1048054
+1 1048054
+1 1048054
+1 1048054
+2 3144162

fl=(356) /home/max/big2-ai/src/core/util.cpp
fn=(2384) (anonymous namespace)::add_bombs_from_hand(std::array<int, 13ul> const&, std::vector<int, std::allocator<int> >&, int)
171 5673252
+1 436404
cfn=(2334) (anonymous namespace)::get_move_tables()
calls=436404 -10 
* 10910100
* 436404
+1 4797168
fi=(339)
1299 1308120
fe=(356)
177 421344
+1 421344
+1 259605
fi=(339)
1299 155763
cfi=(295)
cfn=(2348) int& std::vector<int, std::allocator<int> >::emplace_back<int>(int&&)
calls=51921 111 
* 674973
* 51921
fe=(356)
173 28673004
+1 10427224
+1 9555144
+1 23408
fi=(339)
1299 35112
cfi=(295)
cfn=(2348)
calls=11704 111 
* 152152
fe=(356)
177 46816
+1 11704
+1 35112
-4 872080
+7 4800444

fn=(2386) (anonymous namespace)::append_pass_straights((anonymous namespace)::MoveTables const&, unsigned short, unsigned short, unsigned short, std::vector<int, std::allocator<int> >&)
268 1537362
+1 341636
+1 341636
+1 683272
fi=(315)
1077 1024908
fe=(356)
276 3074724
fi=(315)
1148 1024908
-71 512454
fe=(356)
274 1024908
fi=(315)
1148 1024908
fi=(339)
1486 1537362
cfi=(295)
cfn=(2390) void std::vector<int, std::allocator<int> >::_M_range_insert<__gnu_cxx::__normal_iterator<unsigned short const*, std::vector<unsigned short, std::allocator<unsigned short> > > >(__gnu_cxx::__normal_iterator<int*, std::vector<int, std::allocator<int> > >, __gnu_cxx::__normal_iterator<unsigned short const*, std::vector<unsigned short, std::allocator<unsigned short> > >, __gnu_cxx::__normal_iterator<unsigned short const*, std::vector<unsigned short, std::allocator<unsigned short> > >, std::forward_iterator_tag)
calls=512454 751 
* 5189943
fe=(356)
272 1537362
+1 2903906
+9 1366544

fn=(2400) find_forced_win(std::array<int, 13ul> const&, std::array<int, 13ul> const&, int)
491 275191
fi=(357) /usr/include/c++/13/bits/hashtable.h
+39 117939
fi=(363) /usr/include/c++/13/bits/hashtable_policy.h
313 39313
fi=(357)
530 39313
fi=(363)
+15 78626
fi=(357)
-15 39313
fe=(356)
-37 78626
cfn=(2402) (anonymous namespace)::find_forced_win_impl(std::array<int, 13ul> const&, std::array<int, 13ul> const&, int, std::unordered_map<(anonymous namespace)::HDKey, std::optional<std::vector<int, std::allocator<int> > >, (anonymous namespace)::HDKeyHash, std::equal_to<(anonymous namespace)::HDKey>, std::allocator<std::pair<(anonymous namespace)::HDKey const, std::optional<std::vector<int, std::allocator<int> > > > > >&)
calls=39313 -52 
* 413796959
+1 78626
fi=(362) /usr/include/c++/13/bits/unordered_map.h
109 78626
cfi=(357)
cfn=(2470) std::_Hashtable<(anonymous namespace)::HDKey, std::pair<(anonymous namespace)::HDKey const, std::optional<std::vector<int, std::allocator<int> > > >, std::allocator<std::pair<(anonymous namespace)::HDKey const, std::optional<std::vector<int, std::allocator<int> > > > >, std::__detail::_Select1st, std::equal_to<(anonymous namespace)::HDKey>, (anonymous namespace)::HDKeyHash, std::__detail::_Mod_range_hashing, std::__detail::_Default_ranged_hash, std::__detail::_Prime_rehash_policy, std::__detail::_Hashtable_traits<false, false, true> >::~_Hashtable()
calls=39313 1595 
* 13003179
fe=(356)
496 275191
fi=(315)
1077 1684
fi=(348) /usr/include/c++/13/bits/stl_algo.h
+28 1684
fi=(315)
+20 842
fi=(348)
-17 1684
fi=(359) /usr/include/c++/13/bits/move.h
197 866
+1 1732
+1 866
fi=(348)
1108 4306
fe=(356)

fn=(2432) opponent_can_respond(int, std::array<int, 13ul> const&, std::array<int, 13ul> const&, int)
383 4213680
+1 421368
cfn=(2434) get_beating_moves()
calls=421368 -27 
* 22532300
* 842736
fi=(339)
1148 1264104
fi=(315)
-71 842736
fe=(356)
384 842736
+7 420727
fi=(361) /home/max/big2-ai/src/core/util.h
51 420727
fe=(356)
394 420727
fi=(361)
48 841454
fe=(356)
390 1329260
+1 5317040
-7 28479353
+3 22250184
+1 59696100
-1 22154305
+4 1867358
+10 51030
fi=(361)
48 459829
fe=(356)
394 32784084
-1 7667499
fi=(361)
47 17202356
+4 8141349
-2 16282698
fe=(356)
394 2025785
-1 1187559
+6 395853
+3 2528208

fn=(2606) (anonymous namespace)::add_possible_bombs(std::array<int, 13ul> const&, std::array<int, 13ul> const&, int, std::vector<int, std::allocator<int> >&, int)
189 1650
+1 110
cfn=(2334)
calls=110 -28 
* 2750
* 110
+1 1320
fi=(361)
48 248
fe=(356)
199 4860
+1 3240
fi=(361)
47 3240
+4 5984
fe=(356)
202 2992
+1 2992
-1 248
+1 248
+1 7550
fi=(339)
1299 4530
cfi=(295)
cfn=(2348)
calls=1510 111 
* 27112
* 1510
fe=(356)
195 291
+1 194
-4 22
+1 220
-2 7380
+1 2632
+1 2412
+2 2937
-3 979
+4 1958
+1 270
fi=(339)
1299 405
cfi=(295)
cfn=(2348)
calls=135 111 
* 1755
fe=(356)
198 945
+2 135
+4 405
+3 1210

fn=(2836) (anonymous namespace)::MoveTables::~MoveTables()
82 4
fi=(344) /usr/include/c++/13/array
+12 12
fi=(339)
370 3
+19 6
-19 6
fi=(271)
172 3
cob=(4)
cfi=(178)
cfn=(2254)
calls=3 0 
* 389
* 3
fe=(356)
-90 4

fn=(2324) (anonymous namespace)::legal_moves_fill(std::array<int, 13ul> const&, int, std::vector<int, std::allocator<int> >&)
301 4364040
fi=(339)
1606 436404
1935 872808
+4 168376
1080 336752
fe=(356)
303 336752
fi=(339)
1080 536056
fe=(356)
303 536056
+3 872808
+1 170818
cfn=(2334)
calls=170818 162 
* 44986375
* 341636
+2 512454
+3 341636
-8 633012
cfi=(295)
cfn=(2328)
calls=211004 67 
* 22156523
* 211004
+9 211711
+1 450289
-4 6661902
+1 2220634
+1 6078348
+1 2243909
+4 1366544
cfn=(2376) (anonymous namespace)::append_pass_singles_doubles_triples(unsigned short, unsigned short, unsigned short, std::vector<int, std::allocator<int> >&)
calls=170818 -89 
* 56122691
+1 683272
cfn=(2380) (anonymous namespace)::append_pass_full_houses_sparse(unsigned short, unsigned short, std::vector<int, std::allocator<int> >&)
calls=170818 -77 
* 6610285
+1 683272
cfn=(2384)
calls=170818 171 
* 31297218
+1 1024908
cfn=(2386)
calls=170818 -52 
* 23125833
+9 3491232
-7 1062344
cfn=(2522) (anonymous namespace)::append_response_beats_and_pass(std::array<int, 13ul> const&, int, std::vector<int, std::allocator<int> >&)
calls=265586 -36 
* 141293732
+1 796758
+2 38448
-1 25632
cfn=(2384)
calls=6408 171 
* 927128
* 6408
+3 1036712
cfn=(2384)
calls=259178 171 
* 47954252
+2 259178

fn=(2334)
162 6073320
+1 1821996
+2 7287984
-2 2
cob=(4)
cfi=(178)
cfn=(2336) 0x000000000010eb00
calls=1 0 
* 22
* 2
-61 4
cob=(4)
cfi=(178)
cfn=(2340) 0x000000000010e740
calls=1 0 
* 98335
fi=(339)
-2 10
fe=(356)
+2 1
+6 2
+3 132
-2 66
+1 288
+1 78
-2 234
-1 48
+54 26
-44 4
-2 3
+2 32764
-2 24576
+9 1
+4 1
+1 1
+3 2
-10 5577
+1 5577
+1 1558
+1 2337
+3 143
+1 143
+1 143
+1 143
+1 1144
+3 572
-17 715
-3 143
+6 143
-1 286
fi=(339)
-21 3
fe=(356)
+40 3
cfi=(295)
cfn=(2328)
calls=1 -73 
* 105
* 2
+1 1
-66 2
-20 8192
-1 16384
+19 328149
-1 109383
+2 109383
-1 109383
+1 1312596
-1 328149
+1 2666808
-1 666702
+2 437532
+1 218766
+1 162110
fi=(339)
1299 243165
cfi=(295)
cfn=(2348)
calls=81055 111 
* 1053715
* 81055
fe=(356)
63 958464
+1 958464
+1 4472832
+4 8126464
+1 6094848
-6 9936896
fi=(315)
1077 49152
fe=(356)
153 65228
fi=(295)
-30 32296
cfn=(2354) void std::vector<unsigned short, std::allocator<unsigned short> >::_M_realloc_insert<unsigned short>(__gnu_cxx::__normal_iterator<unsigned short*, std::vector<unsigned short, std::allocator<unsigned short> > >, unsigned short&&)
calls=48 445 
* 252821
fe=(356)
+30 324220
+1 243165
fi=(295)
-40 243165
fi=(271)
+77 81007
fi=(295)
-72 162014
fe=(356)
+25 98304
fi=(344)
+56 49152
fi=(339)
993 73728
fe=(356)
145 49152
fi=(339)
1606 24576
1935 49152
+4 16075
fe=(356)
150 96450
-97 32150
+97 51006
-97 17002
+4 81920
+6 49152
fi=(339)
993 9
fe=(356)
156 6
-15 12
+1 3
fi=(344)
+61 6
fi=(339)
1606 3
1935 6
fe=(356)
141 6
fi=(339)
389 2
-19 2
fi=(271)
172 2
cob=(4)
cfi=(178)
cfn=(2254)
calls=1 0 
* 103
fe=(356)
-9 4
cob=(4)
cfi=(178)
cfn=(1698) 0x000000000010e830
calls=1 0 
* 78
* 2
cob=(4)
cfi=(178)
cfn=(2372) 0x000000000010e790
calls=1 0 
* 11
* 1

fn=(2376)
228 2049816
+1 170818
+1 341636
-1 6661902
+1 6078348
fi=(339)
1299 2455620
cfi=(295)
cfn=(2348)
calls=818540 111 
* 10641020
* 818540
fe=(356)
231 170818
+1 341636
-1 6149448
+1 4523054
fi=(339)
1299 635133
cfi=(295)
cfn=(2348)
calls=211711 111 
* 2752243
* 211711
fe=(356)
233 170818
+1 341636
-1 5636994
+1 3811188
fi=(339)
1299 79788
cfi=(295)
cfn=(2348)
calls=26596 111 
* 345748
* 26596
fe=(356)
235 1708180

fn=(2322) compute_legal_moves(std::array<int, 13ul> const&, int)
348 1476944
fi=(339)
100 632976
fe=(356)
344 421984
cfn=(2324)
calls=210992 -43 
* 231039573
* 210992
+8 1054960

fn=(2380)
241 1708180
+5 512454
+1 536417
fi=(339)
1299 47926
fe=(356)
250 146332
+1 146332
+1 146332
+1 146332
+1 231495
fi=(339)
1299 138897
cfi=(295)
cfn=(2348)
calls=46299 111 
* 601887
* 46299
fe=(356)
247 53734
+1 53734
+1 53734
+1 80601
+4 80601
+3 1878998

fn=(2402)
441 668321
-11 78626
-1 117939
+1 943512
-1 1454581
+3 117939
-1 117939
+1 943512
-1 1415268
fi=(357)
1669 117939
465 39313
1671 78626
fe=(356)
447 78626
-1 39313
+1 2044276
fi=(339)
100 117939
fe=(356)
450 117939
cfi=(295)
cfn=(2328)
calls=39313 67 
* 4128030
* 39313
+35 511069
344 157252
cfn=(2324)
calls=39313 -43 
* 35113892
fi=(315)
1077 157252
fi=(348)
1945 78626
fi=(315)
1337 235878
fi=(350)
1518 117939
fi=(348)
1947 157252
cfn=(2410) void std::__introsort_loop<__gnu_cxx::__normal_iterator<int*, std::vector<int, std::allocator<int> > >, long, __gnu_cxx::__ops::_Iter_comp_iter<(anonymous namespace)::find_forced_win_impl(std::array<int, 13ul> const&, std::array<int, 13ul> const&, int, std::unordered_map<(anonymous namespace)::HDKey, std::optional<std::vector<int, std::allocator<int> > >, (anonymous namespace)::HDKeyHash, std::equal_to<(anonymous namespace)::HDKey>, std::allocator<std::pair<(anonymous namespace)::HDKey const, std::optional<std::vector<int, std::allocator<int> > > > > >&)::{lambda(int, int)#1}> >(__gnu_cxx::__normal_iterator<int*, std::vector<int, std::allocator<int> > >, __gnu_cxx::__normal_iterator<int*, std::vector<int, std::allocator<int> > >, long, __gnu_cxx::__ops::_Iter_comp_iter<(anonymous namespace)::find_forced_win_impl(std::array<int, 13ul> const&, std::array<int, 13ul> const&, int, std::unordered_map<(anonymous namespace)::HDKey, std::optional<std::vector<int, std::allocator<int> > >, (anonymous namespace)::HDKeyHash, std::equal_to<(anonymous namespace)::HDKey>, std::allocator<std::pair<(anonymous namespace)::HDKey const, std::optional<std::vector<int, std::allocator<int> > > > > >&)::{lambda(int, int)#1}>)
calls=39313 -29 
* 2396959
-90 78626
fi=(315)
1148 6724
fi=(348)
1859 6724
cfn=(2422) void std::__insertion_sort<__gnu_cxx::__normal_iterator<int*, std::vector<int, std::allocator<int> > >, __gnu_cxx::__ops::_Iter_comp_iter<(anonymous namespace)::find_forced_win_impl(std::array<int, 13ul> const&, std::array<int, 13ul> const&, int, std::unordered_map<(anonymous namespace)::HDKey, std::optional<std::vector<int, std::allocator<int> > >, (anonymous namespace)::HDKeyHash, std::equal_to<(anonymous namespace)::HDKey>, std::allocator<std::pair<(anonymous namespace)::HDKey const, std::optional<std::vector<int, std::allocator<int> > > > > >&)::{lambda(int, int)#1}> >(__gnu_cxx::__normal_iterator<int*, std::vector<int, std::allocator<int> > >, __gnu_cxx::__normal_iterator<int*, std::vector<int, std::allocator<int> > >, __gnu_cxx::__ops::_Iter_comp_iter<(anonymous namespace)::find_forced_win_impl(std::array<int, 13ul> const&, std::array<int, 13ul> const&, int, std::unordered_map<(anonymous namespace)::HDKey, std::optional<std::vector<int, std::allocator<int> > >, (anonymous namespace)::HDKeyHash, std::equal_to<(anonymous namespace)::HDKey>, std::allocator<std::pair<(anonymous namespace)::HDKey const, std::optional<std::vector<int, std::allocator<int> > > > > >&)::{lambda(int, int)#1}>)
calls=3362 -44 
* 3108646
-20 6724
+1 39232
cfn=(2428) void std::__unguarded_linear_insert<__gnu_cxx::__normal_iterator<int*, std::vector<int, std::allocator<int> > >, __gnu_cxx::__ops::_Val_comp_iter<(anonymous namespace)::find_forced_win_impl(std::array<int, 13ul> const&, std::array<int, 13ul> const&, int, std::unordered_map<(anonymous namespace)::HDKey, std::optional<std::vector<int, std::allocator<int> > >, (anonymous namespace)::HDKeyHash, std::equal_to<(anonymous namespace)::HDKey>, std::allocator<std::pair<(anonymous namespace)::HDKey const, std::optional<std::vector<int, std::allocator<int> > > > > >&)::{lambda(int, int)#1}> >(__gnu_cxx::__normal_iterator<int*, std::vector<int, std::allocator<int> > >, __gnu_cxx::__ops::_Val_comp_iter<(anonymous namespace)::find_forced_win_impl(std::array<int, 13ul> const&, std::array<int, 13ul> const&, int, std::unordered_map<(anonymous namespace)::HDKey, std::optional<std::vector<int, std::allocator<int> > >, (anonymous namespace)::HDKeyHash, std::equal_to<(anonymous namespace)::HDKey>, std::allocator<std::pair<(anonymous namespace)::HDKey const, std::optional<std::vector<int, std::allocator<int> > > > > >&)::{lambda(int, int)#1}>)
calls=19616 -44 
* 1257600
-1 62210
+25 107853
cfn=(2422)
calls=35951 -49 
* 11359902
fe=(356)
457 117939
+9 930402
-9 2167570
+1 930402
+2 930402
+6 1550670
cfn=(2432)
calls=310134 -83 
* 187880081
* 310134
+2 52036
+1 52036
+1 91063
+1 26018
+1 13009
-2 65045
+1 312216
+1 156108
-2 780540
+4 78054
cfn=(2403) (anonymous namespace)::find_forced_win_impl(std::array<int, 13ul> const&, std::array<int, 13ul> const&, int, std::unordered_map<(anonymous namespace)::HDKey, std::optional<std::vector<int, std::allocator<int> > >, (anonymous namespace)::HDKeyHash, std::equal_to<(anonymous namespace)::HDKey>, std::allocator<std::pair<(anonymous namespace)::HDKey const, std::optional<std::vector<int, std::allocator<int> > > > > >&)'2
calls=13009 -33 
* 124095768
fi=(364) /usr/include/c++/13/optional
-1 13009
fe=(356)
+2 26018
fi=(339)
1283 2526
fi=(271)
191 18
fi=(339)
1288 36
fi=(362)
987 54
cfi=(363)
cfn=(2446) std::__detail::_Map_base<(anonymous namespace)::HDKey, std::pair<(anonymous namespace)::HDKey const, std::optional<std::vector<int, std::allocator<int> > > >, std::allocator<std::pair<(anonymous namespace)::HDKey const, std::optional<std::vector<int, std::allocator<int> > > > >, std::__detail::_Select1st, std::equal_to<(anonymous namespace)::HDKey>, (anonymous namespace)::HDKeyHash, std::__detail::_Mod_range_hashing, std::__detail::_Default_ranged_hash, std::__detail::_Prime_rehash_policy, std::__detail::_Hashtable_traits<false, false, true>, true>::operator[]((anonymous namespace)::HDKey const&)
calls=18 807 
* 9468
* 2472
cfi=(363)
cfn=(2446)
calls=824 807 
* 397712
* 842
fi=(339)
1292 2472
cfi=(295)
cfn=(2244) void std::vector<int, std::allocator<int> >::_M_realloc_insert<int const&>(__gnu_cxx::__normal_iterator<int*, std::vector<int, std::allocator<int> > >, int const&)
calls=824 445 
* 209396
* 824
fi=(362)
987 842
fi=(364)
176 1684
+4 1684
fi=(339)
993 842
100 2526
381 2526
fi=(271)
134 2526
+17 1684
cob=(4)
cfi=(178)
cfn=(1990)
calls=842 0 
* 53670
* 1684
fi=(339)
398 842
+1 842
+1 1684
fi=(350)
+36 1684
+1 2526
cob=(4)
cfi=(178)
cfn=(2252) 0x000000000010ea60
calls=842 0 
* 12586
fi=(339)
605 842
fi=(364)
280 842
fi=(339)
106 4210
+1 1684
fi=(364)
280 1684
-17 842
fi=(362)
987 115413
cfi=(363)
cfn=(2446)
calls=38471 807 
* 20279645
fi=(364)
317 76942
120 76942
fi=(339)
389 117939
-19 78626
fi=(271)
172 39313
cob=(4)
cfi=(178)
cfn=(2254)
calls=39313 0 
* 4049239
fi=(339)
738 39313
fe=(356)

fn=(2403)
441 433755
-11 51030
-1 76545
+1 612360
-1 944055
+3 76545
-1 76545
+1 612360
-1 918540
fi=(357)
1669 76545
465 7719
1671 15438
fe=(356)
447 35422
-1 17711
+1 920972
fi=(339)
100 53133
fe=(356)
450 53133
cfi=(295)
cfn=(2328)
calls=17711 67 
* 1860771
* 53303
-35 17796
+3 17796
-1 35592
+1 17796
-2 53388
+1 889800
+1 444900
-2 1334700
fi=(357)
815 17796
fi=(363)
528 88980
fi=(357)
815 53388
cfn=(2450) std::_Hashtable<(anonymous namespace)::HDKey, std::pair<(anonymous namespace)::HDKey const, std::optional<std::vector<int, std::allocator<int> > > >, std::allocator<std::pair<(anonymous namespace)::HDKey const, std::optional<std::vector<int, std::allocator<int> > > > >, std::__detail::_Select1st, std::equal_to<(anonymous namespace)::HDKey>, (anonymous namespace)::HDKeyHash, std::__detail::_Mod_range_hashing, std::__detail::_Default_ranged_hash, std::__detail::_Prime_rehash_policy, std::__detail::_Hashtable_traits<false, false, true> >::_M_find_before_node(unsigned long, (anonymous namespace)::HDKey const&, unsigned long) const
calls=17796 1948 
* 1631735
+1 35592
+1 7804
fe=(356)
444 15608
fi=(364)
+96 7804
143 15608
+1 15608
fe=(356)
485 331695
344 70844
cfn=(2324)
calls=17711 -43 
* 15032247
fi=(315)
1077 70844
fi=(348)
1945 35422
fi=(315)
1337 106266
fi=(350)
1518 53133
fi=(348)
1947 70844
cfn=(2410)
calls=17711 -29 
* 405197
-90 35422
fi=(315)
1148 490
fi=(348)
1859 490
cfn=(2422)
calls=245 -44 
* 226673
-20 490
+1 2208
cfn=(2428)
calls=1104 -44 
* 78073
-1 3557
+25 52398
cfn=(2422)
calls=17466 -49 
* 4483259
fe=(356)
457 53133
fi=(271)
151 1684
cob=(4)
cfi=(178)
cfn=(1990)
calls=842 0 
* 52204
* 842
fi=(339)
1693 842
fi=(350)
398 842
fi=(339)
106 1684
+1 842
fi=(364)
+20 842
fi=(362)
987 2526
cfi=(363)
cfn=(2446)
calls=842 807 
* 444590
* 842
fi=(364)
176 1684
fi=(339)
-76 2526
fi=(271)
+51 1684
cob=(4)
cfi=(178)
cfn=(1990)
calls=842 0 
* 53169
fi=(339)
398 842
+1 842
+1 1684
fi=(350)
-2 1684
fi=(339)
605 842
fi=(364)
280 842
fi=(339)
106 2526
+1 842
fi=(364)
280 842
-17 842
fe=(356)
466 333702
-9 780416
+1 336228
+2 336228
+6 556170
cfn=(2432)
calls=111234 -83 
* 75003064
* 111234
+2 50024
+1 50024
+1 87542
+1 25012
+1 12506
-2 62530
+1 300144
+1 150072
-2 750360
+4 75036
cfn=(2403)
calls=12506 -33 
* 43601998
fi=(364)
-1 12506
fe=(356)
+2 25012
fi=(339)
1283 561
fi=(271)
191 6
fi=(339)
1288 12
fi=(362)
987 18
cfi=(363)
cfn=(2446)
calls=6 807 
* 3070
* 543
cfi=(363)
cfn=(2446)
calls=181 807 
* 89078
* 187
fi=(339)
1292 543
cfi=(295)
cfn=(2244)
calls=181 445 
* 45538
* 181
fi=(362)
987 187
fi=(364)
176 374
+4 374
fi=(339)
993 187
100 561
381 561
fi=(271)
134 561
+17 374
cob=(4)
cfi=(178)
cfn=(1990)
calls=187 0 
* 11684
* 374
fi=(339)
398 187
+1 187
+1 374
fi=(350)
+36 374
+1 561
cob=(4)
cfi=(178)
cfn=(2252)
calls=187 0 
* 2789
fi=(339)
605 187
fi=(364)
280 187
fi=(339)
106 935
+1 374
fi=(364)
280 374
-17 187
fi=(362)
987 50046
cfi=(363)
cfn=(2446)
calls=16682 807 
* 9522435
fi=(364)
317 33364
120 33364
fi=(339)
389 53133
-19 35422
fi=(271)
172 17711
cob=(4)
cfi=(178)
cfn=(2254)
calls=17711 0 
* 1824233
fi=(339)
738 17711
fe=(356)

fn=(2522)
286 3187032
fi=(339)
1283 796758
fi=(271)
191 265586
fi=(339)
1288 265586
fe=(356)
288 265586
cfn=(2526) (anonymous namespace)::get_combo_beats()
calls=265586 -77 
* 7085399
* 531172
fi=(339)
1148 796758
fi=(315)
-71 531172
fe=(356)
288 1012952
fi=(271)
-97 391842
fi=(339)
1288 391842
fe=(356)
288 9886005
+2 7908804
-2 1977201
+3 53462364
-1 48706287
fi=(339)
1283 1175526
fe=(356)
298 2655860

fn=(2526)
211 2390832
+11 796944
+2 2922128
-2 2
cob=(4)
cfi=(178)
cfn=(2336)
calls=1 0 
* 22
* 2
fi=(339)
100 3
fi=(271)
+51 2
cob=(4)
cfi=(178)
cfn=(1990)
calls=1 0 
* 320
fi=(339)
398 1
+2 2
100 3
fi=(347) /usr/include/c++/13/bits/stl_uninitialized.h
642 3
fi=(339)
100 1401
fi=(347)
642 1401
fi=(339)
1717 1
fe=(356)
214 1
cfn=(2434)
calls=1 357 
* 24
* 2
fi=(339)
1292 2736
cfi=(295)
cfn=(2244)
calls=1367 445 
* 354390
fe=(356)
216 341795
+1 205077
fi=(339)
1129 17378
1283 26067
fi=(271)
191 7322
fi=(339)
1288 14644
fe=(356)
215 1404
fi=(339)
1148 936
fi=(315)
-71 936
fe=(356)
216 950
+6 4
cob=(4)
cfi=(178)
cfn=(1698)
calls=1 0 
* 78
* 2
cob=(4)
cfi=(178)
cfn=(2372)
calls=1 0 
* 11
* 1

fn=(2434)
357 4213690
+18 1264107
+2 4635059
-2 2
cob=(4)
cfi=(178)
cfn=(2336)
calls=1 0 
* 22
* 2
fi=(339)
100 3
fi=(271)
+51 2
cob=(4)
cfi=(178)
cfn=(1990)
calls=1 0 
* 270
fi=(339)
398 1
+2 2
100 3
fi=(347)
642 3
fi=(339)
100 1401
fi=(347)
642 1401
fi=(339)
1717 2
fe=(356)
360 1
+1 2
+1 934
+1 934
+2 654267
+4 290474
-7 872356
+1 654267
cfi=(360)
cfn=(2438)
calls=218089 9 
* 7827854
* 218089
+3 145704
fi=(339)
1129 136718
1283 205077
fi=(271)
191 64459
fi=(339)
1288 128918
fe=(356)
366 86190
+3 65716
fi=(339)
1292 7800
cfi=(295)
cfn=(2244)
calls=3900 445 
* 1032100
* 3900
fe=(356)
360 1868
+1 1401
cfi=(360)
cfn=(2438)
calls=467 9 
* 16762
* 467
+14 4
cob=(4)
cfi=(178)
cfn=(1698)
calls=1 0 
* 78
* 2
cob=(4)
cfi=(178)
cfn=(2372)
calls=1 0 
* 11
* 1

fn=(2488) compute_legal_moves_into(std::array<int, 13ul> const&, int, std::vector<int, std::allocator<int> >&)
343 336776
+1 168388
cfn=(2324)
calls=168388 -43 
* 132300438
+1 336776

fn=(2598) compute_possible_moves(std::array<int, 13ul> const&, std::array<int, 13ul> const&, int, int, bool)
505 1870
fi=(339)
100 330
fe=(356)
507 220
cfi=(295)
cfn=(2328)
calls=110 67 
* 11550
+14 110
+15 110
fi=(339)
1292 220
fe=(356)
521 220
fi=(339)
1283 186
fi=(271)
191 62
fi=(339)
1288 62
fe=(356)
523 62
cfn=(2526)
calls=62 211 
* 1426
* 186
fi=(339)
1148 186
fi=(315)
-71 186
fe=(356)
523 124
fi=(361)
51 114
fi=(339)
1292 8
cfi=(295)
cfn=(2244)
calls=2 445 
* 520
* 2
fe=(356)
525 124
+1 248
+3 10
-2 12
cfn=(2606)
calls=2 189 
* 330
* 2
+4 360
cfn=(2606)
calls=60 189 
* 57382
* 60
fi=(361)
48 2662
fe=(356)
513 2662
+1 2662
+1 5324
-2 55669
+1 55669
+1 111338
-3 162492
fi=(361)
47 116662
+4 278345
fi=(339)
1292 153
cfi=(295)
cfn=(2244)
calls=51 445 
* 13539
* 51
fe=(356)
538 96
+3 48
fi=(361)
50 48
fi=(339)
1292 144
fe=(356)
539 288
cfn=(2606)
calls=48 189 
* 37132
* 48
fi=(361)
48 1849
fe=(356)
513 1849
+1 1849
+1 3698
-2 32328
+1 32328
+1 64656
-3 97077
fi=(361)
47 68354
+4 161640
fi=(339)
1292 75
cfi=(295)
cfn=(2244)
calls=25 445 
* 8609
* 25
fi=(361)
48 376
fe=(356)
513 376
+1 376
+1 752
-2 5412
+1 5412
+1 10824
-3 5583
fi=(361)
47 12228
+4 5738
-2 11476
fe=(356)
513 652
+1 326
+1 652
-3 921
fi=(339)
1283 921
fi=(271)
191 305
fi=(339)
1288 305
fe=(356)
523 2220
+1 555
-14 1665
+1 4320
fi=(339)
1283 5163
fi=(271)
191 1696
fi=(339)
1288 1696
fe=(356)
541 27456
+1 6864
-32 6864
+1 20806
fi=(339)
1283 7095
fi=(271)
191 2314
fi=(339)
1288 2314
fe=(356)
536 32256
+1 8064
-27 8064
+1 29192
+35 1320

fl=(351)
fn=(2486) PartialGame::get_legal_moves_into(std::vector<int, std::allocator<int> >&) const
49 505164
+1 505164
cfi=(356)
cfn=(2488)
calls=168388 343 
* 133142378
+1 336776

fn=(2542)
22 3146802
+1 1048934
cfi=(360)
cfn=(2514)
calls=524467 215 
* 6679171
* 524467
+1 524467
+2 4718883
+2 524247
+1 524247
+1 524247
-3 2096988
+1 6290964
+1 6290964
+1 6290964
-3 25688983
-1 220
+9 440
-2 660
+2 5280
-2 7920
+4 1100
+3 880
+1 220
+1 660
+1 880
-3 2096988
+1 524247
+1 1572741
+1 2096988

fn=(2320) PartialGame::get_legal_moves() const
45 1448412
+1 620748
cfi=(356)
cfn=(2322)
calls=206916 348 
* 230599121
+1 1448412

fn=(2596) PartialGame::get_possible_moves() const
53 770
+2 110
-1 220
+1 440
cfi=(356)
cfn=(2598)
calls=110 505 
* 1628210
+1 770

fn=(2288) PartialGame::PartialGame(Game const&, int)
15 2145385
+1 390070
cfi=(342)
cfn=(2290) Game::current_player() const
calls=195035 +34 
* 585105
* 780140
+1 780140
cfi=(342)
cfn=(2292) Game::player_hand(int) const
calls=195035 +45 
* 2145385
+1 780140
cfi=(342)
cfn=(2294) Game::get_player_hand_size(int) const
calls=195035 +48 
* 780140
* 195035
+1 585105
cfi=(342)
cfn=(2296) Game::discard_pile() const
calls=195035 +49 
* 1365245
* 390070
cfi=(342)
cfn=(2298) Game::last_move() const
calls=195035 +51 
* 780140
* 390070
+1 390070
cfi=(342)
cfn=(2300) Game::last_move_id() const
calls=195035 +72 
* 585105
* 1755315

fl=(354) /home/max/big2-ai/src/core/tablebase_peek.h
fn=(2316) peek_tablebase_move(PartialGame const&)
20 2731694
+1 780484
fi=(355)
+19 390242
-1 195121
+1 10146292
fe=(354)
-16 585363
cfi=(351)
cfn=(2320)
calls=195121 +21 
* 222675784
fi=(315)
1077 390242
fe=(354)
24 585363
+3 390242
fi=(366)
+92 56824
fi=(364)
280 14206
fi=(339)
+90 14206
+19 28412
-19 28412
fi=(271)
172 14206
cob=(4)
cfi=(178)
cfn=(2254)
calls=14206 0 
* 1463218
fe=(354)
-88 2341452
-60 2948954
+1 1495786
+2 3061430
+1 28412
cfi=(360)
cfn=(2438)
calls=14206 -19 
* 211039
* 14206
fi=(339)
389 361830
-19 361830
fi=(271)
172 361830
cob=(4)
cfi=(178)
cfn=(2254)
calls=180915 0 
* 18634245
fe=(354)
33 361830
+2 101996
fi=(355)
+1 39313
-10 157252
-1 157252
fe=(354)
+50 157252
cfi=(356)
cfn=(2400)
calls=39313 491 
* 427914566
+1 78626
+1 842
fi=(339)
993 3368
fe=(354)
78 842
+1 2526
cfi=(360)
cfn=(2438)
calls=842 -70 
* 17421
* 842
-43 35055
cfi=(351)
cfn=(2320)
calls=11685 +9 
* 11323141
fi=(315)
1077 23370
fe=(354)
39 23370
-2 11685
+3 35055
+1 109872
+4 152580
-6 152580
+1 164808
cfi=(360)
cfn=(2438)
calls=54936 -31 
* 722840
* 54936
+8 15218
+1 7609
fi=(366)
+70 15218
fi=(364)
280 7609
fi=(339)
+90 7609
+19 15218
-19 4076
+19 8152
-19 23370
fi=(271)
172 11685
cob=(4)
cfi=(178)
cfn=(2254)
calls=11685 0 
* 1203555
fi=(367) /usr/include/c++/13/bits/allocator.h
+12 11685
fi=(355)
25 16304
fe=(354)
+30 8152
cfi=(248) /home/max/big2-ai/src/core/tablebase_opp1.cpp
cfn=(2556) lookup_opp1(std::array<int, 13ul> const&)
calls=4076 +4 
* 358688
* 8152
+1 8152
fi=(355)
-31 16304
fe=(354)
+41 8152
cfi=(248)
cfn=(2560) opp1_default_strategy_move(std::array<int, 13ul> const&)
calls=4076 +3 
* 7742652
* 24456
+1 4076
+2 12228
cfi=(360)
cfn=(2438)
calls=4076 -60 
* 63186
fi=(366)
+50 16304
fi=(364)
280 4076
fe=(354)
70 4076
fi=(366)
+49 3368
fi=(364)
280 842
+37 1684
-31 842
fi=(339)
+84 842
+19 1684
-19 1684
fi=(271)
172 842
cob=(4)
cfi=(178)
cfn=(2254)
calls=842 0 
* 86846
fi=(364)
707 842
fe=(354)

fl=(264)
fn=(1780)
56 30
+9 2
cob=(4)
cfi=(178)
cfn=(1782)
calls=2 -65 
* 12
* 6
+17 6
cob=(2) /usr/lib/x86_64-linux-gnu/libc.so.6
cfi=(265) ./stdlib/./stdlib/strtod.c
cfn=(1784) strtod
calls=2 -1 
* 848
+2 6
+3 4
+5 4
-26 6
+30 22

fn=(1808)
56 32
+9 2
cob=(4)
cfi=(178)
cfn=(1782)
calls=2 -65 
* 12
* 6
+17 8
cob=(2)
cfi=(261) ./stdlib/../stdlib/strtol.c
cfn=(1810) __isoc23_strtol
calls=2 +43 
* 214
+2 6
+3 4
-9 4
+9 4
+5 4
-26 6
+30 22

fl=(341)
fn=(2188)
9 96
fi=(338)
458 12
+4 24
+1 24
+1 24
+1 24
+1 18
fe=(341)
12 54
fi=(340)
302 12
fi=(314)
186 6
fi=(340)
302 12
fi=(314)
186 6
fe=(341)
13 6
+1 12
cfi=(342)
cfn=(2194) Game::Game()
calls=6 -4 
* 96
* 6
fi=(338)
459 12
cfn=(2192) std::mersenne_twister_engine<unsigned long, 32ul, 624ul, 397ul, 31ul, 2567483615ul, 11ul, 4294967295ul, 7ul, 2636928640ul, 15ul, 4022730752ul, 18ul, 1812433253ul>::_M_gen_rand()
calls=6 -62 
* 56202
* 6
fe=(341)
14 12
cfi=(343) /home/max/big2-ai/src/core/game_record.cpp
cfn=(2196) GameRecord::GameRecord()
calls=6 +17 
* 252
* 12
fi=(255)
230 6
-37 6
+30 6
1079 6
fi=(254)
225 6
+2 12
fi=(255)
427 12
fi=(254)
251 6
fi=(255)
-33 6
fi=(256)
358 12
fe=(341)
14 6
fi=(345)
462 18
cob=(4)
cfi=(178)
cfn=(2206) 0x000000000010e640
calls=6 0 
* 728
* 12
-1 18
+1 24
fi=(293)
-30 60
cob=(4)
cfi=(178)
cfn=(2218) 0x000000000010e990
calls=6 0 
* 1194
* 6
fi=(256)
-3 12
fi=(346)
786 42
cob=(4)
cfi=(178)
cfn=(2224) 0x000000000010e8c0
calls=6 0 
* 1580
+1 18
cob=(4)
cfi=(178)
cfn=(2218)
calls=6 0 
* 1194
* 6
fe=(341)
14 6
+1 12
+11 66

fn=(2236)
28 54
+1 12
cfn=(2238) GameSimulator::initialize_game()
calls=6 +12 
* 34269
+1 24
cfi=(343)
cfn=(2306) GameRecord::set_initial_state(Game const&)
calls=6 +3 
* 1254
+2 12
+4 12
cfn=(2308) GameSimulator::play_loop()
calls=6 +12 
* 1257845880
fi=(368) /home/max/big2-ai/src/core/game_record.h
+5 168
fi=(339)
993 12
100 18
381 6
fi=(271)
134 18
+17 12
cob=(4)
cfi=(178)
cfn=(1990)
calls=6 0 
* 2406
* 6
fi=(339)
398 6
+1 6
+1 12
fi=(315)
1077 6
fi=(347)
163 6
-26 6
cfn=(2656) TurnRecord* std::__do_uninit_copy<__gnu_cxx::__normal_iterator<TurnRecord const*, std::vector<TurnRecord, std::allocator<TurnRecord> > >, TurnRecord*>(__gnu_cxx::__normal_iterator<TurnRecord const*, std::vector<TurnRecord, std::allocator<TurnRecord> > >, __gnu_cxx::__normal_iterator<TurnRecord const*, std::vector<TurnRecord, std::allocator<TurnRecord> > >, TurnRecord*)
calls=6 -24 
* 55022
* 6
fi=(339)
605 6
fe=(341)
39 42

fn=(2238)
41 78
+1 24
cfi=(342)
cfn=(2240) Game::shuffle_deal(std::mersenne_twister_engine<unsigned long, 32ul, 624ul, 397ul, 31ul, 2567483615ul, 11ul, 4294967295ul, 7ul, 2636928640ul, 15ul, 4022730752ul, 18ul, 1812433253ul>&)
calls=6 -19 
* 32739
fi=(314)
199 6
fi=(352) /home/max/big2-ai/src/players/player.h
25 30
cfi=(351)
cfn=(2288)
calls=6 -10 
* 456
* 48
+1 36
cfi=(342)
cfn=(2292)
calls=6 +36 
* 66
* 24
cfi=(353)
cfn=(2304) PimcPlayer::on_deal(std::array<int, 13ul> const&, int)
calls=6 343 
* 18
fi=(314)
199 6
fi=(352)
25 24
cfi=(351)
cfn=(2288)
calls=6 -10 
* 456
* 48
+1 36
cfi=(342)
cfn=(2292)
calls=6 +36 
* 66
* 24
cfi=(353)
cfn=(2304)
calls=6 343 
* 18
fe=(341)
+20 66

fn=(2308)
48 30
+1 12
+1 220
cfn=(2312) GameSimulator::play_turn()
calls=110 +4 
* 1257844318
-1 232
cfi=(342)
cfn=(2310) Game::is_over() const
calls=116 +3 
* 812
* 232
+3 24

fn=(2312)
54 1210
+1 330
cfi=(342)
cfn=(2290)
calls=110 -5 
* 330
+1 220
fi=(314)
199 110
fi=(352)
39 55
+1 55
+1 55
+42 220
cfi=(354)
cfn=(2316)
calls=55 -63 
* 53504133
-44 55
+1 55
+1 55
+42 220
cfi=(354)
cfn=(2316)
calls=55 -63 
* 390867
+1 220
+1 220
+1 220
+1 440
-45 220
+1 220
+4 282
cfi=(353)
cfn=(2482) PimcPlayer::select_move_impl()
calls=94 347 
* 1201903002
* 188
+1 282
cfi=(351)
cfn=(2542)
calls=94 -26 
* 12667
+1 282
fe=(341)
+10 282
+2 658
cfi=(343)
cfn=(2592) GameRecord::add_move(Move const&, int, int, bool)
calls=94 -21 
* 1634149
-2 48
+2 112
cfi=(343)
cfn=(2592)
calls=16 -21 
* 338216
+3 330
cfi=(342)
cfn=(2550) Game::apply_move(Move const&)
calls=110 +8 
* 37246
fi=(352)
-33 330
cfi=(351)
cfn=(2542)
calls=110 -9 
* 12307
+1 440
cfn=(2624) Player::on_opponent_move(Move const&)
calls=110 +37 
* 220
fe=(341)
+35 220
+3 1100
fi=(314)
199 165
fi=(352)
44 48
cfi=(351)
cfn=(2542)
calls=16 -22 
* 2170
+1 64
fe=(341)

fl=(362)
fn=(2846) std::unordered_map<std::array<unsigned char, 13ul>, Opp1Result, (anonymous namespace)::HandHash, std::equal_to<std::array<unsigned char, 13ul> >, std::allocator<std::pair<std::array<unsigned char, 13ul> const, Opp1Result> > >::~unordered_map()
109 3
fi=(357)
1608 1
cfn=(2848) std::_Hashtable<std::array<unsigned char, 13ul>, std::pair<std::array<unsigned char, 13ul> const, Opp1Result>, std::allocator<std::pair<std::array<unsigned char, 13ul> const, Opp1Result> >, std::__detail::_Select1st, std::equal_to<std::array<unsigned char, 13ul> >, (anonymous namespace)::HandHash, std::__detail::_Mod_range_hashing, std::__detail::_Default_ranged_hash, std::__detail::_Prime_rehash_policy, std::__detail::_Hashtable_traits<false, false, true> >::clear()
calls=1 2520 
* 33
456 2
-39 1
+31 2
fe=(362)
109 2

fl=(337)
fn=(2178)
23 108
+1 36
fi=(314)
1070 24
cob=(4)
cfi=(178)
cfn=(1990)
calls=12 0 
* 16433
* 24
fi=(355)
12 84
fi=(391) /home/max/big2-ai/src/core/move.h
+31 36
fi=(355)
-31 12
fi=(352)
+2 36
fi=(353)
334 24
-1 60
+1 48
fi=(257)
546 12
cfi=(338)
cfn=(2176)
calls=12 326 
* 134652
fi=(339)
100 72
fi=(340)
201 12
fe=(337)
25 84

fn=(2726) PimcPlayerFactory::~PimcPlayerFactory()
17 4

fl=(342)
fn=(2512) Game::Game(std::array<int, 13ul>, std::array<int, 13ul>, std::array<int, 13ul>, Move, int)
12 113600
+2 170400
+2 28400
-1 42600
+1 28400
cfi=(360)
cfn=(2514)
calls=14200 215 
* 153760
* 14200
+2 28400
-2 14200
+2 752600
+2 28400
-2 14200
+2 1121800
+1 42600

fn=(2194)
10 132
fi=(391)
+33 36
fe=(342)
-33 24

fn=(2298)
70 780140

fn=(2554)
56 14206
+1 42618
+3 14206

fn=(2290)
50 1171458

fn=(2296)
68 1365245

fn=(2240)
23 78
fi=(339)
+77 18
fe=(342)
-75 12
fi=(339)
1292 138
cfi=(295)
cfn=(2244)
calls=42 445 
* 12369
fe=(342)
27 864
fi=(339)
1283 864
fi=(271)
191 246
fi=(339)
1288 738
fe=(342)
25 312
+1 522
+1 156
fi=(315)
1077 6
fe=(342)
30 24
cfi=(348)
cfn=(2272) void std::shuffle<__gnu_cxx::__normal_iterator<int*, std::vector<int, std::allocator<int> > >, std::mersenne_twister_engine<unsigned long, 32ul, 624ul, 397ul, 31ul, 2567483615ul, 11ul, 4294967295ul, 7ul, 2636928640ul, 15ul, 4022730752ul, 18ul, 1812433253ul>&>(__gnu_cxx::__normal_iterator<int*, std::vector<int, std::allocator<int> > >, __gnu_cxx::__normal_iterator<int*, std::vector<int, std::allocator<int> > >, std::mersenne_twister_engine<unsigned long, 32ul, 624ul, 397ul, 31ul, 2567483615ul, 11ul, 4294967295ul, 7ul, 2636928640ul, 15ul, 4022730752ul, 18ul, 1812433253ul>&)
calls=6 3742 
* 13698
fi=(344)
137 6
277 6
fi=(350)
930 6
+1 6
-1 18
+1 72
-1 216
fi=(344)
277 6
fi=(350)
931 6
-1 18
+1 72
-1 216
fe=(342)
32 6
fi=(350)
930 6
fe=(342)
36 12
-1 18
+1 180
-1 282
+3 12
-1 18
+1 180
-1 282
+4 6
-1 18
+1 72
-1 216
+4 6
+1 6
+2 6
fi=(339)
389 12
-19 12
fi=(271)
172 12
cob=(4)
cfi=(178)
cfn=(2254)
calls=6 0 
* 618
fe=(342)
48 66

fn=(2310)
52 209327
+1 1033509
+1 209327

fn=(2550)
72 976155
cfi=(360)
cfn=(2514)
calls=195231 215 
* 2278756
* 585693
cfn=(2516) Game::apply_move(int)
calls=195231 +2 
* 61473182
* 390462

fn=(2300)
92 585105

fn=(2516)
74 1466017
+1 837724
+1 209431
+2 837724
-2 209431
fi=(361)
-28 209431
+3 418862
-3 209431
fe=(342)
+34 5026344
-4 2513172
+1 20105376
+1 2513172
-1 1675448
+1 209431
+1 5445206
fi=(361)
-34 5445206
+2 5026344
+2 4607482
fe=(342)
+33 1675448
+1 209431
+2 628293
cfi=(360)
cfn=(2438)
calls=209431 -78 
* 2999151
* 837724
+1 209431
+1 628293
+1 1466017
-8 418862

fn=(2292)
62 390094
+1 1560376
+1 195047

fn=(2294)
66 780140

fl=(296)
fn=(2732) std::thread::_State_impl<std::thread::_Invoker<std::tuple<main::{lambda()#1}> > >::~_State_impl()
234 6
cob=(4)
cfi=(178)
cfn=(2734) 0x000000000010e6f0
calls=1 0 
* 4
* 3
cob=(4)
cfi=(178)
cfn=(2254)
calls=1 0 
* 123
* 2

fn=(2772) std::thread::_State_impl<std::thread::_Invoker<std::tuple<main::{lambda()#2}> > >::~_State_impl()
234 6
cob=(4)
cfi=(178)
cfn=(2734)
calls=1 0 
* 4
* 3
cob=(4)
cfi=(178)
cfn=(2254)
calls=1 0 
* 2804
* 2

fn=(2140) std::thread::_State_impl<std::thread::_Invoker<std::tuple<main::{lambda()#1}> > >::_M_run()
244 11
fi=(253)
-66 3
+1 6
cfi=(335) /home/max/big2-ai/src/players/player_factory_registry.h
cfn=(2142) make_player_factory(std::__cxx11::basic_string<char, std::char_traits<char>, std::allocator<char> > const&, double, unsigned int)
calls=1 55 
* 1653
+1 6
cfi=(335)
cfn=(2142)
calls=1 55 
* 346
+1 4
+6 1
-1 1
-1 1
-1 2
+9 6
+1 6
+2 6
fi=(325)
635 12
fi=(253)
188 12
+3 6
+1 9
cfn=(2174)
calls=3 46 
* 1258287236
* 3
+5 6
fi=(325)
635 8
fi=(370) /usr/include/c++/13/bits/shared_ptr_base.h
1070 3
334 1
+3 4
1070 3
334 1
+3 4
fe=(296)
-93 10
fi=(370)
+99 2
+3 3
cfn=(2724) std::_Sp_counted_ptr_inplace<PimcPlayerFactory, std::allocator<void>, (__gnu_cxx::_Lock_policy)2>::_M_dispose()
calls=1 611 
* 10
+1 3
cfn=(2728) std::_Sp_counted_ptr_inplace<PimcPlayerFactory, std::allocator<void>, (__gnu_cxx::_Lock_policy)2>::_M_destroy()
calls=1 618 
* 139
+1 1
-5 2
+3 3
cfn=(2724)
calls=1 611 
* 10
+1 3
cfn=(2728)
calls=1 618 
* 139
+1 1
fe=(296)

fn=(2094) std::thread::_State_impl<std::thread::_Invoker<std::tuple<main::{lambda()#2}> > >::_M_run()
244 9
fi=(272)
79 1
fi=(253)
212 1
fi=(332) /usr/include/c++/13/bits/this_thread_sleep.h
80 3
cob=(4)
cfi=(178)
cfn=(2134) 0x000000000010e650
calls=1 -80 
* 98
* 2
fi=(325)
505 4
fi=(253)
212 4
fi=(325)
505 4
fi=(253)
214 8
+1 2
cob=(4)
cfi=(178)
cfn=(2050)
calls=2 0 
* 62
fi=(326)
950 2
716 2
212 6
fi=(253)
+5 14
+1 22
fi=(272)
79 12
cob=(4)
cfi=(178)
cfn=(2102)
calls=2 -79 
* 5212
fi=(253)
221 4
cob=(4)
cfi=(178)
cfn=(2124) 0x000000000010e910
calls=2 0 
* 148
+1 6
fi=(332)
75 2
+5 2
fe=(296)
244 8

fl=(349) /usr/include/c++/13/bits/uniform_int_dist.h
fn=(2278) unsigned long std::uniform_int_distribution<unsigned long>::operator()<std::mersenne_twister_engine<unsigned long, 32ul, 624ul, 397ul, 31ul, 2567483615ul, 11ul, 4294967295ul, 7ul, 2636928640ul, 15ul, 4022730752ul, 18ul, 1812433253ul> >(std::mersenne_twister_engine<unsigned long, 32ul, 624ul, 397ul, 31ul, 2567483615ul, 11ul, 4294967295ul, 7ul, 2636928640ul, 15ul, 4022730752ul, 18ul, 1812433253ul>&, std::uniform_int_distribution<unsigned long>::param_type const&)
287 2016
+14 288
+4 432
+4 144
-40 288
cfi=(338)
cfn=(2280) std::mersenne_twister_engine<unsigned long, 32ul, 624ul, 397ul, 31ul, 2567483615ul, 11ul, 4294967295ul, 7ul, 2636928640ul, 15ul, 4022730752ul, 18ul, 1812433253ul>::operator()()
calls=144 453 
* 3744
* 288
+2 288
+9 288
+92 144
+1 1584

fn=(2508) int std::uniform_int_distribution<int>::operator()<std::mersenne_twister_engine<unsigned long, 32ul, 624ul, 397ul, 31ul, 2567483615ul, 11ul, 4294967295ul, 7ul, 2636928640ul, 15ul, 4022730752ul, 18ul, 1812433253ul> >(std::mersenne_twister_engine<unsigned long, 32ul, 624ul, 397ul, 31ul, 2567483615ul, 11ul, 4294967295ul, 7ul, 2636928640ul, 15ul, 4022730752ul, 18ul, 1812433253ul>&, std::uniform_int_distribution<int>::param_type const&)
287 189280
+15 29120
-1 14560
+4 43680
+4 14560
-40 29120
cfi=(338)
cfn=(2280)
calls=14560 453 
* 650261
* 29120
+2 29120
+9 29120
+92 14560
+1 160160

fl=(353)
fn=(2484) Move pimc_select_move_impl<GreedyEval (*)(PartialGame const&), PimcPlayer::select_move_impl()::{lambda(Game, int, auto:1 const&, bool, std::mersenne_twister_engine<unsigned long, 32ul, 624ul, 397ul, 31ul, 2567483615ul, 11ul, 4294967295ul, 7ul, 2636928640ul, 15ul, 4022730752ul, 18ul, 1812433253ul>&, std::vector<int, std::allocator<int> >&)#1}>(PartialGame const&, int, int, int, bool, double, std::mersenne_twister_engine<unsigned long, 32ul, 624ul, 397ul, 31ul, 2567483615ul, 11ul, 4294967295ul, 7ul, 2636928640ul, 15ul, 4022730752ul, 18ul, 1812433253ul>&, GreedyEval (*)(PartialGame const&), bool, PimcPlayer::select_move_impl()::{lambda(Game, int, auto:1 const&, bool, std::mersenne_twister_engine<unsigned long, 32ul, 624ul, 397ul, 31ul, 2567483615ul, 11ul, 4294967295ul, 7ul, 2636928640ul, 15ul, 4022730752ul, 18ul, 1812433253ul>&, std::vector<int, std::allocator<int> >&)#1}, std::vector<int, std::allocator<int> >&, std::vector<int, std::allocator<int> >&)
225 2914
+7 94
cfi=(351)
cfn=(2486)
calls=94 49 
* 90306
fi=(339)
1606 94
1935 188
+4 65
993 260
fe=(353)
235 130
cfi=(295)
cfn=(2328)
calls=65 67 
* 2194
fi=(339)
993 116
fe=(353)
235 58
cfi=(295)
cfn=(2328)
calls=29 67 
* 1990
fi=(315)
1077 188
fe=(353)
237 188
-1 94
+2 564
fi=(339)
1283 2016
fi=(271)
191 672
fi=(339)
1288 672
fe=(353)
237 3665
+1 2199
cfi=(360)
cfn=(2438)
calls=733 9 
* 14709
* 1466
+1 122
+5 470
+4 142
fi=(355)
25 284
+1 284
+10 142
-4 426
fi=(339)
993 284
fe=(353)
262 71
+1 142
fi=(339)
1909 142
381 213
fi=(271)
151 213
cob=(4)
cfi=(178)
cfn=(1990)
calls=71 0 
* 5163
fi=(339)
398 71
+2 142
fi=(350)
931 71
-1 213
+1 639
-1 1917
fi=(339)
1706 71
fi=(325)
418 71
fe=(353)
270 852
-25 69
cfi=(360)
cfn=(2438)
calls=23 9 
* 184
* 115
fi=(325)
418 38
fi=(339)
1283 114
fi=(271)
191 38
fi=(339)
1288 76
fe=(353)
275 2840
-1 3300
+6 14200
+1 56800
cfi=(342)
cfn=(2516)
calls=14200 74 
* 4564700
* 170400
+72 198800
cfn=(2520) int policy_rollout<GreedyEval (*)(PartialGame const&)>(Game, int, GreedyEval (*)(PartialGame const&), bool, std::mersenne_twister_engine<unsigned long, 32ul, 624ul, 397ul, 31ul, 2567483615ul, 11ul, 4294967295ul, 7ul, 2636928640ul, 15ul, 4022730752ul, 18ul, 1812433253ul>&, std::vector<int, std::allocator<int> >&)
calls=14200 141 
* 1190777924
* 28400
fi=(339)
1129 28400
fe=(353)
282 14200
-3 42600
+1 255600
cfi=(342)
cfn=(2512)
calls=14200 12 
* 2553560
* 14200
+6 2840
+2 7100
+9 71
fi=(325)
418 71
fe=(353)
298 142
+10 213
fi=(339)
1129 426
fe=(353)
310 98
-2 1917
+1 3195
+2 541
fi=(339)
1129 126
fe=(353)
313 504
+4 142
+5 355
cfi=(360)
cfn=(2438)
calls=71 9 
* 1231
* 71
-4 190
cfi=(360)
cfn=(2438)
calls=38 9 
* 567
-1 76
fi=(325)
418 38
fe=(353)
-96 284
fi=(339)
+48 71
+19 142
-19 142
fi=(271)
172 71
cob=(4)
cfi=(178)
cfn=(2254)
calls=71 0 
* 7523
fe=(353)
323 1410
-53 4260
+2 8520
cfn=(2500) sample_opponent_hand(std::array<int, 13ul> const&, std::array<int, 13ul> const&, int, std::mersenne_twister_engine<unsigned long, 32ul, 624ul, 397ul, 31ul, 2567483615ul, 11ul, 4294967295ul, 7ul, 2636928640ul, 15ul, 4022730752ul, 18ul, 1812433253ul>&)
calls=1420 60 
* 2974126
* 1420
+2 3040
+2 4560
+3 1520
-3 3960
+3 2740
+1 2840

fn=(2520)
141 284000
+6 28400
+1 28400
+1 42600
-5 14200
+17 975055
cfi=(351)
cfn=(2288)
calls=195011 15 
* 14820836
+1 585033
cfi=(354)
cfn=(2316)
calls=195011 20 
* 667944983
+1 390022
+1 80151
cfi=(342)
cfn=(2550)
calls=26717 -92 
* 9026767
-20 418422
cfi=(342)
cfn=(2310)
calls=209211 -92 
* 1451351
* 418422
+1 390022
cfi=(342)
cfn=(2290)
calls=195011 -95 
* 585033
* 195011
+1 589674
+20 673176
cfi=(351)
cfn=(2486)
calls=168294 49 
* 134399176
+1 673176
cfi=(365)
cfn=(2534)
calls=168294 -86 
* 298838861
* 336588
+1 504882
cfi=(342)
cfn=(2550)
calls=168294 -96 
* 56602989
* 168294
+3 28400
cfi=(342)
cfn=(2554)
calls=14200 56 
* 71000
* 42600
+1 170400

fn=(2718)
328 60
fi=(339)
+42 12
+19 24
-19 24
fi=(271)
172 12
cob=(4)
cfi=(178)
cfn=(2254)
calls=12 0 
* 1324
fi=(339)
370 12
+19 24
-19 24
fi=(271)
172 12
cob=(4)
cfi=(178)
cfn=(2254)
calls=12 0 
* 1236
fe=(353)
328 36
cob=(4)
cfi=(178)
cfn=(2254)
calls=12 0 
* 2466
* 24

fn=(2500)
60 24140
fi=(339)
+40 4260
fe=(353)
-38 4260
cfi=(295)
cfn=(2328)
calls=1420 +5 
* 149100
+1 2840
fi=(339)
1292 7100
fe=(353)
64 7100
+1 2840
-2 143000
fi=(361)
-16 36920
+4 17040
-2 34080
fe=(353)
+15 68160
+1 68120
fi=(339)
1292 4260
cfi=(295)
cfn=(2244)
calls=1420 445 
* 355165
fe=(353)
65 111840
fi=(339)
1283 111840
fi=(271)
191 35860
fi=(339)
1288 107580
fe=(353)
69 4260
fi=(339)
993 5680
fe=(353)
70 1420
+1 9940
+1 1420
fi=(349)
+34 1420
fe=(353)
-34 1420
fi=(349)
204 5680
cfn=(2508)
calls=1420 +83 
* 271731
-98 13140
fe=(353)
-34 13140
fi=(349)
204 52560
cfn=(2508)
calls=13140 +83 
* 960930
fe=(353)
74 14560
fi=(339)
1129 14560
fi=(359)
197 14560
+1 29120
+1 14560
fe=(353)
75 29120
-4 43680
fi=(339)
370 2840
fi=(271)
172 2840
cob=(4)
cfi=(178)
cfn=(2254)
calls=1420 0 
* 146260
fe=(353)
-94 17040
-15 3900
fi=(361)
-15 2840
fe=(353)

fn=(2304)
343 12
+1 12
+1 12

fn=(2482)
347 752
+1 376
+1 94
+6 94
-7 94
+7 94
-7 846
cfn=(2484)
calls=94 225 
* 1201900088
+7 188
+1 376

fl=(255)
fn=(1820)
3727 36
1072 6
fi=(256)
399 12
cob=(4)
cfi=(178)
cfn=(1768)
calls=6 0 
* 96
* 6
fe=(255)
3731 18
+1 24

fn=(1800)
641 24
230 12
645 24
fi=(256)
399 12
cob=(4)
cfi=(178)
cfn=(1768)
calls=6 0 
* 96
fe=(255)
648 6
+1 18
cfi=(254)
cfn=(1714)
calls=6 221 
* 304
+1 24

fl=(348)
fn=(2422)
1815 114048
-3 399168
fi=(315)
1148 57024
fe=(348)
1817 114048
fi=(356)
453 112668
fe=(348)
1819 487246
fi=(350)
746 136182
+1 136182
+1 257436
cob=(4)
cfi=(178)
cfn=(2252)
calls=64359 0 
* 880819
fe=(348)
1824 68091
-7 1398296
fi=(358) /usr/include/c++/13/bits/predefined_ops.h
158 699148
fi=(356)
453 2796592
+1 699148
fe=(348)
1819 105951
+8 281483
cfn=(2428)
calls=281483 -31 
* 9800127
* 281483
fi=(350)
749 3732
423 7464
fe=(348)
1830 342144

fn=(2428)
1796 302203
fi=(356)
453 1813218
fi=(315)
1126 302203
fe=(348)
1799 779096
+2 454945
fi=(315)
1123 909890
fi=(358)
240 454945
fi=(356)
453 1819780
+1 909890
fi=(315)
1123 302203
fi=(358)
240 302203
fi=(356)
453 1208812
+1 604406
fe=(348)
1799 367600
+6 302203
+1 302203

fn=(2410)
1918 399168
fi=(315)
1337 57024
fe=(348)
1922 121262
fi=(356)
453 3607
fe=(348)
1924 7214
+11 342144
fi=(356)
454 1032
fi=(358)
158 381
fi=(356)
453 1524
+1 762
fe=(348)
90 365
fi=(356)
454 1101
fe=(348)
92 734
fi=(359)
197 352
+1 352
+1 704
fe=(348)
90 32
fi=(359)
197 14
+1 14
+1 7642
fi=(356)
454 21
fi=(359)
197 15
+1 15
+1 30
fi=(356)
454 114
fi=(359)
197 27
+1 27
+1 54
fe=(348)
99 210
fi=(359)
+98 561
+1 561
+1 1122
fi=(356)
454 24792
fi=(315)
1125 70220
fi=(358)
158 35110
fi=(356)
453 140440
+1 105330
fi=(315)
1125 8785
fi=(358)
158 8785
fi=(356)
453 35140
+1 26355
fe=(348)
1880 131685
+2 70220
fi=(359)
198 31296
+1 31296
fi=(315)
1111 31296
fi=(358)
158 31296
fi=(356)
453 156480
fi=(358)
158 31296
fi=(356)
453 125184
+1 93888
fi=(358)
158 3814
fi=(356)
453 19070
fi=(358)
158 3814
fi=(356)
453 15256
+1 11442
-1 7727
fi=(358)
158 7727
fi=(356)
453 30908
+1 23181
fe=(348)
1877 163621
fi=(356)
454 18150
fe=(348)
1932 15256
cfn=(2411) void std::__introsort_loop<__gnu_cxx::__normal_iterator<int*, std::vector<int, std::allocator<int> > >, long, __gnu_cxx::__ops::_Iter_comp_iter<(anonymous namespace)::find_forced_win_impl(std::array<int, 13ul> const&, std::array<int, 13ul> const&, int, std::unordered_map<(anonymous namespace)::HDKey, std::optional<std::vector<int, std::allocator<int> > >, (anonymous namespace)::HDKeyHash, std::equal_to<(anonymous namespace)::HDKey>, std::allocator<std::pair<(anonymous namespace)::HDKey const, std::optional<std::vector<int, std::allocator<int> > > > > >&)::{lambda(int, int)#1}> >(__gnu_cxx::__normal_iterator<int*, std::vector<int, std::allocator<int> > >, __gnu_cxx::__normal_iterator<int*, std::vector<int, std::allocator<int> > >, long, __gnu_cxx::__ops::_Iter_comp_iter<(anonymous namespace)::find_forced_win_impl(std::array<int, 13ul> const&, std::array<int, 13ul> const&, int, std::unordered_map<(anonymous namespace)::HDKey, std::optional<std::vector<int, std::allocator<int> > >, (anonymous namespace)::HDKeyHash, std::equal_to<(anonymous namespace)::HDKey>, std::allocator<std::pair<(anonymous namespace)::HDKey const, std::optional<std::vector<int, std::allocator<int> > > > > >&)::{lambda(int, int)#1}>)'2
calls=3814 -14 
* 185689
fi=(315)
1337 7628
fe=(348)
1922 7628
+2 621
+5 207
fi=(315)
1337 414
fe=(348)
1896 621
fi=(315)
1148 414
fi=(358)
158 414
fi=(356)
453 1656
+1 621
fe=(348)
1929 3607
fi=(315)
1337 7214
fe=(348)
1896 10821
fi=(315)
1148 7214
fi=(358)
158 7214
fi=(356)
453 28856
+1 10821
fe=(348)
88 7628
fi=(358)
+70 3433
fi=(356)
453 13732
+1 10299
fe=(348)
97 6866
fi=(356)
454 6812
fe=(348)
99 3301
fi=(359)
+98 2845
+1 2845
+1 5690
fe=(348)

fn=(2411)
1918 28770
fi=(315)
1337 4110
fe=(348)
1922 8714
fi=(356)
453 247
fe=(348)
1924 494
+11 24660
fi=(356)
454 123
fi=(358)
158 218
fi=(356)
453 872
+1 436
fe=(348)
90 55
fi=(356)
454 582
fe=(348)
92 388
fi=(359)
197 7
+1 7
+1 14
fe=(348)
90 326
fi=(359)
197 24
+1 24
+1 616
fi=(356)
454 72
fi=(359)
197 187
+1 187
+1 374
fi=(356)
454 102
fi=(359)
197 39
+1 39
+1 78
fe=(348)
99 24
fi=(359)
+98 21
+1 21
+1 42
fi=(356)
454 4227
fi=(315)
1125 2990
fi=(358)
158 1495
fi=(356)
453 5980
+1 4485
fi=(315)
1125 1456
fi=(358)
158 1456
fi=(356)
453 5824
+1 4368
fe=(348)
1880 8853
+2 2990
fi=(359)
198 1199
+1 1199
fi=(315)
1111 1199
fi=(358)
158 1199
fi=(356)
453 5995
fi=(358)
158 1199
fi=(356)
453 4796
+1 3597
fi=(358)
158 296
fi=(356)
453 1480
fi=(358)
158 296
fi=(356)
453 1184
+1 888
-1 2126
fi=(358)
158 2126
fi=(356)
453 8504
+1 6378
fe=(348)
1877 12358
fi=(356)
454 3393
fe=(348)
1932 1184
cfn=(2411)
calls=296 -14 
* 15384
fi=(315)
1337 592
fe=(348)
1922 592
+2 147
+5 49
fi=(315)
1337 98
fe=(348)
1896 147
fi=(315)
1148 98
fi=(358)
158 98
fi=(356)
453 392
+1 147
fe=(348)
1929 247
fi=(315)
1337 494
fe=(348)
1896 741
fi=(315)
1148 494
fi=(358)
158 494
fi=(356)
453 1976
+1 741
fe=(348)
88 592
fi=(358)
+70 78
fi=(356)
453 312
+1 234
fe=(348)
97 156
fi=(356)
454 78
fe=(348)
99 27
fi=(359)
+98 18
+1 18
+1 36
fe=(348)

fn=(2272)
3742 66
+8 30
fi=(315)
1337 18
fe=(348)
3768 30
+37 66
fi=(315)
1148 6
fe=(348)
3777 12
+10 12
fi=(349)
204 6
fi=(315)
1337 18
fe=(348)
3792 6
fi=(349)
106 6
fe=(348)
3789 6
-66 18
fi=(349)
204 24
cfn=(2278)
calls=6 +83 
* 396
fi=(315)
1337 396
fe=(348)
3792 132
fi=(349)
106 132
fe=(348)
3789 132
-66 396
fi=(349)
204 528
cfn=(2278)
calls=132 +83 
* 8712
fe=(348)
3724 276
fi=(315)
1148 138
fi=(359)
197 138
+1 276
+1 138
fi=(315)
1148 138
fi=(359)
197 138
+1 276
+1 138
fe=(348)
3787 420
fi=(349)
106 12
+98 24
cfn=(2278)
calls=6 +83 
* 396
fi=(315)
1148 6
-30 6
fi=(359)
197 6
+1 12
+1 12
fe=(348)

fl=(254)
fn=(1714)
221 220
fi=(392) /usr/include/c++/13/bits/stl_iterator_base_funcs.h
106 44
fe=(254)
225 22
+2 44
fi=(255)
-4 22
427 44
fi=(256)
-69 4
fe=(254)
251 2
fi=(255)
-33 2
fi=(256)
358 4
fe=(254)
252 6
-1 20
fi=(255)
-33 20
fi=(256)
358 40
fe=(254)
252 170
fi=(256)
435 42
cob=(4)
cfi=(178)
cfn=(1720) 0x000000000010e820
calls=14 0 
* 237
* 14
-6 54
fe=(254)

fl=(343)
fn=(2592)
40 1870
+2 110
cfi=(342)
cfn=(2290)
calls=110 +8 
* 330
+8 3190
-5 220
cfi=(342)
cfn=(2290)
calls=110 +5 
* 330
fi=(344)
200 110
fe=(343)
50 110
-5 110
fi=(344)
203 220
fe=(343)
50 110
cfi=(351)
cfn=(2320)
calls=110 -5 
* 117768
-4 220
cfi=(342)
cfn=(2290)
calls=110 +4 
* 330
* 110
+4 110
-4 330
fi=(344)
203 220
fe=(343)
50 110
cfi=(351)
cfn=(2596)
calls=110 +3 
* 1630520
* 880
fi=(339)
1283 330
fi=(368)
13 2280
fi=(339)
993 152
100 228
381 76
fi=(271)
134 228
+17 152
cob=(4)
cfi=(178)
cfn=(1990)
calls=76 0 
* 6018
* 152
fi=(339)
398 76
+1 76
+1 152
fi=(315)
1077 76
fi=(350)
435 152
+1 152
+1 168
cob=(4)
cfi=(178)
cfn=(2252)
calls=56 0 
* 841
+4 152
fi=(339)
993 152
100 228
381 76
fi=(271)
134 228
+17 152
cob=(4)
cfi=(178)
cfn=(1990)
calls=76 0 
* 7457
* 76
fi=(350)
438 20
-40 60
fi=(271)
151 76
fi=(339)
398 76
+1 76
+1 152
fi=(315)
1077 76
fi=(350)
435 152
+1 152
+1 201
cob=(4)
cfi=(178)
cfn=(2252)
calls=67 0 
* 2629
+4 152
fi=(368)
13 760
fi=(339)
1288 76
fe=(343)
52 228
cfi=(342)
cfn=(2550)
calls=76 +20 
* 25636
* 102
cfi=(342)
cfn=(2550)
calls=34 +20 
* 11610
* 110
fi=(350)
438 9
-40 27
fi=(339)
1292 34
fe=(343)
51 34
fi=(339)
1292 68
cfi=(295)
cfn=(2616) void std::vector<TurnRecord, std::allocator<TurnRecord> >::_M_realloc_insert<TurnRecord const&>(__gnu_cxx::__normal_iterator<TurnRecord*, std::vector<TurnRecord, std::allocator<TurnRecord> > >, TurnRecord const&)
calls=34 445 
* 99683
* 34
fi=(344)
203 110
fe=(343)
53 220
cfi=(351)
cfn=(2542)
calls=110 -31 
* 13572
fi=(344)
203 110
fe=(343)
54 220
cfi=(351)
cfn=(2542)
calls=110 -32 
* 13572
fi=(339)
370 110
+19 220
-19 220
fi=(271)
172 110
cob=(4)
cfi=(178)
cfn=(2254)
calls=110 0 
* 11330
fi=(339)
370 110
+19 220
-19 220
fi=(271)
172 110
cob=(4)
cfi=(178)
cfn=(2254)
calls=110 0 
* 11330
fe=(343)
55 1210

fn=(2196)
31 42
cfi=(342)
cfn=(2194)
calls=6 -21 
* 96
fi=(344)
+63 24
fi=(355)
-82 18
fi=(344)
+82 18
fi=(355)
-82 18
fi=(339)
+88 18
fe=(343)
-69 18

fn=(2306)
33 72
+1 72
+1 24
cfi=(351)
cfn=(2288)
calls=6 -20 
* 456
* 48
+1 24
cfi=(351)
cfn=(2288)
calls=6 -21 
* 456
* 48
+1 54

fl=(347)
fn=(2656)
113 66
+6 18
-3 12
fi=(271)
+35 110
fi=(339)
398 110
+1 110
+1 220
fi=(315)
1077 110
fi=(350)
435 220
+1 220
+1 252
cob=(4)
cfi=(178)
cfn=(2252)
calls=84 0 
* 1324
+4 220
fi=(339)
993 220
100 330
381 110
fi=(271)
134 330
+17 220
cob=(4)
cfi=(178)
cfn=(1990)
calls=110 0 
* 19638
* 110
fi=(350)
438 26
-40 78
fi=(271)
151 110
fi=(339)
398 110
+1 110
+1 220
fi=(315)
1077 110
fi=(350)
435 220
+1 220
+1 300
cob=(4)
cfi=(178)
cfn=(2252)
calls=100 0 
* 4335
+4 220
fi=(368)
13 1100
fe=(347)
119 440
fi=(368)
13 3410
fi=(339)
993 220
100 330
381 110
fi=(271)
134 330
+17 220
cob=(4)
cfi=(178)
cfn=(1990)
calls=110 0 
* 18649
* 110
fi=(350)
438 10
-40 30
fe=(347)
128 54

fl=(246) ???
fn=(1690) 0x0000000000006c20
0 12

fn=(2856) 0x0000000000006be0
0 9
cob=(4)
cfi=(178)
cfn=(2862) 0x000000000010e5b0
calls=1 0 
0 134
0 1
cfn=(2872) 0x0000000000006b70
calls=1 0 
0 5
0 3

fn=(1682) (below main)
0 12
cob=(2)
cfi=(247) ./csu/../csu/libc-start.c
cfn=(1684) __libc_start_main@@GLIBC_2.34
calls=1 242 
0 271201

fn=(2872)
0 5

fl=(338)
fn=(2192)
397 35
+7 70
-7 35
+12 35
-3 70
+1 70
-1 35
+2 105
+1 140
-5 105
+2 15820
+1 15820
-1 7910
+2 23730
+1 31640
-5 23765
+13 35
-3 70
+1 70
-1 35
+2 105
+1 140
-5 105
+2 27650
+1 27650
-1 13825
+2 41475
+1 55300
-5 41475
+8 70
+1 70
-1 35
+2 105
+1 175
+1 35
+1 35

fn=(2176)
326 18
fi=(257)
143 36
fe=(338)
333 18
fi=(257)
143 18
fe=(338)
335 18
+1 54
+1 18
fi=(257)
143 180
fe=(338)
333 54
+2 11196
+1 33588
+1 11196
fi=(257)
143 111960
fe=(338)
333 33588
+9 18
+1 18

fn=(2280)
453 44112
+5 29408
+4 58816
+1 58816
+1 58816
+1 58816
+1 44112
+3 29408
-10 29
cfn=(2192)
calls=29 -62 
* 271643
* 29

fl=(363)
fn=(2474) std::__detail::_Hashtable_alloc<std::allocator<std::__detail::_Hash_node<std::pair<(anonymous namespace)::HDKey const, std::optional<std::vector<int, std::allocator<int> > > >, false> > >::_M_deallocate_node(std::__detail::_Hash_node<std::pair<(anonymous namespace)::HDKey const, std::optional<std::vector<int, std::allocator<int> > > >, false>*)
2009 114048
fi=(364)
317 114048
fi=(271)
172 171072
cob=(4)
cfi=(178)
cfn=(2254)
calls=57024 0 
* 6080154
fe=(363)
2013 114048
fi=(364)
286 1871
fi=(339)
+84 1871
+19 3742
-19 3742
fi=(271)
172 1871
cob=(4)
cfi=(178)
cfn=(2254)
calls=1871 0 
* 193097
* 1871
fe=(363)

fn=(2446)
807 513216
fi=(356)
416 114048
-1 57024
+3 57024
-1 114048
+1 57024
-2 171072
+1 2851200
+1 1425600
-2 4276800
fe=(363)
528 285120
fi=(357)
815 228096
cfn=(2450)
calls=57024 1948 
* 2070931
+1 114048
fe=(363)
+12 456192
fi=(271)
151 114048
cob=(4)
cfi=(178)
cfn=(1990)
calls=57024 0 
* 4138963
* 57024
fe=(363)
313 57024
fi=(340)
2267 228096
fi=(364)
120 57024
fe=(363)
572 57024
fi=(357)
2174 285120
cob=(4)
cfi=(178)
cfn=(2456) 0x000000000010e970
calls=57024 0 
* 4206435
* 57024
+3 114048
2011 342144
+4 8444
+1 8444
2187 4222
fe=(363)
827 4222
fi=(357)
311 4222
2187 52802
fe=(363)
827 52802
fi=(357)
311 52802
2179 39521
436 79042
fi=(271)
134 118563
+17 158084
cob=(4)
cfi=(178)
cfn=(1990)
calls=39521 0 
* 2570296
* 79042
fe=(363)
2046 158084
cob=(4)
cfi=(178)
cfn=(2340)
calls=39521 0 
* 832324
fi=(357)
465 39521
2588 39521
+2 79042
-1 208
fi=(356)
415 208
+3 208
fi=(357)
2599 416
-2 5844
+1 2922
+1 2922
+1 5844
+1 2714
+1 2714
-12 7204
fe=(363)
380 3602
+1 3602
fi=(356)
+35 7204
-1 3602
+2 7204
+1 3602
-2 10806
+1 180100
+1 90050
-2 270150
fe=(363)
528 7204
fi=(357)
2595 14408
+11 1360
+1 2040
-5 416
456 79042
-39 39521
+31 79042
fi=(271)
172 416
cob=(4)
cfi=(178)
cfn=(2254)
calls=208 0 
* 21424
fi=(357)
2614 79042
+1 39521
fe=(363)
528 197605
fi=(357)
2023 105604
+1 52802
+2 105604
793 13489
fi=(356)
416 26978
-1 13489
+3 13489
-1 26978
+1 13489
-2 40467
+1 674450
+1 337225
-2 1011675
fe=(363)
528 26978
fi=(357)
2029 13489
+2 211208
fe=(363)

fl=(370)
fn=(2728)
618 4
fi=(271)
172 4
cob=(4)
cfi=(178)
cfn=(2254)
calls=2 0 
* 266
fe=(370)
623 4

fn=(2724)
611 4
fi=(393) /usr/include/c++/13/ext/aligned_buffer.h
106 2
fi=(366)
+45 6
cfi=(337)
cfn=(2726)
calls=2 17 
* 4
fe=(370)
614 4

fl=(340)
fn=(2548)
1899 308192
+2 616384
+1 770332
-1 499084
+1 623757
-1 379848
+1 474640
-1 276688
+1 345748
-1 167872
+1 209840
-1 102988
+1 128735
-1 17608
+1 26412
+2 308192

fl=(352)
fn=(2624)
69 220

fl=(248)
fn=(2556)
59 28532
+1 8152
+2 8152
-1 12228
+1 97824
-1 146736
fi=(357)
1669 8152
465 4076
1671 8152
fe=(248)
65 8152
+2 28532

fn=(1696) _GLOBAL__sub_I__Z19load_tablebase_opp1RKNSt7__cxx1112basic_stringIcSt11char_traitsIcESaIcEEE
149 2
fi=(357)
530 3
fi=(363)
313 1
fi=(357)
530 1
fi=(363)
+15 2
fi=(357)
-15 1
fe=(248)
23 4
cob=(4)
cfi=(178)
cfn=(1698)
calls=1 -23 
* 78
149 2

fn=(2560)
69 48912
+1 12228
cfi=(356)
cfn=(2322)
calls=4076 348 
* 4238308
fi=(315)
1077 8152
fe=(248)
73 8152
-1 8152
+4 8152
+1 72910
-4 145820
+1 72910
+2 109365
cfi=(360)
cfn=(2438)
calls=36455 -67 
* 570350
* 36455
+2 120
+1 33
+3 8152
+1 33
fi=(339)
370 11
+19 22
fe=(248)
83 4065
fi=(339)
370 4065
+19 8130
-19 8152
fi=(271)
172 4076
cob=(4)
cfi=(178)
cfn=(2254)
calls=4076 0 
* 419828
fe=(248)
-23 48912
fi=(315)
1077 8130
fe=(248)
86 8130
-1 8130
+4 8130
+1 72702
-4 145404
+1 72702
+2 109053
cfi=(360)
cfn=(2438)
calls=36351 -80 
* 568003
* 36351
+2 2852
+1 1896
+3 8130
+1 1896
fi=(315)
1077 6866
fe=(248)
99 6866
-1 6866
+4 6866
+1 55596
-4 111192
+1 55596
+2 83394
cfi=(360)
cfn=(2438)
calls=27798 -93 
* 411887
* 27798
+2 23020
+1 10104
+3 6866
+1 10104
fi=(315)
1077 130
fe=(248)
113 130
-2 130
+1 65
+4 130
+1 2556
-4 2556
+1 1278
+2 1917
cfi=(360)
cfn=(2438)
calls=639 9 
* 10013
* 639
+3 304
cfi=(360)
cfn=(2586)
calls=152 +12 
* 1672
+1 304
+3 55
-1 97
-1 97
+1 194
+7 130
+1 260

fl=(295)
fn=(2390)
751 512454
+4 1024908
-4 496370
fi=(315)
1337 248185
fe=(295)
759 198548
-1 99274
fi=(315)
1337 197420
fe=(295)
763 98710
fi=(315)
1143 148065
fi=(350)
386 197420
+2 98710
-2 148065
+2 104684
-2 157026
fe=(295)
784 197420
fi=(350)
436 98710
+2 49355
fe=(295)
790 49355
fi=(350)
386 98710
fe=(295)
800 846
fi=(339)
993 846
1898 1128
fi=(350)
262 846
fi=(339)
1902 1692
381 1128
fi=(271)
151 846
cob=(4)
cfi=(178)
cfn=(1990)
calls=282 0 
* 21639
* 282
fi=(350)
435 846
+1 564
+1 846
cob=(4)
cfi=(178)
cfn=(2252)
calls=282 0 
* 6114
+4 846
-53 564
-2 1410
+2 9084
-2 22992
+49 564
+1 564
+5 282
fi=(339)
-52 846
fe=(295)
833 564
fi=(271)
172 282
cob=(4)
cfi=(178)
cfn=(2254)
calls=282 0 
* 29046
fe=(295)
834 564
+1 282
+1 846
+3 397096
fi=(350)
438 282
-15 462817
fe=(295)

fn=(2616)
445 374
fi=(339)
993 238
1898 136
fi=(350)
263 102
fi=(339)
1902 204
fi=(315)
1337 68
fi=(339)
381 136
fi=(271)
151 34
fi=(339)
398 68
+1 34
+1 102
fi=(315)
1077 34
fi=(350)
435 102
+1 68
+1 28
cob=(4)
cfi=(178)
cfn=(2252)
calls=28 0 
* 483
+4 136
fi=(339)
993 34
100 102
381 136
fi=(271)
134 102
+17 68
cob=(4)
cfi=(178)
cfn=(1990)
calls=34 0 
* 3525
* 34
fi=(350)
438 12
-40 24
fi=(271)
151 34
fi=(339)
398 68
+1 34
+1 102
fi=(315)
1077 34
fi=(350)
435 102
+1 68
+1 33
cob=(4)
cfi=(178)
cfn=(2252)
calls=33 0 
* 1728
+4 136
fi=(368)
13 340
fi=(347)
1104 34
-1 34
+1 68
fe=(295)
483 34
fi=(347)
1104 68
fi=(339)
389 68
fe=(295)
520 140
fi=(271)
172 56
cob=(4)
cfi=(178)
cfn=(2254)
calls=28 0 
* 5454
fe=(295)
521 102
+1 34
+1 204
+1 272
fi=(350)
-86 2
-40 4
fi=(347)
1104 616
fi=(368)
13 4620
fi=(339)
+93 616
+1 308
+1 462
-2 616
+1 308
+1 462
fi=(368)
-95 1540
fi=(339)
370 154
+19 308
-19 154
+19 308
fi=(271)
151 204
cob=(4)
cfi=(178)
cfn=(1990)
calls=34 0 
* 69360
* 34
fe=(295)
468 68
fi=(368)
13 1088
fi=(339)
993 34
100 102
381 136
fi=(271)
134 102
+17 68
cob=(4)
cfi=(178)
cfn=(1990)
calls=34 0 
* 2344
* 34
fe=(295)

fn=(2244)
445 78120
fi=(339)
993 39060
1898 31248
fi=(350)
263 23436
fi=(339)
1902 39060
fi=(315)
1337 15624
fi=(339)
381 31248
fi=(347)
1131 28300
cob=(4)
cfi=(178)
cfn=(2252)
calls=7075 0 
* 143783
fe=(295)
483 7075
fi=(347)
1118 14150
+1 14150
+14 7075
fe=(295)
520 14150
fi=(339)
386 7075
fi=(271)
151 15624
cob=(4)
cfi=(178)
cfn=(1990)
calls=7812 0 
* 631430
* 7812
+40 23436
fi=(347)
1119 15624
fe=(295)
483 737
fi=(347)
1118 1474
+1 1474
+14 737
fi=(339)
389 1474
fi=(271)
172 14150
cob=(4)
cfi=(178)
cfn=(2254)
calls=7075 0 
* 730356
fe=(295)
521 7812
+1 7812
+1 15624
+1 62496

fn=(2354)
445 480
fi=(339)
993 240
1898 192
fi=(350)
263 144
fi=(339)
1902 240
fi=(315)
1337 96
fi=(339)
381 192
fi=(347)
1131 180
cob=(4)
cfi=(178)
cfn=(2252)
calls=45 0 
* 234688
fe=(295)
483 45
fi=(347)
1118 90
+1 90
+14 45
fe=(295)
520 90
fi=(339)
386 45
fi=(271)
151 96
cob=(4)
cfi=(178)
cfn=(1990)
calls=48 0 
* 8496
* 48
+40 144
fi=(347)
1119 96
fe=(295)
483 3
fi=(347)
1118 6
+1 6
+14 3
fi=(339)
389 6
fi=(271)
172 90
cob=(4)
cfi=(178)
cfn=(2254)
calls=45 0 
* 6394
fe=(295)
521 48
+1 48
+1 96
+1 384

fn=(2328)
67 2627682
+3 1751788
fi=(339)
1080 1751788
fe=(295)
72 875894
fi=(339)
993 875740
fi=(271)
151 1313610
cob=(4)
cfi=(178)
cfn=(1990)
calls=437870 0 
* 28218063
* 437870
fe=(295)
-71 437870
fi=(347)
1118 875740
+1 875740
fi=(339)
389 875740
fe=(295)
95 15
fi=(271)
+77 10
cob=(4)
cfi=(178)
cfn=(2254)
calls=5 0 
* 515
fe=(295)
-76 437870
+1 875740
+1 875740
+2 2627682

fn=(2348)
111 3748413
+3 3748413
fi=(271)
+77 2498886
fe=(295)
-72 1249443
fi=(315)
1158 2498886
fe=(295)
127 2498886
fi=(315)
1158 56
fe=(295)
127 56
-4 84
cfn=(2632) void std::vector<int, std::allocator<int> >::_M_realloc_insert<int>(__gnu_cxx::__normal_iterator<int*, std::vector<int, std::allocator<int> > >, int&&)
calls=28 445 
* 7454
* 28

fn=(2632)
445 280
fi=(339)
993 140
1898 112
fi=(350)
263 84
fi=(339)
1902 140
fi=(315)
1337 56
fi=(339)
381 112
fi=(347)
1131 112
cob=(4)
cfi=(178)
cfn=(2252)
calls=28 0 
* 846
fe=(295)
483 28
fi=(347)
1118 56
+1 56
+14 28
fe=(295)
520 56
fi=(339)
386 28
fi=(271)
151 56
cob=(4)
cfi=(178)
cfn=(1990)
calls=28 0 
* 1820
* 28
+40 84
fi=(347)
1119 56
fi=(271)
172 56
cob=(4)
cfi=(178)
cfn=(2254)
calls=28 0 
* 2884
fe=(295)
521 28
+1 28
+1 56
+1 224

fl=(357)
fn=(2848)
2520 4
465 1
fi=(363)
2029 2
fe=(357)
2525 5
cob=(4)
cfi=(178)
cfn=(2340)
calls=1 0 
* 15
+2 1
+1 1
+1 4

fn=(2450)
1948 523740
+6 224460
+1 194700
+3 15020
fi=(356)
415 15020
+3 30040
fe=(357)
1966 8698
fi=(363)
528 17396
fe=(357)
1964 17396
-5 3457
fi=(350)
108 13828
cob=(4)
cfi=(178)
cfn=(1770)
calls=3457 0 
* 79370
* 60080
cob=(4)
cfi=(178)
cfn=(1770)
calls=15020 0 
* 344273
fe=(357)
1961 36954
+3 32019
793 8698
fi=(356)
416 17396
-1 8698
+2 17396
+1 8698
-2 26094
+1 434900
+1 217450
-2 661048
fe=(357)
1969 12457
+1 673380

fn=(2470)
1595 157252
465 39313
fi=(363)
2029 78626
380 57024
+1 57024
2033 114048
cfn=(2474)
calls=57024 -24 
* 6801435
-4 114048
fe=(357)
2525 196565
cob=(4)
cfi=(178)
cfn=(2340)
calls=39313 0 
* 827536
+2 39313
+1 39313
456 78626
-39 39313
+31 78626
fi=(271)
172 78626
cob=(4)
cfi=(178)
cfn=(2254)
calls=39313 0 
* 4049239
fe=(357)
1610 157252

fl=(314)
fn=(2054)
398 1
+5 3
+3 1

fl=(335)
fn=(2142)
55 30
fi=(255)
1072 2
3731 24
fe=(335)
107 24
fi=(256)
389 8
cob=(4)
cfi=(178)
cfn=(1770)
calls=2 0 
* 42
fe=(335)
68 4
+1 14
fi=(271)
+82 4
cob=(4)
cfi=(178)
cfn=(1990)
calls=2 0 
* 1773
* 2
fi=(370)
-21 4
600 4
fi=(337)
21 4
-1 4
cob=(4)
cfi=(178)
cfn=(2164) 0x000000000010e6b0
calls=2 -20 
* 34
* 2
fi=(350)
262 6
fi=(337)
20 2
+1 4
fi=(393)
+85 4
fi=(370)
1101 2
-33 2
fe=(335)

ob=(1) /usr/lib/x86_64-linux-gnu/ld-linux-x86-64.so.2
fl=(50) ./elf/./elf/dl-catch.c
fn=(158) _dl_catch_error
254 54
+2 9
-2 54
+2 9
cfn=(160) _dl_catch_exception
calls=9 -52 
* 11981
+1 18
+1 9
+1 9
-1 9
+1 9
+2 54

fn=(160)
204 150
58 25
204 50
+3 50
+22 25
-1 25
+1 25
58 50
+4 14
+11 14
235 21
cfi=(51) ./setjmp/../sysdeps/x86_64/setjmp.S
cfn=(162) __sigsetjmp
calls=7 31 
* 168
* 54
cfi=(51)
cfn=(162)
calls=18 31 
* 432
* 75
+2 75
cob=(2)
cfi=(216) ./dlfcn/./dlfcn/dlsym.c
cfn=(1356) dlsym_doit
calls=7 37 
* 5355
cfi=(68) ./elf/./elf/dl-deps.c
cfn=(228) openaux
calls=16 61 
* 38327
cfi=(2) ./elf/./elf/rtld.c
cfn=(164) map_doit
calls=2 641 
* 6032
69 25
+1 25
-1 25
+1 18
239 72
-25 18
+34 54
-9 28
-25 7
+34 21
59 36
+11 54
+3 14

fn=(256) _dl_receive_error
186 2
58 1
186 4
+2 1
-2 1
58 1
+1 1
+11 1
192 1
+2 1
cfi=(2)
cfn=(258) version_check_doit
calls=1 674 
* 34031
69 2
+1 1
198 1
-1 1
+1 3

fl=(66) ./string/../sysdeps/x86_64/multiarch/../multiarch/strcpy-sse2-unaligned.S
fn=(218) stpcpy
45 1
+6 1
+7 1
+1 1
+1 1
301 1
+1 1
+1 1
+1 1
+1 1
+10 1
+1 1
+2 1
+1 1
+1 1
+10 1
+1 1
+26 1
+1 1
+5 1
+1 4
594 1
+1 1
+1 1
+2 1
+7 1

fl=(45) ./elf/./elf/dl-debug.c
fn=(144) _dl_debug_initialize
56 3
+3 2
+4 1
+22 1
+10 1
-32 2
+1 1
+21 2
+5 2
+1 1
+4 1
-4 1
-1 1
+2 1
+3 1
+4 2
+8 2
-50 1
+4 2
+35 6

fn=(196) _dl_debug_update
38 8
+3 8
-1 16
+4 16
+4 8

fn=(150) _dl_debug_state
116 2
+1 2

fl=(382) ./elf/./elf/dl-fini.c
fn=(2852) _dl_fini
26 5
+17 1
-17 6
+20 13
+3 2
cob=(2)
cfi=(217) ./nptl/./nptl/pthread_mutex_lock.c
cfn=(1352) pthread_mutex_lock@@GLIBC_2.2.5
calls=1 +28 
* 44
+2 1
+3 2
+2 5
+7 3
-2 1
+2 1
cfi=(48) ./elf/./elf/dl-audit.c
cfn=(586) _dl_audit_activity_nsid
calls=1 -22 
* 11
+5 15
+5 1
-5 1
+5 3
+2 18
+2 18
+2 18
+1 9
+1 9
+4 9
-12 27
+14 6
+1 4
+6 6
cfi=(13) ./elf/./elf/dl-sort-maps.c
cfn=(252) _dl_sort_maps
calls=1 298 
* 705
+9 2
cob=(2)
cfi=(222) ./nptl/./nptl/pthread_mutex_unlock.c
cfn=(1366) pthread_mutex_unlock@@GLIBC_2.2.5
calls=1 367 
* 37
+5 6
+2 1
+2 2
-2 8
+2 16
+2 36
cfi=(383) ./elf/./elf/dl-call_fini.c
cfn=(2854) _dl_call_fini
calls=9 -90 
* 13267
+3 18
cfi=(48)
cfn=(2880) _dl_audit_objclose
calls=9 -20 
* 45
-9 18
+14 9
-14 27
+18 3
cfi=(48)
cfn=(586)
calls=1 -85 
* 11
* 2
+6 4
+2 1
-2 2
+6 2
+7 8
-77 2

fl=(51)
fn=(162)
31 25
+2 25
+9 25
+1 50
+1 25
+4 25
+1 25
+1 25
+1 25
+1 25
+2 50
+2 25
+1 25
+1 25
+2 50
+2 25
+8 25
+3 25
+1 25
+7 25
+1 25

fl=(43) ./string/../sysdeps/x86_64/multiarch/../multiarch/memset-vec-unaligned-erms.S
fn=(130) memset
132 21
+1 105
+5 21
+1 21
+3 11
+1 11
+2 4
+1 4
+1 4
+97 7
+1 7
+12 7
+3 7
+1 7
+12 7
+1 7
+13 7
+1 7
+2 7
+3 4
+3 8
+3 4
+1 4
+1 4
+1 4
+1 4
+1 4
+1 4
-6 93
+1 93
+1 93
+1 93
+1 93
+1 93
+1 93
+3 7
+1 7
+1 7
+1 7
+5 7
+34 10
+2 10
+1 10
+39 10
+1 10
+2 10

fl=(75) ./malloc/./malloc/scratch_buffer_set_array_size.c
fn=(248) __libc_scratch_buffer_set_array_size
30 91
+4 7
+1 14
+10 14
+18 7
-17 7
+17 35

fl=(29) ./string/../sysdeps/x86_64/multiarch/memmove-vec-unaligned-erms.S
fn=(126) mempcpy
197 87
+1 87
+1 87
+1 87
+17 87
+1 87
+2 31
+1 31
+1 31
+2 26
+1 26
+1 26
+2 26
+80 56
+1 56
+2 23
+4 23
+1 23
+1 23
+8 23
+39 33
+1 33
+1 33
+1 33
+1 33
+7 5
+1 5
+1 5
+1 5
+1 5
+1 5
+1 5
+11 5
+1 5
+2 5
+1 5
+1 5

fn=(82) memcpy
210 57
+1 57
+6 57
+1 57
+2 46
+1 46
+1 46
+2 23
+1 23
+1 23
+2 23
+80 11
+1 11
+2 2
+4 2
+1 2
+1 2
+1 2
+1 2
+4 2
+2 2
+39 9
+1 9
+1 9
+1 9
+1 9
+7 12
+1 12
+1 12
+1 12
+1 12
+1 12
+1 12
+11 23
+1 23
+2 21
+1 21
+1 21
+2 9
+1 9
+1 9
+1 9
+1 9
+1 9
+1 9
+1 9
+1 9
+1 9
+1 9
+1 9
+1 9
+1 9
+1 9
+4 2
+1 2
+4 2
+2 2
+16 2
+3 2
+2 2
+2 2
+4 2
+1 2
+9 2
+1 2
+2 2
+2 2
+1 2
+1 2
+3 2
+2 2
+2 2
+2 2
+6 2
+1 2
+1 2
+1 2
+1 2
+1 2
+1 2
+1 2
+1 2
+1 2
+1 2
+1 2
-11 4
+1 4
+1 4
+1 4
+1 4
+1 4
+1 4
+1 4
+1 4
+1 4
+1 4
+1 4
+2 2
+1 2
+1 2
+1 2
+2 2
+4 2

fl=(69) ./io/../sysdeps/unix/sysv/linux/stat64.c
fn=(232) stat
28 12
+1 24
cfi=(70) ./io/../sysdeps/unix/sysv/linux/fstatat64.c
cfn=(234) fstatat
calls=6 146 
* 58

fl=(8) ./elf/./elf/dl-setup_hash.c
fn=(14) _dl_setup_hash
25 9
+3 9
-3 9
+3 18
+3 27
+1 18
+2 9
-1 9
+3 27
+1 9
+1 18
+7 9
-5 9
-2 9
+3 18
+2 9
+2 18
+5 9

fl=(9) ./elf/../sysdeps/unix/sysv/linux/dl-sysdep.c
fn=(584) _dl_sysdep_start_cleanup
147 1
+1 1

fn=(16) _dl_sysdep_start
102 5
+4 1
-4 1
+1 1
+3 1
cfn=(18) _dl_sysdep_parse_arguments
calls=1 -28 
* 714
+4 2
cfi=(11) ./elf/./elf/dl-tunables.c
cfn=(22) __GI___tunables_init
calls=1 261 
* 86647
+3 1
cfi=(13)
cfn=(26) _dl_sort_maps_init
calls=1 289 
* 38
+2 2
cfi=(14) ./elf/../sysdeps/unix/sysv/linux/brk.c
cfn=(30) brk
calls=1 -79 
* 8
fi=(6) ./elf/../sysdeps/x86_64/dl-machine.h
220 1
cfi=(15) ./elf/../sysdeps/x86/dl-get-cpu-features.c
cfn=(34) _dl_x86_init_cpu_features
calls=1 37 
* 7349
fe=(9)
-98 3
+1 1
cfi=(22) ./string/../sysdeps/x86_64/multiarch/../multiarch/strlen-sse2.S
cfn=(62) strlen
calls=1 -66 
* 17
* 1
+2 2
cfi=(23) ./elf/../misc/sbrk.c
cfn=(64) sbrk
calls=1 -88 
* 16
* 3
+12 3
+3 5
cfi=(2)
cfn=(66) dl_main
calls=1 1346 
* 1965718
+3 4

fn=(18)
78 1
+2 1
-2 6
+1 1
+1 1
-1 1
+2 2
+2 1
-2 1
+2 2
-1 1
+1 2
-1 139
+1 278
+7 56
fi=(10) ./elf/../sysdeps/unix/sysv/linux/dl-parse_auxv.h
-49 1
fe=(9)
+45 1
fi=(10)
-54 1
fe=(9)
+54 1
fi=(10)
-54 1
+1 1
+1 1
+7 3
+1 44
+1 22
-2 22
+2 22
-2 67
fe=(9)
+52 3
+1 1
+1 2
fi=(10)
-49 1
+1 1
fe=(9)
+46 1
fi=(10)
-45 1
+3 1
+1 1
+1 1
+1 1
+2 1
-5 1
-4 1
+1 1
+4 1
+1 1
+3 1
-7 1
-4 1
+1 1
+8 1
fe=(9)
+40 1
-1 1
+2 1
+1 6

fl=(32) ./string/../sysdeps/x86_64/multiarch/../multiarch/strcmp-sse2.S
fn=(208) strncmp
98 7
+27 7
+1 7
+1 7
+1 7
+1 7
+2 7
+1 7
+2 7
+1 7
+21 7
+1 7
+1 7
+1 7
+1 7
+1 7
+1 7
+1 7
+17 7
+1 7
+1 7
+1 7
+1 7
+1 7
+1 7
2104 7
+3 7
+1 7
+2 5
+1 5
+8 5
+1 5
+3 2
+1 2

fn=(94) strcmp
98 2801
+33 2801
+1 2801
+2 2801
+1 2801
+21 2801
+1 2801
+1 2478
+1 2478
+1 2325
+1 2325
+1 2325
+1 2325
+17 2325
+1 2325
+1 2325
+1 2325
+1 2325
+1 2325
+1 2325
+5 79
+1 237
+9 79
+1 79
+1 79
+1 79
+1 79
+1 79
+1 79
+1 79
-7 476
+1 476
+1 476
+1 476
+1 476
+1 476
+1 476
+1 476
+1 469
+1 257
+1 257
+1 257
+2 257
+1 257
+1 257
+1 257
+1 257
+1 257
-5 212
+1 212
+1 212
+1 212
+1 212
+1 212
+10 86
+1 86
+1 86
+2 86
+6 86
+1 86
+1 86
+1 86
+1 86
+5 86
+2 79
+1 79
+1 158
+8 79
+1 79
+3 79
+1 79
+1 79
+1 79
+1 79
+1 79
-9 1
+1 1
+3 1
+1 1
+1 1
+1 1
+1 1
+1 1
+6 2
+1 2
+1 2
+3 2
+1 2
+1 2
+1 2
+1 2
+1 2
+5 1
+1 1
+9 7
+1 7
+1 7
+1 7
+1 7
+2 7
+1 7
+1 7
+1 7
+1 7
+1 7
+1 7
+1 7
+3 7
+1 7
+1 7
+6 7
+1 7
+1 14
+4 7
+1 7
+3 7
+1 7
+1 7
+2 7
+1 7
+1 7
+4 7
+1 7
+1 7
+1 7
+1 7
+1 7
+6 1
+1 1
+2 1
+1 1
+2 1
+1 1
+1 1
+2 1
+1 1
+1 1
+4 1
+1 1
+1 1
+1 1
+1 1
+1 1
+48 1
+1 1
+1 1
+1 1
+1 1
+2 1
+1 1
+1 1
+1 1
+1 1
+1 1
+1 1
+1 1
+3 1
+1 1
+1 1
+6 1
+1 1
+1 2
+4 1
+1 1
+3 1
+1 1
+1 1
+2 1
+1 1
+1 1
+4 1
+1 1
+1 1
+1 1
+1 1
+1 1
+7 1
+1 1
+2 1
+1 1
+2 1
+1 1
+1 1
+2 1
+1 1
+1 1
+4 1
+1 1
+1 1
+1 1
+1 1
+1 1
+41 4
+1 4
+1 4
+1 4
+1 4
+2 4
+1 4
+1 4
+1 4
+1 4
+1 4
+1 4
+1 3
+4 3
+1 3
+1 3
+6 3
+1 3
+1 6
+4 3
+1 3
-1 2
+1 2
+3 5
+1 5
+1 5
+2 5
+1 5
+1 5
+4 5
+1 5
+1 5
+1 5
+1 5
+1 5
+7 2
+1 2
+2 2
+1 2
+2 2
+1 2
+1 2
+2 2
+1 2
+1 2
+4 2
+1 2
+1 2
+1 2
+1 2
+1 2
+7 2
+1 2
+1 2
+32 20
+1 20
+1 20
+1 20
+1 20
+2 20
+1 20
+1 20
+1 20
+1 20
+1 20
+1 20
+1 6
+4 6
+1 6
+1 6
+6 6
+1 6
+1 12
+4 6
+1 6
+3 6
+1 6
+1 6
+2 6
+1 6
+1 6
+4 6
+1 6
+1 6
+1 6
+1 6
+1 6
+69 9
+1 9
+1 9
+1 9
+1 9
+2 9
+1 9
+1 9
+1 9
+1 9
+1 9
+1 9
+1 6
+4 6
+1 6
+1 6
+6 6
+1 6
+1 12
+4 6
+1 6
+3 6
+1 6
+1 6
+2 6
+1 6
+1 6
+4 6
+1 6
+1 6
+1 6
+1 6
+1 6
+69 7
+1 7
+1 7
+1 7
+1 7
+2 7
+1 7
+1 7
+1 7
+1 7
+1 7
+1 7
+1 6
+4 6
+1 6
+1 6
+6 6
+1 6
+1 12
+4 6
+1 6
-1 1
+1 1
+3 7
+1 7
+1 7
+2 7
+1 7
+1 7
+4 7
+1 7
+1 7
+1 7
+1 7
+1 7
+7 4
+1 4
+2 4
+1 4
+2 4
+1 4
+1 4
+2 4
+1 4
+1 4
+4 4
+1 4
+1 4
+1 4
+1 4
+1 4
+7 1
+1 1
+1 1
+32 13
+1 13
+1 13
+1 13
+1 13
+2 13
+1 13
+1 13
+1 13
+1 13
+1 13
+1 13
+1 11
+4 11
+1 11
+1 11
+6 11
+1 11
+1 22
+4 11
+1 11
-1 2
+1 2
+3 13
+1 13
+1 13
+2 13
+1 13
+1 13
+4 13
+1 13
+1 13
+1 13
+1 13
+1 13
+7 3
+1 3
+2 3
+1 3
+2 3
+1 3
+1 3
+2 3
+1 3
+1 3
+4 3
+1 3
+1 3
+1 3
+1 3
+1 3
+7 2
+1 2
+1 2
+32 21
+1 21
+1 21
+1 21
+1 21
+2 21
+1 21
+1 21
+1 21
+1 21
+1 21
+1 21
+1 10
+4 10
+1 10
+1 10
+6 10
+1 10
+1 20
+4 10
+1 10
-1 1
+1 1
+3 11
+1 11
+1 11
+2 11
+1 11
+1 11
+4 11
+1 11
+1 11
+1 11
+1 11
+1 11
+7 2
+1 2
+2 2
+1 2
+2 2
+1 2
+1 2
+2 2
+1 2
+1 2
+4 2
+1 2
+1 2
+1 2
+1 2
+1 2
+7 1
+1 1
+1 1
+32 31
+1 31
+1 31
+1 31
+1 31
+2 31
+1 31
+1 31
+1 31
+1 31
+1 31
+1 31
+1 20
+4 20
+1 20
+1 20
+6 20
+1 20
+1 40
+4 20
+1 20
-1 8
+1 8
+3 28
+1 28
+1 28
+2 28
+1 28
+1 28
+4 28
+1 28
+1 28
+1 28
+1 28
+1 28
+7 15
+1 15
+2 15
+1 15
+2 15
+1 15
+1 15
+2 15
+1 15
+1 15
+4 15
+1 15
+1 15
+1 15
+1 15
+1 15
+7 8
+1 8
+1 8
+32 27
+1 27
+1 27
+1 27
+1 27
+2 27
+1 27
+1 27
+1 27
+1 27
+1 27
+1 27
+1 18
+4 18
+1 18
+1 18
+6 18
+1 18
+1 36
+4 18
+1 18
-1 1
+1 1
+3 19
+1 19
+1 19
+2 19
+1 19
+1 19
+4 19
+1 19
+1 19
+1 19
+1 19
+1 19
+7 6
+1 6
+2 6
+1 6
+2 6
+1 6
+1 6
+2 6
+1 6
+1 6
+4 6
+1 6
+1 6
+1 6
+1 6
+1 6
+7 1
+1 1
+1 1
+32 60
+1 60
+1 60
+1 60
+1 60
+2 60
+1 60
+1 60
+1 60
+1 60
+1 60
+1 60
+1 36
+4 36
+1 36
+1 36
+6 36
+1 36
+1 72
+4 36
+1 36
-1 6
+1 6
+3 42
+1 42
+1 42
+2 42
+1 42
+1 42
+4 42
+1 42
+1 42
+1 42
+1 42
+1 42
+7 8
+1 8
+2 8
+1 8
+2 8
+1 8
+1 8
+2 8
+1 8
+1 8
+4 8
+1 8
+1 8
+1 8
+1 8
+1 8
+7 6
+1 6
+1 6
+32 75
+1 75
+1 75
+1 75
+1 75
+2 75
+1 75
+1 75
+1 75
+1 75
+1 75
+1 75
+1 20
+4 20
+1 20
+1 20
+6 20
+1 20
+1 40
+4 20
+1 20
-1 4
+1 4
+3 24
+1 24
+1 24
+2 24
+1 24
+1 24
+4 24
+1 24
+1 24
+1 24
+1 24
+1 24
+7 8
+1 8
+2 8
+1 8
+2 8
+1 8
+1 8
+2 8
+1 8
+1 8
+4 8
+1 8
+1 8
+1 8
+1 8
+1 8
+7 4
+1 4
+1 4
+32 110
+1 110
+1 110
+1 110
+1 110
+2 110
+1 110
+1 110
+1 110
+1 110
+1 110
+1 110
+1 94
+4 94
+1 94
+1 94
+6 94
+1 94
+1 188
+4 94
+1 94
-1 5
+1 5
+3 99
+1 99
+1 99
+2 99
+1 99
+1 99
+4 99
+1 99
+1 99
+1 99
+1 99
+1 99
+7 11
+1 11
+2 11
+1 11
+2 11
+1 11
+1 11
+2 11
+1 11
+1 11
+4 11
+1 11
+1 11
+1 11
+1 11
+1 11
+7 5
+1 5
+1 5
+32 35
+1 35
+1 35
+1 35
+1 35
+2 35
+1 35
+1 35
+1 35
+1 35
+1 35
+1 35
+1 17
+4 17
+1 17
+1 17
+6 17
+1 17
+1 34
+4 17
+1 17
+3 17
+1 17
+1 17
+2 17
+1 17
+1 17
+4 17
+1 17
+1 17
+1 17
+1 17
+1 17
+69 49
+1 49
+1 49
+1 49
+1 49
+2 49
+1 49
+1 49
+1 49
+1 49
+1 49
+1 49
+2 11
+4 11
+1 11
+1 11
+6 11
+1 11
+2 22
+4 11
+1 11
-1 3
+1 3
+3 14
+1 14
+1 14
+2 14
+1 14
+1 14
+4 14
+1 14
+1 14
+1 14
+1 14
+1 14
+7 5
+1 5
+2 5
+1 5
+2 5
+1 5
+1 5
+2 5
+1 5
+1 5
+4 5
+1 5
+1 5
+1 5
+1 5
+1 5
+7 3
+1 3
+1 3
+34 345
+2 345
+1 345
+1 345
+1 345
-3 210
+1 210
+1 210
+1 210
+1 514
+5 257
+6 257
+1 257
+8 257
+1 257
-16 2544
+6 2544
+1 2544
+8 2544
+1 2544

fl=(24) ./elf/../sysdeps/nptl/dl-tls_init_tp.c
fn=(86) rtld_mutex_dummy
42 182
+2 364

fn=(274) __tls_init_tp
68 2
fi=(394) ./elf/../include/list.h
-24 1
fe=(24)
+24 3
fi=(394)
-25 1
fe=(24)
+26 1
+3 1
fi=(394)
-29 1
+1 1
+1 1
+2 1
fe=(24)
+28 4
+1 2
+1 1
+5 2
+5 1
+6 1
-3 1
+3 1
-6 3
+6 1
+12 4
cfi=(11)
cfn=(28) __tunable_get_val
calls=1 387 
* 24
fi=(79) ./elf/../sysdeps/unix/sysv/linux/rseq-internal.h
-73 3
+8 1
fe=(24)
+81 3
+7 2
+1 3
fi=(79)
-95 7
+3 2
fe=(24)

fn=(68) __tls_pre_init_tp
53 3
+3 8
+5 1
-5 1
+5 1
+1 1
-6 1
+8 1

fl=(71) ./elf/./elf/dl-cache.c
fn=(242) _dl_cache_libcmp
357 53
+1 53
+32 53
-33 53
+1 124
+2 310
+2 310
-2 620
+20 602
+2 602
-12 257
+2 257
+14 257
+1 257
-29 514
+32 27
-28 18
+6 9
+2 9
-2 9
+1 9
-1 9
+1 9
-1 9
+2 27
+2 9
-3 9
+3 27
+2 18
+9 132

fn=(588) _dl_unload_cache
525 1
+1 4
-1 1
+3 1
-3 1
+3 1
cfi=(67) ./misc/../sysdeps/unix/syscall-template.S
cfn=(220) munmap
calls=1 117 
* 6
+7 1
-6 1
+4 1
+2 1

fn=(236) _dl_load_cache_lookup
403 50
+2 10
+3 15
+69 12
+5 5
205 5
482 10
+3 15
fi=(73) ./elf/../sysdeps/x86/dl-procinfo.h
39 10
+3 15
cfi=(32)
cfn=(94)
calls=5 +56 
* 125
* 20
fe=(71)
208 30
cfi=(11)
cfn=(28)
calls=5 387 
* 115
* 5
+12 5
-10 5
-2 5
+12 10
-7 25
+9 25
+1 5
-32 10
+36 5
-4 5
+4 10
-5 195
+1 39
-32 78
+36 39
-4 39
+4 78
+4 132
cfn=(242)
calls=44 357 
* 3465
+1 88
346 39
+3 19
220 38
347 20
220 50
+2 50
+20 18
+3 18
+2 36
cfn=(242)
calls=9 357 
* 1187
* 18
+2 4
-9 18
-30 15
+1 5
fi=(395) ./elf/../sysdeps/x86/dl-isa-level.h
28 10
fe=(71)
210 10
fi=(395)
28 5
fe=(71)
210 5
+1 5
-1 15
+76 15
fi=(395)
28 15
fe=(71)
259 10
+10 15
+1 20
+16 5
fi=(72) ./elf/../sysdeps/generic/dl-cache.h
125 5
fe=(71)
286 15
+9 10
+3 10
+3 5
+1 15
+28 10
500 10
+12 10
cfi=(22)
cfn=(62)
calls=5 57 
* 175
+1 5
-1 5
+1 60
+1 5
-1 5
+1 5
-1 5
+1 5
cfi=(29)
cfn=(82)
calls=5 210 
* 79
* 5
+1 5
cfi=(44) ./string/./string/strdup.c
cfn=(138) strdup
calls=5 40 
* 554
+1 40
411 4
cfi=(52) ./elf/./elf/dl-misc.c
cfn=(202) _dl_sysdep_read_whole_file
calls=1 36 
* 103
* 1
+8 5
+1 8
+3 3
+1 1
-1 3
fi=(72)
194 1
+1 5
fe=(71)
431 1
+1 2

fl=(48)
fn=(152) _dl_audit_activity_map
29 2
+2 1
-2 5
+1 1
+1 2
+6 6

fn=(1702) _dl_audit_preinit
118 1
+1 4

fn=(2880)
97 9
+1 36

fn=(586)
41 3
+4 12
+1 3
+1 15

fn=(198) _dl_audit_objopen
77 7
+1 28

fl=(2)
fn=(2) _dl_start
517 16
85 1
547 4
85 1
543 1
fi=(6)
55 1
fe=(2)
+30 1
546 1
85 1
fi=(3) ./elf/./get-dynamic-info.h
-40 1
fe=(2)
546 1
fi=(3)
45 2
+23 18
-23 72
+4 36
+3 5
-1 10
+3 20
+1 16
+1 5
fi=(4) ./elf/../sysdeps/generic/ldsodefs.h
+23 1
fi=(3)
+31 1
-38 3
+12 4
+1 3
+1 4
+1 4
+1 5
+1 3
+1 4
+1 4
+12 7
+7 2
-51 4
+64 3
+6 3
+1 3
+3 2
+1 3
+5 5
+3 5
fe=(2)
563 154
fi=(4)
79 1
fe=(2)
563 1
fi=(4)
79 2
fe=(2)
563 27
fi=(6)
287 3
fi=(5) ./elf/./elf/do-rel.h
49 1
fe=(2)
563 1
fi=(5)
50 1
-1 2
+4 1
-3 1
+3 4
+3 2
-7 1
fe=(2)
563 1
fi=(5)
50 1
-1 2
+4 1
-3 1
+3 4
+3 2
+7 3
+2 3
-2 6
fi=(6)
278 3
fi=(5)
64 6
fi=(6)
278 6
+9 24
+3 6
+1 6
+26 8
+6 2
fi=(5)
61 13
fe=(2)
563 6
fi=(5)
51 1
fi=(4)
+28 2
fi=(3)
-17 4
+2 4
fe=(2)
565 1
+13 1
cfi=(7) ./elf/./elf/dl-minimal.c
cfn=(12) __rtld_malloc_init_stubs
calls=1 42 
* 10
458 2
85 1
476 2
85 3
476 1
cfi=(8)
cfn=(14)
calls=1 25 
* 27
+2 1
+16 2
-17 1
+11 1
-10 1
+16 1
cfi=(9)
cfn=(16)
calls=1 102 
* 2060544
* 1
+2 2
+89 9
fi=(3)
103 3
fe=(2)

fn=(258)
674 2
+2 1
-2 4
+2 3
cfi=(77) ./elf/./elf/dl-version.c
cfn=(260) _dl_check_all_versions
calls=1 392 
* 34016
* 2
+4 3

fn=(264) init_tls
734 1
+6 1
-6 3
+2 2
+4 2
+11 1
fi=(28) ./elf/../include/rtld-malloc.h
44 1
fe=(2)
746 1
+4 1
fi=(28)
44 1
cfi=(27) ./elf/./elf/dl-minimal-malloc.c
cfn=(74) __minimal_calloc
calls=1 +36 
* 41
fe=(2)
761 1
-12 1
+6 1
-9 1
+11 1
+4 1
+2 3
-1 2
+3 18
+4 3
+2 3
-2 6
-5 3
-1 6
+10 3
+3 2
cfi=(46) ./elf/../elf/dl-tls.c
cfn=(266) _dl_tls_static_surplus_init
calls=1 97 
* 86
+3 1
cfi=(46)
cfn=(268) _dl_determine_tlsoffset
calls=1 216 
* 147
+7 1
cfi=(46)
cfn=(270) _dl_allocate_tls_storage
calls=1 417 
* 469
* 1
+1 2
+6 1
fi=(78) ./elf/../sysdeps/generic/dl-call_tls_init_tp.h
31 2
fe=(2)
793 1
fi=(78)
31 6
+2 1
cfi=(24)
cfn=(274)
calls=1 +35 
* 79
fe=(2)
800 1
-3 1
+3 4
-36 6
-1 13

fn=(66)
1346 2
197 1
1346 11
199 1
302 1
+1 1
197 1
+99 3
1357 1
cfi=(24)
cfn=(68)
calls=1 53 
* 17
2749 1
2538 1
2749 2
2598 1
+2 2
+15 1
-13 2
cfi=(25) ./elf/./elf/dl-environ.c
cfn=(70) _dl_next_ld_env_entry
calls=1 28 
* 141
* 4
cfi=(25)
cfn=(70)
calls=2 28 
* 753
* 9
+4 6
-2 2
+2 6
+1 2
-1 6
+1 17
-1 89
+9 12
2727 3
1373 1
+1 2
-1 2
+1 2
2687 3
-47 2
+10 2
1637 9
cfi=(26) ./elf/./elf/dl-object.c
cfn=(72) _dl_new_object
calls=1 59 
* 210
* 1
+2 2
+1 3
+6 1
-5 2
+1 3
+4 1
cfi=(26)
cfn=(84) _dl_add_to_namespace_list
calls=1 31 
* 42
+1 2
1116 1
-1 1
1351 1
1143 1
-21 2
+21 2
-19 1
+1 1
-3 1
+21 2
+57 1
-82 1
+25 1
-3 1
+4 1
+19 1
+37 4
-56 102
+56 4
-1 4
+1 8
-1 4
+2 8
+1 1
+2 12
+1 14
+4 8
+1 8
+1 4
+4 12
-72 27
1253 2
+1 22
+6 4
cfi=(30) ./elf/./elf/dl-load.c
cfn=(88) _dl_process_pt_gnu_property
calls=1 868 
* 90
-7 26
+1 13
+6 13
-6 26
fi=(31) ./elf/../sysdeps/x86/dl-prop.h
235 4
+1 2
-87 4
fe=(2)
1148 1
-5 1
+5 2
-5 2
+30 1
-9 2
+2 1
-3 1
+10 2
+18 2
-38 2
-10 1
+10 1
+1 9
-11 2
+1 14
1247 1
1143 1
1247 2
1143 3
1266 4
+3 3
+2 3
1672 3
+2 2
-1 1
+1 1
+1 3
-2 2
cfi=(32)
cfn=(94)
calls=1 98 
* 25
* 2
+7 1
+3 1
-5 1
+3 1
+2 1
+1 2
+4 2
+2 2
fi=(3)
39 4
+4 1
+2 1
+9 1
+1 1
-10 2
+23 29
-23 116
+4 58
+3 6
-1 12
+3 24
+1 20
fe=(2)
1243 1
1143 1
1243 1
1143 2
fi=(3)
72 4
+43 2
+7 3
+1 4
+6 3
+18 4
+5 2
+2 2
+2 2
+2 2
+1 2
+3 4
+2 3
+1 2
+9 2
+6 2
+1 3
+3 3
fe=(2)
1698 4
+7 2
cfi=(8)
cfn=(14)
calls=1 25 
* 27
+3 2
fi=(33) ./elf/./setup-vdso.h
24 2
fi=(36) ./elf/./dl-main.h
+85 2
fi=(35) ./elf/../sysdeps/unix/sysv/linux/dl-vdso-setup.h
-64 1
fi=(36)
+64 3
cfi=(30)
cfn=(106) _dl_init_paths
calls=1 706 
* 4254
fe=(2)
1733 3
cfi=(45)
cfn=(144)
calls=1 56 
* 34
+7 1
-5 1
-2 1
+7 1
+4 1
+1 1
+2 1
-3 3
+1 2
+3 1
+11 1
-13 1
+13 1
+1 2
+5 1
-3 2
+2 1
+1 2
+5 3
+1 5
-1 2
224 1
+1 1
-1 1
+1 3
+1 2
1788 2
+5 1
-1 1
1352 1
1793 1
+24 1
cfi=(46)
cfn=(146) _dl_count_modids
calls=1 192 
* 6
* 1
fi=(47) ./elf/../sysdeps/generic/dl-debug.h
29 4
+1 1
fe=(2)
1823 1
+1 1
cfi=(45)
cfn=(150)
calls=1 116 
* 2
+1 1
+4 3
cfi=(48)
cfn=(152)
calls=1 29 
* 17
+5 3
+2 1
+2 2
+9 2
+16 4
cfi=(63) ./io/../sysdeps/unix/sysv/linux/access.c
cfn=(200) access
calls=1 25 
* 6
* 2
+76 4
+16 3
85 1
1965 1
85 2
1965 1
85 1
1965 5
85 1
1965 2
cfi=(68)
cfn=(224) _dl_map_object_deps
calls=1 143 
* 44677
92 1
+9 1
1971 1
92 2
+9 2
1971 2
+1 6
-1 4
+1 16
-1 32
+4 3
+1 2
+1 1
+2 34
+1 16
+46 1
-42 2
+8 3
+1 2
+2 1
+2 3
+2 1
-4 1
+5 1
-1 2
+14 2
+1 2
+1 3
-25 1
+36 2
+2 1
-2 1
+2 2
-2 1
+1 2
+1 1
-1 2
+1 1
cfi=(50)
cfn=(256)
calls=1 186 
* 34053
+10 1
+1 1
-1 1
+1 1
+3 2
837 1
fi=(396) ./elf/../sysdeps/unix/sysv/linux/dl-osinfo.h
39 2
fe=(2)
839 1
fi=(396)
52 1
fe=(2)
848 1
+7 1
-5 1
2047 3
2246 2
+4 1
-4 1
+10 1
-6 1
+6 1
-6 1
+9 2
+8 2
fi=(31)
36 2
+1 3
+3 3
+13 11
-13 8
+9 16
-9 1
+9 36
+4 32
-16 27
+34 1
fe=(2)
2279 1
fi=(31)
71 1
cfi=(80) ./elf/../sysdeps/x86_64/dl-cet.c
cfn=(278) _dl_cet_check
calls=1 361 
* 55
fe=(2)
2282 1
-3 2
+5 1
-2 2
+2 2
+1 6
cfi=(81) ./elf/./elf/dl-reloc.c
cfn=(280) _dl_relocate_object
calls=1 207 
* 83824
85 2
2292 1
85 2
2292 1
+1 26
+2 18
+5 18
+2 18
+6 9
+2 18
+1 64
cfi=(81)
cfn=(280)
calls=8 207 
* 1778925
+4 24
+1 6
-23 3
+23 3
cfi=(46)
cfn=(454) _dl_add_to_slotinfo
calls=3 1017 
* 84
-23 7
92 3
+1 1
2325 1
93 1
2325 1
+4 4
+2 1
+7 4
cfi=(46)
cfn=(544) _dl_allocate_tls_init
calls=1 523 
* 306
+3 2
+4 3
+2 2
+33 3
cfi=(172) ./elf/./elf/dl-call-libc-early-init.c
cfn=(568) _dl_call_libc_early_init
calls=1 27 
* 603
+7 1
cfi=(9)
cfn=(584)
calls=1 147 
* 2
+3 3
cfi=(48)
cfn=(586)
calls=1 41 
* 11
+4 2
cfi=(45)
cfn=(196)
calls=1 38 
* 7
+1 1
-1 1
+2 1
cfi=(45)
cfn=(150)
calls=1 116 
* 2
+1 1
+4 1
cfi=(71)
cfn=(588)
calls=1 525 
* 19
+5 8
2304 1
+1 1
-3 2
226 2
-2 1
+1 1
1773 1
+6 1
-6 2
+6 1
fi=(3)
56 5
+3 4
fi=(34) ./elf/../sysdeps/unix/sysv/linux/dl-vdso.h
-19 2
+1 5
fi=(35)
-11 1
+3 1
+3 1
+3 1
fi=(34)
+16 2
fi=(3)
+17 3
+12 3
+1 5
+1 5
+1 5
+1 4
+1 5
+1 5
+1 5
+12 2
+7 1
-7 7
+7 2
fe=(2)
1743 4
2357 1
cfi=(166) ./elf/./elf/dl-find_object.c
cfn=(546) _dl_find_object_init
calls=1 561 
* 1363
+5 3
cfi=(7)
cfn=(554) __rtld_malloc_init_real
calls=1 76 
* 3435
+3 1
cfi=(170) ./elf/../sysdeps/nptl/dl-mutex.c
cfn=(562) __rtld_mutex_init
calls=1 30 
* 503
85 1
2371 1
+1 3
85 3
2372 2
cfi=(81)
cfn=(280)
calls=1 207 
* 2079
92 3
+9 3
2687 2
+2 1
+1 1
-1 1
+1 1
+1 1
2040 2
cfn=(264)
calls=1 734 
* 932
* 2
2650 2
+2 2
+1 1
fi=(3)
62 4
+2 4
fe=(2)
1943 10
-77 4
cfi=(52)
cfn=(202)
calls=1 36 
* 103
* 1
+2 2
+11 1
-1 1
+1 1
+1 5
+2 4
cfi=(64) ./string/../sysdeps/x86_64/multiarch/../multiarch/memchr-sse2.S
cfn=(204) memchr
calls=1 40 
* 36
+1 2
-1 1
+1 1
+6 2
+6 4
85 1
1842 2
85 3
1842 2
cfn=(154) handle_preload_list
calls=1 869 
* 3084
* 1
92 3
+9 3
1943 6
+1 1
-1 1
+4 3
+1 1
+1 2
-2 3
+1 1
+1 2
+1 2
-7 2
-24 2
+1 4
+1 2
-1 6
cfi=(7)
cfn=(134) strsep
calls=2 239 
* 518
* 9
+5 2
814 1
-3 1
+5 4
-6 1
+6 1
-6 1
+4 1
-8 1
+5 1
+1 1
+4 1
cfi=(50)
cfn=(158)
calls=1 254 
* 3462
+1 5
+8 3
1922 2
-26 3
+14 1
85 1
1909 1
85 3
1916 2
92 1
+9 1
-9 2
+9 1
1935 1
101 1
1935 1
cfi=(67)
cfn=(220)
calls=1 117 
* 6
* 1

fn=(154)
869 11
+5 1
-5 2
+5 2
-4 3
+7 3
cfi=(49) ./string/../string/strcspn.c
cfn=(156) strcspn
calls=1 32 
* 240
* 1
+1 3
+9 1
183 1
889 2
183 2
891 2
-80 1
+5 1
-6 1
-4 1
+10 2
-6 1
+4 1
+2 2
-5 1
+1 1
+4 1
cfi=(50)
cfn=(158)
calls=1 254 
* 2754
+1 3
+8 3
+67 1
-18 2
+21 9
-15 4
cfi=(29)
cfn=(82)
calls=1 210 
* 19
+1 2

fn=(164)
641 4
+2 2
-2 8
+2 2
+1 4
-1 4
+1 6
cfi=(30)
cfn=(166) _dl_map_object
calls=2 1967 
* 5994
* 2
+2 6

fl=(52)
fn=(540) _dl_higher_prime_number
87 2
+38 2
-1 2
+3 2
+2 80
+1 30
+3 7
-6 24
+18 2
+1 2
-15 6

fn=(202)
36 4
+3 2
-3 14
+3 2
-3 4
+3 2
cfi=(53) ./io/../sysdeps/unix/sysv/linux/open64_nocancel.c
cfn=(172) __open_nocancel
calls=2 -11 
* 40
+1 4
+23 16
-21 8
cfi=(55) ./io/../sysdeps/unix/sysv/linux/fstat64.c
cfn=(178) fstat
calls=2 -12 
* 12
* 4
+2 4
+3 4
+13 4
cfi=(62) ./io/../sysdeps/unix/sysv/linux/close_nocancel.c
cfn=(194) __GI___close_nocancel
calls=2 -35 
* 12
* 2
-11 12
cfi=(57) ./misc/../sysdeps/unix/sysv/linux/mmap64.c
cfn=(182) mmap
calls=2 -2 
* 52
* 4

fn=(168) _dl_name_match_p
68 1456
+1 416
cfi=(32)
cfn=(94)
calls=208 +29 
* 6662
* 416
+3 208
+2 416
+6 203
-6 406
+1 690
cfi=(32)
cfn=(94)
calls=230 +23 
* 7970
* 460
+8 27
-13 27
+13 262
-1 181
+1 543

fl=(20) ./elf/../sysdeps/x86/dl-cacheinfo.h
fn=(50) handle_intel.constprop.0
255 24
-5 12
+17 12
-17 96
+11 12
+1 12
+5 36
+4 24
+34 96
-29 12
+3 24
-3 12
+3 36
cfn=(52) intel_check_word.constprop.0
calls=12 123 
* 4092
+2 24
+3 60
cfn=(52)
calls=12 123 
* 1272
+2 24

fn=(52)
123 48
-4 72
+10 24
-10 96
+10 48
-10 24
+10 24
-10 24
+10 24
+2 48
+71 48
fi=(21) ./elf/../bits/stdlib-bsearch.h
32 24
fe=(20)
202 120
-71 96
+2 60
+2 120
+8 120
+51 96
+22 48
fi=(21)
28 48
-1 96
+2 216
+2 168
+1 84
fe=(20)
+78 168
+3 324
fi=(21)
-78 264
-6 528
+2 480
+1 240
fe=(20)
+78 480
+15 12
246 144
fi=(21)
37 120
fe=(20)
155 36
+3 36
-6 12
+3 39
+9 18
+23 21
-32 63
+3 63
+4 58
+2 116
+3 84
+1 48
+1 48
+1 30
+2 11
+2 22
+6 14
+3 8
+1 12
-20 15
+12 4
+2 4
+1 4
-2 4
-1 4
+2 8
-2 4
+3 4
-2 12
+2 12
+11 2
-9 12

fn=(56) get_common_cache_info.constprop.0
571 11
+17 1
+1 1
+9 1
-12 1
+2 1
+2 1
+8 1
-11 1
+3 1
+11 2
-5 3
+17 1
+5 3
+4 2
770 5
+1 5
+4 2
+8 1
-1 1
+1 1
+1 1
+1 7
627 5
+3 6
-32 5
+75 4
+8 5
+2 2
-2 1
+6 3
+3 1
+1 5
-4 4
+21 2
-21 4
+2 1
+2 4
-4 1
+6 4
+3 2
+5 1
+2 2
+1 1
+1 1
-2 2
+1 1
-19 4
+46 2
+1 1
+1 2
+1 1
+25 3
630 3
+10 6
+14 2
+4 1
+3 1
+1 1
-4 2
+3 3
+6 4
-37 12
+7 6
-7 3
+7 2
+3 20
+5 2
+4 1
+1 1
-1 2
+1 1
+61 2
+7 1
+2 2
-16 1
+22 1
-6 2
+1 1
+5 1
-30 5

fl=(388) ./elf/../sysdeps/x86_64/tls_get_addr.S
fn=(3020) __tls_get_addr
29 2
+1 2
+1 2
+2 2
+1 2
+1 2
+3 2
+1 2
+4 2
+1 2
+1 2
+1 2

fl=(166)
fn=(550) _dlfo_process_initial
474 2
+3 2
-3 6
+1 2
+3 4
+26 14
+1 6
+1 18
-1 36
+3 68
+3 64
-7 10
+27 2
-2 2
+2 6
-18 48
+3 16
-1 16
cfi=(167) ./elf/./dl-find_object.h
cfn=(548) _dl_find_object_from_map
calls=8 95 
* 469
+2 32

fn=(552) _dlfo_sort_mappings
536 1
+1 2
+3 4
+4 1
+1 1
-1 1
+1 2
-1 6
+1 6
-1 6
+1 26
+1 140
+3 8
-1 8
-3 84
+8 21
+1 14
-1 7
-13 14
+14 21
+1 14
-15 14
+17 1

fn=(546)
561 2
+3 1
-3 3
+5 2
+13 1
cfn=(550)
calls=1 474 
* 161
+1 1
-1 1
+1 1
fi=(28)
56 1
cfi=(27)
cfn=(78) __minimal_malloc
calls=1 -20 
* 30
fe=(166)
580 1
fi=(28)
56 1
fe=(166)
582 2
+3 2
+5 1
+1 1
cfn=(550)
calls=1 474 
* 662
+3 3
+10 4
-37 2
cfi=(167)
cfn=(548)
calls=1 95 
* 68
* 1
+29 2
cfn=(552)
calls=1 -60 
* 402
+3 6
+2 1

fl=(57)
fn=(182)
47 34
+3 68
-3 204
+6 68
+5 204
+2 136
-7 74

fl=(55)
fn=(178)
30 9
+9 36
+33 9

fl=(221) ./elf/./elf/dl-open.c
fn=(1364) _dl_find_dso_for_object
214 14
+4 7
-4 56
+4 14
+1 21
+1 84
+1 14
-2 42
+5 14
+4 49

fl=(16) ./elf/../sysdeps/x86/cpu-features.c
fn=(42) update_active.constprop.0
72 8
+4 1
+10 1
+9 1
+9 1
-19 1
-1 1
+29 1
-4 1
-24 1
+9 1
+9 1
+9 1
-28 2
+25 1
-15 1
-9 1
+9 1
+9 1
+9 1
-3 1
+7 1
-13 1
+9 1
+4 2
-22 1
+22 2
-13 1
+6 1
+3 1
+5 1
+12 1
-8 1
-4 1
+7 1
-3 4
+1 1
+2 1
-2 2
+1 3
+5 1
+2 1
-2 4
+1 1
+1 1
-1 2
+1 1
-1 1
+3 2
+1 4
+14 2
356 2
+4 3
fi=(18) ./elf/../sysdeps/unix/sysv/linux/x86/dl-hwcap2.h
25 2
fi=(19) ./elf/../sysdeps/x86/get-isa-level.h
+5 1
-2 1
+2 3
fe=(16)
369 1
+1 8
151 2
+1 2
-1 5
+1 2
+2 3
+90 1
+1 1
-1 2
+17 4
+16 2
+5 1
-1 2
+4 4
+4 2
+4 3
+1 2
+3 1
-1 1
+9 1
-5 1
+2 1
-2 1
+5 1
+51 1
fi=(19)
31 1
fe=(16)
356 2
fi=(19)
32 3
+4 3
fe=(16)
158 4
+3 1
+3 2
+14 1
+2 1
+10 3
-12 1
+12 1
-12 1
+2 2
-2 1
+2 1
+8 1
-8 1
+6 3
+2 1
-2 1
+2 3
+7 5
fi=(19)
39 2
+1 4
-2 1
+7 4
+2 1
+1 2
+3 5
+2 4
+1 2
+1 2
+3 1
-1 1
+1 3
fe=(16)
171 1
-5 2
+4 1

fn=(36) init_cpu_features.constprop.0
682 1
+17 1
-17 7
+3 1
+1 1
+1 1
+3 1
+9 2
+3 6
1001 3
+1 2
+3 2
+1 2
+6 1
+1 1
+1 1
+1 1
fi=(20)
792 1
+1 1
+2 1
+14 2
+85 1
+1 1
+15 1
-5 1
+5 1
-10 1
-6 1
+2 1
+14 1
-15 1
+2 1
-1 1
+2 1
-1 1
+2 1
-1 1
+1 1
+2 1
+1 1
+1 1
+1 1
+35 2
-15 3
+8 2
+27 6
+9 2
+19 2
+8 6
cfi=(11)
cfn=(28)
calls=1 387 
* 23
* 1
+2 2
+3 4
cfi=(11)
cfn=(28)
calls=1 387 
* 23
* 1
+2 2
+3 4
cfi=(11)
cfn=(28)
calls=1 387 
* 23
* 1
+1 5
+16 2
-12 5
cfi=(11)
cfn=(28)
calls=1 387 
* 23
* 1
+1 3
+6 3
+3 1
-3 2
cfi=(11)
cfn=(28)
calls=1 387 
* 23
* 1
+3 5
-3 1
+3 5
cfi=(11)
cfn=(58) __GI___tunable_set_val
calls=1 153 
* 62
+1 10
cfi=(11)
cfn=(58)
calls=1 153 
* 62
+1 11
cfi=(11)
cfn=(58)
calls=1 153 
* 62
+3 10
cfi=(11)
cfn=(58)
calls=1 153 
* 62
+2 10
cfi=(11)
cfn=(58)
calls=1 153 
* 62
+13 1
+2 1
fe=(16)
-23 1
fi=(20)
+21 1
+3 1
fe=(16)
-24 1
fi=(20)
+26 1
-5 1
+2 1
-2 1
+3 1
fe=(16)
-24 1
fi=(20)
+25 1
+3 1
-1 1
fe=(16)
-27 1
cfi=(11)
cfn=(28)
calls=1 387 
* 22
+3 4
cfi=(11)
cfn=(28)
calls=1 387 
* 24
+6 3
+54 1
-1 1
+1 1
+45 4
cfi=(11)
cfn=(28)
calls=1 387 
* 22
+2 4
cfi=(11)
cfn=(28)
calls=1 387 
* 22
+6 4
cfi=(11)
cfn=(28)
calls=1 387 
* 24
+7 8
fi=(20)
974 12
fe=(16)
+68 1
-1 2
+1 3
+44 3
+27 2
-10 2
+1 2
+2 3
+1 2
+2 3
+1 2
fi=(20)
811 2
cfn=(50)
calls=1 255 
* 455
+1 1
-1 1
+1 1
cfn=(50)
calls=1 255 
* 503
+1 1
-1 1
+1 1
cfn=(50)
calls=1 255 
* 530
+4 1
-4 1
+1 2
+3 1
cfn=(50)
calls=1 255 
* 476
+2 1
-2 1
+2 1
cfn=(50)
calls=1 255 
* 468
+3 1
-3 1
+1 2
+2 1
cfn=(50)
calls=1 255 
* 446
+2 1
-2 1
+2 1
cfn=(50)
calls=1 255 
* 447
+3 1
-2 1
-1 1
+3 1
cfn=(50)
calls=1 255 
* 494
+2 1
-2 1
+2 1
cfn=(50)
calls=1 255 
* 495
+1 1
+2 1
-3 1
+1 1
+2 1
cfn=(50)
calls=1 255 
* 521
+2 1
-2 1
+2 1
cfn=(50)
calls=1 255 
* 522
+2 1
-2 1
+2 1
cfn=(50)
calls=1 255 
* 523
+2 4
-2 1
+2 1
cfn=(56)
calls=1 571 
* 223
+93 1
-6 3
+6 1
-6 2
+6 2
-6 2
+6 2
-1 2
fe=(16)
708 6
cfn=(38) get_common_indices.constprop.0
calls=1 398 
* 74
376 3
+1 2
+1 6
+5 2
713 1
cfn=(42)
calls=1 72 
* 222
+2 1
+2 1
1015 1
715 2
878 2
+7 2
+2 2
+4 2
+6 2
+2 1
706 2
-3 1
384 6
+5 2
+1 7
717 1
fi=(20)
987 1
-48 1
fe=(16)
717 1
fi=(20)
987 2
fe=(16)
717 6
+4 7
+78 1
-25 3
+92 2
+3 2
fi=(20)
+38 1
fe=(16)
-37 1
-89 2
+51 2

fn=(38)
398 3
+4 4
+3 3
+5 2
-5 1
+5 1
-5 1
+4 1
+1 1
+1 4
+1 4
+1 3
+1 2
+7 2
+2 5
+5 1
-5 1
+5 1
-5 1
+5 1
-5 2
+5 1
+7 1
-7 4
+7 1
+1 3
+6 1
-6 4
+6 1
fi=(17) ./elf/../sysdeps/unix/sysv/linux/x86/dl-minsigstacksize.h
24 2
+3 2
+1 2
+37 3
+7 1
+2 1
fe=(16)
457 3

fl=(383)
fn=(2854)
24 72
+4 18
+6 9
-2 9
+3 18
+3 7
+1 7
-1 7
+1 14
+3 28
+1 7
cob=(6) /usr/lib/x86_64-linux-gnu/libdl.so.2
cfi=(186) ???
cfn=(3094) 0x00000000000010b0
calls=1 -43 
* 152
cob=(7) /usr/lib/x86_64-linux-gnu/libgcc_s.so.1
cfi=(187) ???
cfn=(3064) 0x0000000000004940
calls=1 -43 
* 42
cob=(3) /usr/lib/x86_64-linux-gnu/libm.so.6
cfi=(188) ???
cfn=(3046) 0x00000000000104a0
calls=1 -43 
* 152
cob=(8) /usr/lib/x86_64-linux-gnu/libstdc++.so.6.0.33
cfi=(189) ???
cfn=(2952) 0x00000000000b7aa0
calls=1 -43 
* 8852
cob=(9) /usr/lib/x86_64-linux-gnu/liblsp.so
cfi=(215) ???
cfn=(2900) 0x0000000000002650
calls=1 -43 
* 3103
cob=(5) /usr/libexec/valgrind/vgpreload_core-amd64-linux.so
cfi=(181) ???
cfn=(2882) 0x00000000000010d0
calls=1 -43 
* 152
cob=(10)
cfi=(246)
cfn=(2856)
calls=1 -43 
* 152
* 2
cob=(7)
cfi=(187)
cfn=(3076) 0x0000000000005ad0
calls=1 -43 
* 152
cob=(9)
cfi=(215)
cfn=(2934) 0x00000000000014e0
calls=1 -43 
* 154
-1 36
+5 9
+1 18
+1 14
+1 35
-1 7
cob=(4)
cfi=(178)
cfn=(3110) 0x000000000497f108
calls=1 -49 
* 4
cob=(4)
cfi=(178)
cfn=(3092) 0x0000000004975748
calls=1 -49 
* 4
cob=(4)
cfi=(178)
cfn=(3062) 0x00000000048f33a8
calls=1 -49 
* 4
cob=(4)
cfi=(178)
cfn=(3044) 0x0000000004de9ce4
calls=1 -49 
* 4
cob=(4)
cfi=(178)
cfn=(2950) 0x0000000004a0353c
calls=1 -49 
* 3
cob=(4)
cfi=(178)
cfn=(2898) 0x000000000483d294
calls=1 -49 
* 4
cob=(4)
cfi=(178)
cfn=(2878) 0x0000000000129b4c
calls=1 -49 
* 4
+1 12

fl=(27)
fn=(74)
80 21
+4 21
-4 84
+7 21
+1 63
fi=(28)
-32 21
cfi=(27)
cfn=(78)
calls=21 -20 
* 737
fe=(27)

fn=(78)
36 456
+1 171
+11 168
+3 56
-3 56
+3 112
-3 2
+3 1
-3 1
+3 218
+19 57
+1 57
+2 342
-17 12
+1 6
+2 3
+1 21
cfi=(57)
cfn=(182)
calls=3 -13 
* 78
* 3
+2 6
+2 12
cfi=(58) ./misc/../sysdeps/unix/sysv/linux/setvmaname.c
cfn=(184) __set_vma_name
calls=3 -31 
* 61
+1 9
+2 3
+4 3
-4 6
-24 1
-1 1
+1 1
+1 2
-2 2

fn=(142) __minimal_free
97 6
+2 23
-2 1
+6 4
-6 1
+6 1
cfi=(43)
cfn=(130)
calls=1 +29 
* 13
+3 1
-2 1
+2 1

fl=(14)
fn=(30)
36 1
fi=(397) ./elf/../sysdeps/unix/sysv/linux/brk_call.h
-12 2
fe=(14)
+13 1
+1 2
+6 1
+1 1

fl=(30)
fn=(132) fillin_rpath.isra.0
468 9
+4 1
-4 8
+6 3
cfi=(7)
cfn=(134)
calls=1 239 
* 356
* 12
cfi=(7)
cfn=(134)
calls=4 239 
* 624
* 15
+7 8
+2 9
cfn=(136) expand_dynamic_string_token
calls=3 -98 
* 459
* 3
+4 6
+5 6
cfi=(22)
cfn=(62)
calls=3 57 
* 87
* 3
+1 6
+7 15
+9 54
+1 40
cfi=(42) ./string/../sysdeps/x86_64/multiarch/../multiarch/memcmp-sse2.S
cfn=(122) bcmp
calls=2 59 
* 34
* 4
+7 3
+1 2
+3 2
fi=(28)
50 8
cfi=(27)
cfn=(142)
calls=4 +47 
* 42
+1 4
fe=(30)
509 1
-32 1
+1 1
+31 2
+19 12
+4 12
fi=(28)
56 3
cfi=(27)
cfn=(78)
calls=3 -20 
* 90
* 3
fe=(30)
534 6
+5 3
+1 6
-1 3
-1 3
+2 3
cfi=(29)
cfn=(126)
calls=3 197 
* 39
+3 3
-3 3
+1 3
+2 3
+6 3
+1 3
-1 9
+1 15
+1 3
-1 3
+1 3
-1 9
+1 3
-1 6
+1 3
+2 6
+1 9
+1 3
+6 6
+1 3
+3 9
-60 6
-22 6
+88 1
+3 8
-24 6

fn=(106)
706 11
+14 1
-14 2
+14 2
cfi=(37) ./elf/./elf/dl-hwcaps.c
cfn=(108) _dl_important_hwcaps
calls=1 172 
* 1244
fi=(28)
56 1
fe=(30)
720 1
fi=(28)
56 1
cfi=(27)
cfn=(78)
calls=1 -20 
* 30
fe=(30)
725 1
+2 3
+8 2
-1 3
+5 3
fi=(28)
56 1
cfi=(27)
cfn=(78)
calls=1 -20 
* 30
fe=(30)
739 1
+2 4
+7 1
+8 1
+2 1
+12 2
-23 1
+9 1
+11 1
-4 1
-5 1
+3 2
+7 2
+2 2
-11 1
+11 3
-8 1
+4 1
+1 3
+1 16
cfi=(43)
cfn=(130)
calls=4 132 
* 56
+2 15
-14 3
+10 3
+4 9
-12 3
-2 3
+2 3
+4 3
-3 3
+3 3
+1 3
-2 3
+5 9
+1 6
+3 1
+15 1
-8 1
+5 1
-6 1
+9 2
+2 4
+2 3
+36 5
+2 2
cfi=(22)
cfn=(62)
calls=1 57 
* 61
* 9
-19 1
-2 1
+2 2
+19 9
cfi=(29)
cfn=(82)
calls=1 210 
* 19
* 1
+5 4
-1 2
+2 1
+1 2
-2 4
+1 58
+1 116
-2 232
+5 1
fi=(28)
56 1
cfi=(27)
cfn=(78)
calls=1 -20 
* 30
fe=(30)
836 1
fi=(28)
56 1
fe=(30)
838 2
+6 6
cfn=(132)
calls=1 468 
* 2146
+3 3
+6 1
+4 8
-35 2
+5 2

fn=(136)
385 45
241 10
385 5
241 5
cfi=(41) ./string/../sysdeps/x86_64/multiarch/../multiarch/strchr-sse2.S
cfn=(118) index
calls=5 32 
* 192
+3 10
410 4
-11 4
+11 24
-11 4
cfi=(44)
cfn=(138)
calls=4 40 
* 370
239 3
+12 1
+2 3
cfn=(206) is_dst
calls=1 -51 
* 76
* 2
+1 3
cfn=(206)
calls=1 -52 
* 76
* 2
+1 3
cfn=(206)
calls=1 -53 
* 79
* 3
+1 1
+3 4
cfi=(41)
cfn=(118)
calls=1 32 
* 24
+2 2
398 2
+4 2
cfi=(22)
cfn=(62)
calls=1 57 
* 35
* 5
cfi=(22)
cfn=(62)
calls=1 57 
* 35
* 8
+3 1
fi=(28)
56 1
cfi=(27)
cfn=(78)
calls=1 -20 
* 30
* 1
fe=(30)
406 2
+4 1
-1 2
+1 6
-1 1
cfn=(216) _dl_dst_substitute
calls=1 276 
* 445
-7 4
cfi=(65) ./elf/../sysdeps/unix/sysv/linux/dl-origin.c
cfn=(210) _dl_get_origin
calls=1 31 
* 165
* 5

fn=(88)
868 7
+8 7
-8 14
+8 7
-6 7
+12 14
-13 7
+13 7
-13 7
+13 14
+3 21
+1 14
+1 14
+3 21
+1 21
+4 7
+1 14
+22 7
+2 7
-2 14
+2 21
-20 22
+1 11
+3 22
+3 11
+1 44
fi=(31)
95 44
+7 22
+16 11
-3 22
254 14
+1 7
+2 28
+3 7
-8 8
+5 4
-4 4
+4 12
+3 4
-2 3
fe=(30)

fn=(230) open_path
1812 40
+1 5
-1 15
+1 5
+6 10
+5 85
+67 10
-74 5
+7 15
+57 5
-65 5
+65 5
+10 10
-64 10
+8 30
-8 20
+8 60
+7 30
-11 15
+12 15
-1 60
cfi=(29)
cfn=(126)
calls=15 197 
* 195
+1 150
+50 38
-2 76
-48 165
+3 90
+5 175
cfi=(29)
cfn=(126)
calls=25 197 
* 325
* 100
cfi=(29)
cfn=(126)
calls=25 197 
* 325
+3 50
+6 75
+3 175
cfn=(170) open_verify.constprop.0
calls=25 1572 
* 1400
* 25
+2 75
+2 12
+93 45
-88 12
+1 42
+6 6
+2 12
-2 12
+2 6
cfi=(69)
cfn=(232)
calls=6 28 
* 94
* 6
+3 6
-3 12
+1 2
+9 8
+2 1
-2 5
+2 20
+44 90
+6 30
-2 15
+2 30
+3 15
1822 10
+2 10

fn=(206)
202 30
+13 6
-13 18
+13 6
cfi=(22)
cfn=(62)
calls=6 57 
* 102
-9 6
+9 6
-9 6
+10 24
cfi=(32)
cfn=(208)
calls=6 98 
* 188
* 12
+2 6
+11 32
-11 6
+11 14

fn=(176) _dl_map_object_from_fd
944 70
+15 7
-15 14
+15 7
-15 14
+15 14
+77 28
+10 14
+7 49
cfi=(26)
cfn=(72)
calls=7 59 
* 2570
* 7
+1 14
+11 7
+5 7
-4 7
-1 7
+2 7
+2 7
-2 7
+2 14
+1 21
+1 12
+19 12
-2 6
+2 62
-2 1
+2 73
+10 7
-10 7
+10 21
+27 7
-33 7
-3 7
+2 7
-1 7
+35 7
+9 7
-50 7
+41 7
+9 7
-36 7
+63 35
-62 258
+26 182
+8 52
+1 26
-1 26
+1 104
+1 26
-1 26
+1 26
+2 26
-2 26
+2 26
+2 26
-4 26
+1 26
+3 26
-4 26
+4 130
+2 52
+13 52
+1 95
+5 19
+1 171
-28 38
-35 57
+62 7
+1 63
-28 14
-35 156
+1 403
1213 7
1100 7
1213 14
1100 21
1218 49
+10 21
+1 7
-1 7
+1 7
-1 21
+1 19
-1 19
+1 19
-1 57
1066 14
1235 14
+10 28
+7 28
fi=(59) ./elf/./dl-map-segments.h
28 7
fe=(30)
1252 21
fi=(59)
28 14
+1 48
cfi=(57)
cfn=(182)
calls=6 +18 
* 168
+73 12
-1 6
-72 6
+73 6
+3 14
+1 7
+2 7
-3 7
+1 7
+2 7
+7 7
+3 4
cfi=(67)
cfn=(222) mprotect
calls=1 -1 
* 6
* 2
+7 7
-44 7
fi=(60) ./elf/./dl-load.h
+10 52
fi=(59)
+58 104
+6 7
+2 7
-2 7
+1 7
+2 14
-1 14
+3 14
+5 14
+3 21
+8 42
cfi=(43)
cfn=(130)
calls=7 -44 
* 833
* 7
+6 14
+12 26
-59 156
+2 76
+2 152
cfi=(57)
cfn=(182)
calls=19 -92 
* 399
* 38
fe=(30)
1264 7
fi=(56) ./elf/../sysdeps/posix/dl-fileid.h
37 14
cfi=(55)
cfn=(178)
calls=7 -7 
* 42
* 14
fe=(30)
989 14
fi=(56)
40 21
fe=(30)
989 7
fi=(56)
40 7
fe=(30)
989 133
+1 70
fi=(56)
49 112
fe=(30)
1519 63
1074 13
+1 2
-1 1
+1 1
-1 1
+1 1
cfi=(74) ./io/../sysdeps/unix/sysv/linux/pread64_nocancel.c
cfn=(246) __pread64_nocancel
calls=1 25 
* 7
* 2
+46 2
+1 1
-15 14
+7 7
+2 7
-2 7
+1 7
+1 7
-1 14
+1 56
+60 9
+5 3
-1 6
+5 3
-5 6
-66 3
+71 12
+1 3
+3 3
-3 3
+8 12
+15 14
+1 7
1008 14
1268 28
+1 21
fi=(61) ./elf/./elf/get-dynamic-info.h
39 14
+6 7
-2 7
+11 7
+1 7
-10 14
+8 6
+15 6
-23 24
+23 185
-23 740
+4 382
+3 49
-1 98
+3 172
+1 144
+1 35
+16 28
+12 24
+1 28
+1 28
+1 28
+1 24
+1 26
+1 27
+1 28
+12 7
+7 7
-7 49
+7 16
+5 10
+7 10
+1 21
+6 21
+1 9
+17 21
+5 6
+2 6
+2 6
+2 6
+4 21
+2 12
+1 8
+9 8
+6 8
+4 14
fe=(30)
1275 14
+1 14
+2 14
+10 21
+19 21
+2 42
+52 21
+1 6
+6 63
+1 130
+6 24
cfn=(88)
calls=6 868 
* 462
-7 162
+1 78
+6 78
-6 156
fi=(31)
149 28
fe=(30)
1380 14
cfi=(62)
cfn=(194)
calls=7 25 
* 42
* 14
+13 14
+2 28
+2 14
+16 14
cfi=(8)
cfn=(14)
calls=7 25 
* 189
+4 14
+1 14
+17 14
+1 1
+3 1
+5 1
-5 1
+5 1
-5 6
+5 6
-5 6
+5 6
+5 14
+12 56
+10 14
+1 12
+5 6
cfi=(46)
cfn=(244) _dl_assign_tls_modid
calls=3 125 
* 36
+7 21
cfi=(26)
cfn=(84)
calls=7 31 
* 441
+3 14
+4 14
cfi=(45)
cfn=(196)
calls=7 38 
* 49
* 7
+1 21
+22 49
+1 21
cfi=(48)
cfn=(198)
calls=7 77 
* 35
* 7
fi=(60)
92 24
+2 6
-1 6
+1 6
-1 6
+1 6
-1 6
+1 6
-1 12
+3 24
fi=(61)
-37 28
+3 28
+2 28
181 9
-22 6
fe=(30)
1510 14
1074 2
fi=(59)
186 16
cfi=(57)
cfn=(182)
calls=2 47 
* 42
+3 4
fe=(30)
1462 18
+2 5
-1 25
+1 5
-1 5
+1 5
-1 5
cfi=(32)
cfn=(94)
calls=5 98 
* 145
* 10
+2 5
1275 6
974 1
fi=(59)
36 2
+1 1
-1 1
+1 3
-1 1
+1 3
-1 1
+1 1
cfi=(57)
cfn=(182)
calls=1 +10 
* 28
+4 2
+4 1
-1 2
+1 2
-1 1
+1 1
-1 1
+1 3
cfi=(57)
cfn=(182)
calls=1 +2 
* 21
+4 3
-4 1
+4 1
+6 3
+3 2
+1 1
-1 3
+1 1
-1 1
+2 2
+41 2
fi=(61)
+9 1
fi=(59)
-49 1
cfi=(67)
cfn=(220)
calls=1 +56 
* 6
* 1
+41 1
-46 4
cfi=(67)
cfn=(220)
calls=1 +61 
* 6
* 3
fe=(30)

fn=(166)
1967 216
+8 36
+1 72
+3 453
+5 672
+2 288
cfi=(52)
cfn=(168)
calls=96 68 
* 9500
* 192
+4 170
+1 255
+4 54
-1 270
+1 54
+1 54
-1 54
+1 108
cfi=(32)
cfn=(94)
calls=54 98 
* 1682
* 108
2270 169
2011 21
-1 14
+9 7
-50 7
+50 14
+17 14
-2 7
+2 7
cfi=(41)
cfn=(118)
calls=7 32 
* 168
* 14
2202 4
-1 6
cfn=(136)
calls=2 385 
* 1247
+6 2
-7 2
+1 2
+2 4
+4 14
cfn=(170)
calls=2 1572 
* 212
+3 4
-3 2
+3 2
+12 8
+45 2
+1 10
-1 2
+1 16
cfn=(176)
calls=2 944 
* 3594
-1 5
+1 25
-1 5
+1 40
cfn=(176)
calls=5 944 
* 10923
* 21
2040 10
cfi=(22)
cfn=(62)
calls=5 57 
* 85
* 10
+2 10
+7 20
+51 65
cfn=(230)
calls=5 1812 
* 4395
+6 5
-6 5
+6 10
2222 20
+46 10
682 5
2107 5
682 10
+3 2
2135 10
cfi=(71)
cfn=(236)
calls=5 403 
* 7550
* 5
+2 10
+4 10
+31 5
-23 10
+23 35
cfn=(170)
calls=5 1572 
* 567
+4 10
-4 5
+4 5
+1 5
+17 10
2074 25
682 5
2075 5
682 15
2099 10
+1 10
-47 5
+1 5
696 25
2058 18
682 6
2059 6
682 12
+3 2
+3 3
+3 1
+1 1
2073 25
+1 10
688 3
2115 4
+14 8
+2 15
-47 10
691 1
2115 1
+14 2

fn=(216)
276 4
+7 1
-7 1
+9 1
-9 1
+13 1
-13 6
+13 2
+62 30
+3 48
-60 16
-5 32
+6 3
cfn=(206)
calls=1 -93 
* 76
* 3
+80 9
-10 2
+7 1
+2 1
-47 3
cfn=(206)
calls=1 202 
* 76
* 3
+2 3
cfn=(206)
calls=1 202 
* 79
* 3
+3 4
+2 3
cfi=(66)
cfn=(218)
calls=1 45 
* 29
+1 1
-1 1
+1 2

fn=(170)
1572 320
+32 32
-32 64
+32 64
+19 128
cfi=(53)
cfn=(172)
calls=32 28 
* 715
* 32
+2 64
+8 7
+1 14
+5 7
-5 7
+5 35
cfi=(54) ./io/../sysdeps/unix/sysv/linux/read_nocancel.c
cfn=(174) __read_nocancel
calls=7 25 
* 42
+2 14
+2 14
+2 14
+6 14
+17 91
+81 14
+5 14
+6 28
+6 14
+6 7
+1 7
-1 21
+1 21
+26 288
-22 13
+1 2
-1 1
+1 1
cfi=(74)
cfn=(246)
calls=1 25 
* 7
* 2
1668 9
-59 50
1777 2

fn=(226) _dl_dst_count
238 32
+3 16
-3 80
+7 16
-7 32
+3 16
cfi=(41)
cfn=(118)
calls=16 32 
* 480
+3 32
+20 144

fl=(190) ./elf/../sysdeps/x86_64/dl-trampoline.h
fn=(666) _dl_runtime_resolve_xsave
71 104
+5 104
+3 104
+2 104
+10 104
+6 104
+1 104
+1 104
+1 104
+1 104
+1 104
+1 104
+4 104
+1 104
+3 104
+1 104
+2 104
+1 104
+1 104
+1 104
+1 104
+1 104
+2 104
+7 104
+1 104
+1 104
cfi=(191) ./elf/./elf/dl-runtime.c
cfn=(668) _dl_fixup
calls=104 -84 
* 90838
+1 104
+5 104
+1 104
+1 104
+2 104
+1 104
+1 104
+1 104
+1 104
+1 104
+1 104
+2 104
+2 104
+4 104
+2 104

fl=(13)
fn=(254) dfs_traversal.part.0
135 144
+10 16
-2 16
+2 32
+2 52
-7 86
+7 164
+9 28
+15 48
+1 16
+1 102
cfn=(255) dfs_traversal.part.0'2
calls=2 -38 
* 85
-26 10
+9 29

fn=(255)
135 18
+10 2
-2 2
+2 4
+2 8
-7 8
+7 16
+9 4
+15 6
+1 2
+1 12
-17 3

fn=(252)
298 24
+8 2
-8 2
+8 4
+4 16
-99 2
-28 2
-2 2
+1 4
+29 2
-28 8
+1 2
-1 2
+1 2
-1 4
+1 16
-1 16
+1 16
-1 32
+28 30
+8 6
-3 2
+2 2
+1 4
-3 2
+5 56
+2 18
-83 84
cfn=(254)
calls=16 -5 
* 828
+86 52
+18 8
+32 8
+7 2
+27 2
-47 6
cfi=(29)
cfn=(82)
calls=2 -53 
* 54
* 2

fn=(26)
289 2
+1 2
-1 2
+1 2
cfi=(11)
cfn=(28)
calls=1 +97 
* 24
+2 3
-1 1
+2 2

fl=(25)
fn=(70)
28 3
+1 3
+3 148
+13 138
-13 276
+2 280
+1 38
+5 2
-3 2
+3 2
+2 2

fl=(22)
fn=(62)
57 49
+44 49
+1 49
+1 49
+1 49
+1 49
+1 49
+1 49
+2 49
+2 49
+31 49
+1 49
+1 49
+1 49
+1 49
+1 22
+2 22
+4 27
+1 27
+1 27
+1 27
+1 27
+1 27
+1 27
+1 27
+1 27
+1 27
+1 27
+1 27
+5 214
+74 1
+1 1
+1 1
+1 1
+1 1
+1 1
+1 1
+1 1
+16 1
+2 1
+1 14
+2 1
+1 1
+1 1
+2 1

fl=(167)
fn=(548)
95 18
+1 18
+1 9
+6 45
+1 243
+1 168
+2 27
+5 9

fl=(23)
fn=(64)
37 4
+3 1
-3 2
+21 2
+4 2
+16 5

fl=(53)
fn=(172)
28 68
+3 34
-3 68
+3 204
+8 238
+2 18
-2 75
+2 50

fl=(171) ./elf/./elf/dl-lookup-direct.c
fn=(564) _dl_lookup_direct
74 30
+2 3
-2 6
+4 3
-4 3
+2 3
+2 9
+37 3
-37 9
+1 6
+2 12
+3 25
+2 6
-54 3
+54 3
-54 3
+54 3
-54 9
+1 9
+2 6
+1 6
+12 9
+3 3
+2 6
-2 3
+2 9
cfi=(32)
cfn=(94)
calls=3 +45 
* 209
* 6
+4 6
+1 3
-1 3
+1 18
+1 9
cfi=(32)
cfn=(94)
calls=3 +39 
* 198
* 6
+57 27
-23 6

fl=(54)
fn=(174)
25 7
+1 28
+1 7

fl=(42)
fn=(122)
59 3
+12 3
+1 3
+22 1
+1 1
+45 1
+1 1
+2 1
+1 1
+2 1
+1 1
+2 1
+1 1
+47 1
+1 1
+1 1
+1 1
+1 1
+1 1
+53 2
+2 2
+1 2
+1 2
+1 2
+1 2
+1 2
+7 1
+2 1
+2 1
+1 1
+1 1
+1 1
+1 1
+4 1
+8 1
+41 1
+1 1
+1 1
+1 1
+1 1

fl=(58)
fn=(184)
33 3
+2 11
-2 4
+7 1
-7 2
+7 1
-7 2
+7 1
-7 1
+7 1
cfi=(11)
cfn=(28)
calls=1 387 
* 24
* 3
+7 1
+2 6

fl=(82) ./elf/./elf/dl-lookup.c
fn=(288) _dl_lookup_symbol_x
772 12168
+3 2028
-3 6084
+3 2028
-3 8112
fi=(83) ./elf/../sysdeps/generic/dl-new-hash.h
74 2028
+3 4056
-8 2028
+1 4056
+10 2028
+1 4056
-1 39951
+1 79902
+20 40965
-2 40965
+6 40965
-3 81930
+2 40965
-30 40965
+3 81930
fe=(82)
774 2028
+1 2028
+3 2028
-4 2028
+1 2028
+7 8046
+5 2028
-2 2028
+2 2028
-2 2028
+6 28479
+1 28392
cfn=(292) do_lookup_x
calls=2028 347 
* 843403
* 6084
+28 2028
-23 6084
+23 2028
-23 4056
+24 11986
+7 2005
-7 2005
+35 8020
+34 8020
-20 6015
+3 4010
-57 2028
+76 18252
fi=(83)
87 1014
+1 1014
+1 2028
+1 1014
fe=(82)
787 14
-3 7
+3 14
-3 14
+4 7
-1 14
+1 7
-1 28
+84 2
-72 138
+18 69
+11 92

fn=(294) check_match
70 30255
+3 12088
+13 2010
-13 2010
+13 2010
-13 2010
+13 6030
+3 4932
cfi=(32)
cfn=(94)
calls=228 +9 
* 15211
* 456
+4 2010
+1 4020
+2 4000
+19 4000
+1 16000
+2 10
+43 1997
+1 16136
-18 20
+2 20
+1 10
-1 20
+1 30
-1 20
+4 16
+1 56
+2 24
-75 26
+39 5985
cfi=(32)
cfn=(94)
calls=1995 -19 
* 55846
* 3990
-44 28
+5 14

fn=(292)
347 18252
+1 2028
-1 8112
+6 2028
-6 2028
+65 2028
-58 2028
+11 2028
+50 2028
-3 4056
+3 4056
-50 2028
+50 8112
-19 26124
+8 8708
-4 8708
+1 8708
+3 34832
+1 17416
+3 8708
-3 8708
+4 17416
+4 17416
-2 8708
+5 34832
+3 60956
+99 20178
358 17462
+3 17462
+4 17588
+21 17416
+4 17416
+71 15976
fi=(4)
139 3994
+1 5991
fe=(82)
476 3994
fi=(4)
139 16
+1 24
fe=(82)
476 16
fi=(84) ./elf/../sysdeps/generic/dl-protected.h
29 8020
fe=(82)
483 10756
+16 3846
+1 1923
+22 1923
-21 1923
+21 13543
-21 82
+21 574
-99 6945
-1 4630
+2 4630
+2 2288
+6 9152
-6 2288
+6 16016
+7 11346
-10 28895
+2 2017
+1 6051
-1 2017
+1 4034
-1 2017
+1 2017
+1 2017
-1 2017
+1 2017
-1 14119
cfn=(294)
calls=2017 70 
* 191290
+4 6051
+3 40
+31 2336
+2 16
+50 23
-1 23
+1 161
222 82
+2 82
-2 246
+2 82
-2 82
+2 82
-2 82
+2 246
+2 82
-2 246
cfi=(24)
cfn=(86)
calls=82 42 
* 246
+2 82
+2 82
-1 82
+1 246
+2 162
+1 81
-1 567
+1 81
-1 162
+1 162
-1 162
+1 162
-1 1640
+24 352
+3 95
+1 285
-23 176
-1 352
487 3840
+4 1
fi=(28)
44 4
cfi=(27)
cfn=(74)
calls=1 +36 
* 41
* 1
fe=(82)
302 2
-72 1
+70 2
+5 1
+2 1
-7 1
+6 1
+1 1
170 12
+1 9
311 6
-1 2
+1 486
-1 162
+19 246
+2 82
-2 328
+2 82
cfi=(24)
cfn=(86)
calls=82 42 
* 246
+2 164
+1 82
-1 82
+1 82
176 518
-2 84
+1 252
-3 332
+7 82
+1 82
+1 82
+1 82
318 328
-56 1377
+7 10
cfi=(52)
cfn=(540)
calls=2 87 
* 159
fi=(28)
44 2
fe=(82)
269 2
fi=(28)
44 4
cfi=(27)
cfn=(74)
calls=2 +36 
* 82
* 2
fe=(82)
272 4
171 4
279 2
171 4
279 296
+1 276
+1 140
170 70
281 140
170 70
281 70
170 70
+1 70
-1 70
+1 210
+1 440
+2 14
+1 42
-3 168
+7 70
+3 70
-2 70
+3 70
+76 322
-83 12
285 10
+2 2
-2 10
cfi=(27)
cfn=(142)
calls=2 97 
* 10
170 2
288 2
-2 2
+3 4
-1 2
+1 4
170 4
+1 2
-1 2
+1 8

fl=(38) ./elf/../sysdeps/x86_64/dl-hwcaps-subdirs.c
fn=(110) _dl_hwcaps_subdirs_active
29 1
fi=(19)
+2 1
fe=(38)
+7 1
fi=(19)
-8 4
fe=(38)
+22 1
fi=(19)
-20 3
+4 1
fe=(38)
+2 1
fi=(19)
-2 2
+3 4
+1 4
+5 1
fe=(38)
-7 1
fi=(19)
+7 3
fe=(38)
-2 1
fi=(19)
+5 2
+3 5
+2 4
+1 2
+1 2
+3 1
fe=(38)
-10 1
fi=(19)
+10 3
fe=(38)

fl=(77)
fn=(260)
392 7
+4 5
-2 1
+4 54
cfn=(262) _dl_check_map_versions
calls=9 155 
* 33879
-2 9
+2 27
-1 9
-1 18
+5 7

fn=(262)
155 90
+15 27
+2 45
+2 9
+1 9
+2 18
+3 14
-16 14
+20 7
-4 7
-24 7
+28 49
+16 14
36 7
200 7
36 49
200 18
36 9
200 9
36 63
+1 96
-1 192
+2 336
cfi=(52)
cfn=(168)
calls=112 +30 
* 10843
* 240
208 48
+5 16
fi=(398) ./elf/../sysdeps/generic/_itoa.h
76 48
fe=(77)
213 32
+4 32
+1 32
-1 32
+4 16
-3 16
+3 16
-3 48
-1 102
+1 102
-1 102
+4 51
-3 51
+3 51
-3 263
56 268
+8 201
+6 201
+16 67
+1 134
+2 67
+5 469
+14 2294
+12 3240
+4 1080
-30 2160
231 268
+3 201
+5 51
-24 51
110 67
+3 335
cfi=(32)
cfn=(94)
calls=67 -15 
* 2750
* 201
224 201
+1 6
cfi=(32)
cfn=(94)
calls=2 98 
* 142
* 4
+3 36
+15 48
+5 9
-50 9
+59 35
+3 12
+3 42
+3 24
+4 6
-7 24
+3 18
+4 126
-7 504
+3 384
+8 18
+6 16
fi=(28)
44 8
fe=(77)
280 16
fi=(28)
44 8
cfi=(27)
cfn=(74)
calls=8 +36 
* 328
fe=(77)
281 16
-2 8
fi=(28)
44 8
fe=(77)
281 8
+13 8
-3 8
+3 32
+2 16
+3 28
+4 48
+7 67
+1 67
-1 201
+1 67
+1 67
-2 67
+2 134
+1 201
+3 201
+5 51
-15 51
+2 51
-2 51
+2 51
-2 51
+2 102
-2 16
+2 16
-2 16
+2 16
-2 16
+2 32
+16 48
+5 9
-28 9
+33 14
+3 12
+4 132
+6 132
+1 132
+1 132
-1 396
+1 132
-1 132
+1 132
+1 132
+3 396
+4 132
-14 276
+10 18
+12 12
+1 14
+1 14
+1 6
+19 81
164 2
-8 2
257 5
+17 6
+60 2
-40 2
+76 4
+2 4
+4 2
-4 120
+1 60
+2 1
+1 2
-1 1
+1 1
cfi=(32)
cfn=(208)
calls=1 98 
* 32
* 2

fl=(65)
fn=(210)
31 9
+5 7
+2 5
+3 6
+1 44
+1 10
-1 22
+32 7
-30 2
fi=(28)
+12 1
cfi=(27)
cfn=(78)
calls=1 -20 
* 30
* 1
fe=(65)
-11 2
+5 4
cfi=(29)
cfn=(126)
calls=1 197 
* 13
* 2

fl=(39) ./elf/./elf/dl-hwcaps_split.c
fn=(120) _dl_hwcaps_split
25 5
+1 3
+21 1
-20 1
+20 3

fn=(114) _dl_hwcaps_split_masked
51 110
-25 44
+36 5
-7 5
+7 35
-26 24
+5 27
cfi=(41)
cfn=(118)
calls=9 -9 
* 216
* 9
+1 18
+3 6
+11 12
+1 18
+1 12
-2 6
+1 9
+1 6
-28 24
+4 48
+1 12
-1 30
+24 6
+9 12
-5 6
-2 6
+2 42
-19 6
cfi=(22)
cfn=(62)
calls=3 +14 
* 51
* 6

fl=(172)
fn=(568)
27 1
+2 2
-2 1
+6 3
-6 3
+6 1
-6 2
+6 1
cfi=(171)
cfn=(564)
calls=1 +41 
* 225
+4 2
+2 3
+2 1
-1 1
-1 1
+2 2
-1 1
cob=(2)
cfi=(173) ./elf/./elf/libc_early_init.c
cfn=(570) __libc_early_init
calls=1 -7 
* 353

fl=(80)
fn=(278)
361 8
-76 1
-10 2
+2 2
-1 1
+6 1
+3 1
+8 1
-11 1
+1 1
-1 1
+1 1
-1 1
+1 1
+10 4
+3 1
+4 2
+2 2
-1 1
+2 2
+2 2
-1 2
+4 1
+2 1
+3 2
145 2
+12 2
+16 1
+6 1
363 6

fn=(594) _dl_cet_setup_features
331 1
+3 2
+16 1

fl=(41)
fn=(118)
32 38
+1 38
+1 38
+1 38
+1 38
+1 38
+1 38
+1 38
+1 38
+1 38
+1 38
+1 38
+1 38
+1 38
+1 38
+1 38
+1 38
+1 38
+1 31
+4 31
+1 31
+1 31
+1 31
+2 31
+4 7
+1 7
+1 7
+1 7
+1 7
+1 7
+1 7
+1 7
+1 7
+1 7
+1 7
+1 7
+1 7
+1 7
+1 7
+1 7
+1 7
+1 7
+1 7
+1 7
+1 7
+1 7
+1 7
+1 7
+52 7
+4 7
+1 7
+1 7
+1 7
+2 7

fl=(64)
fn=(204)
40 1
+1 1
+1 1
+10 1
+1 1
+1 1
+1 1
+3 1
+1 1
+2 1
+1 1
+2 1
+1 1
+1 1
+1 1
+2 1
+1 1
+1 1
+1 1
+1 1
+1 1
+4 1
+1 1
+1 1
242 1
+1 1
+31 1
+1 1
+1 1
+1 1
+1 1
+1 1
+1 1
+1 1
+91 1
+1 1

fl=(70)
fn=(234)
146 12
-55 12
+70 13
+1 1
-2 10
+1 10

fl=(170)
fn=(562)
30 2
+10 3
-10 3
+10 1
-10 1
+10 1
-10 1
+7 1
+3 2
cfi=(171)
cfn=(564)
calls=1 +34 
* 233
+4 2
+1 8
+2 3
-2 1
+2 3
cfi=(171)
cfn=(564)
calls=1 +27 
* 223
+4 2
+1 7
+1 6

fl=(37)
fn=(108)
172 6
+3 1
-3 3
+3 1
-3 5
+2 1
cfi=(38)
cfn=(110)
calls=1 29 
* 49
+1 1
fi=(40) ./elf/./dl-hwcaps.h
43 1
fe=(37)
174 1
fi=(40)
45 2
+32 1
+1 1
+1 1
fe=(37)
-27 2
cfi=(39)
cfn=(114)
calls=1 -1 
* 23
* 2
fi=(40)
-9 1
+2 1
-2 1
+34 2
+1 2
+1 1
fe=(37)
-24 2
-1 2
+1 2
+1 2
+1 2
-5 4
cfi=(39)
cfn=(114)
calls=2 -1 
* 130
* 2
cfi=(39)
cfn=(114)
calls=1 -1 
* 125
* 6
+48 4
fi=(28)
-44 2
cfi=(27)
cfn=(78)
calls=1 -20 
* 30
fe=(37)
+46 2
-2 1
+2 1
+3 1
+3 1
fi=(40)
-65 1
+2 1
fe=(37)
+67 1
fi=(40)
-66 1
fe=(37)
+66 2
cfi=(39)
cfn=(120)
calls=1 -87 
* 13
* 2
fi=(40)
-69 1
+2 1
-2 1
+34 2
+1 2
+1 1
fe=(37)
+48 10
+1 4
+1 2
+1 2
-1 2
-4 4
cfi=(39)
cfn=(114)
calls=2 -74 
* 130
* 2
cfi=(39)
cfn=(114)
calls=1 -74 
* 125
* 6
+8 3
+9 5
+3 8
-2 6
+14 1
+4 1
+1 1
+1 1
-20 3
+19 1
+1 1
-20 2
+8 2
+4 2
-4 3
+4 2
cfi=(42)
cfn=(122)
calls=1 -96 
* 19
+1 3
-14 8
+47 1
-4 2
+4 2
-3 1
+7 1
-7 2
+7 1
fi=(28)
56 1
cfi=(27)
cfn=(78)
calls=1 -20 
* 30
* 1
fe=(37)
194 2
+8 1
fi=(40)
43 1
fe=(37)
201 1
80 1
fi=(40)
-35 1
fe=(37)
+35 1
202 1
fi=(40)
77 1
+1 1
fe=(37)
202 3
fi=(40)
79 1
fe=(37)
-2 2
cfi=(39)
cfn=(114)
calls=1 -26 
* 23
* 2
fi=(40)
-34 1
+2 1
fe=(37)
+35 2
fi=(40)
-37 1
+34 2
+1 2
+1 3
fe=(37)
+1 4
+7 2
-7 8
cfi=(29)
cfn=(126)
calls=2 197 
* 26
+4 2
+2 2
+2 2
-2 4
-9 4
cfi=(39)
cfn=(114)
calls=2 -26 
* 130
* 2
cfi=(39)
cfn=(114)
calls=1 -26 
* 125
* 6
213 2
-5 1
+1 1
-1 1
+5 1
+3 9

fl=(26)
fn=(72)
59 120
+3 16
+18 14
+3 7
cfi=(22)
cfn=(62)
calls=7 -26 
* 155
+4 7
-4 7
+4 7
+5 7
-9 21
fi=(28)
-39 14
cfi=(27)
cfn=(74)
calls=7 +36 
* 388
fe=(26)
+39 1
fi=(28)
-39 2
cfi=(27)
cfn=(74)
calls=1 +36 
* 47
* 8
fe=(26)
+51 16
+5 8
+4 8
-6 8
+2 8
+4 8
-5 8
+4 8
+1 8
-1 8
+1 16
cfi=(29)
cfn=(82)
calls=8 210 
* 99
* 8
+15 8
-15 8
+2 8
+13 16
+6 1
+2 7
+3 2
-3 49
+3 14
+2 8
+4 8
+3 20
+2 12
-2 8
+2 8
-2 16
+16 16
-5 8
+5 8
-6 8
+6 8
-6 8
+6 16
+2 14
+3 14
-3 14
+7 32
+4 21
+8 1
+13 1
-10 2
+10 10
-10 14
+10 21
+2 7
cfi=(22)
cfn=(62)
calls=7 57 
* 245
+21 7
-21 21
+17 7
-13 21
+50 21
cfi=(29)
cfn=(126)
calls=7 -48 
* 131
* 7
+5 14
+1 14
-1 200
+1 200
+4 14
+1 7
+3 7
+4 72
131 16
-8 7
-4 14
+34 1
+7 4
+8 28
fi=(28)
56 14
cfi=(27)
cfn=(78)
calls=7 -20 
* 210
* 7
fe=(26)
200 14
-1 14
64 2
+2 3
+1 2
+4 6
+6 2

fn=(84)
31 32
+2 8
-2 16
+2 8
-2 24
+2 8
cfi=(24)
cfn=(86)
calls=8 +9 
* 24
+2 71
+3 140
+2 7
+2 7
+4 7
+4 7
-4 14
+1 14
+1 14
+3 35
-1 7
cfi=(24)
cfn=(86)
calls=7 -8 
* 21
-4 1
+4 1
-4 2
+1 2
+1 2
+3 5
-1 1
cfi=(24)
cfn=(86)
calls=1 -8 
* 3
-5 2

fl=(81)
fn=(280)
207 110
+1 20
+12 9
+4 36
-4 9
+6 27
+3 9
-1 9
+1 18
+22 45
+4 10
+7 15
fi=(6)
81 26
+6 12
+4 9
+17 3
-11 3
+11 6
+21 6
+5 12
-2 6
fi=(4)
-53 3
fe=(81)
301 6
fi=(4)
79 6
fe=(81)
301 6
fi=(4)
79 6
fe=(81)
301 12
fi=(4)
79 12
fe=(81)
301 10017
fi=(4)
79 3
fe=(81)
301 3
fi=(4)
79 6
fe=(81)
301 373
-80 18
fi=(6)
393 18
fe=(81)
190 9
+31 9
-31 9
fi=(6)
393 27
fi=(5)
49 9
fe=(81)
301 9
fi=(5)
50 9
+30 9
-31 18
+4 9
-3 9
+3 9
-3 9
+3 27
+27 18
-31 9
fe=(81)
301 9
fi=(5)
50 9
+30 9
-31 18
+4 9
-3 9
+3 9
-3 9
+3 27
+27 18
-7 3
-1 3
+11 24
fi=(6)
514 2310
+4 2310
+3 3465
+1 1155
fi=(5)
83 3465
+2 4620
+11 18
fe=(81)
301 54
fi=(5)
51 9
fi=(4)
+28 45
fi=(6)
730 18
+4 10
fe=(81)
304 45
+24 9
+3 18
+17 27
+2 80
-98 18
+3 8
+7 4
-9 4
+9 8
fi=(6)
81 8
fi=(5)
+33 45
+9 31
+1 5
fi=(6)
498 5
fi=(5)
124 5
fi=(6)
498 10
fi=(5)
124 1406
fi=(6)
498 1406
fi=(5)
124 1406
fi=(6)
498 2812
+5 2822
+1 1411
fi=(5)
123 1411
fi=(6)
504 1411
-5 1411
fi=(5)
123 2822
+3 45
+3 52
+2 47
fe=(81)
+59 16
fi=(5)
73 8
fe=(81)
190 8
fi=(5)
72 8
fe=(81)
190 72
fi=(5)
-57 16
+1 8
+1 8
-2 8
+2 8
+3 8
-5 8
+2 8
-2 8
+1 16
+2 8
-2 8
+2 24
+2 16
-5 7316
+1 3658
+1 3658
-2 3658
+2 3658
+3 3658
-5 3658
+2 3658
-2 3658
+1 7316
+2 3658
-2 3658
+2 10974
+2 7316
+9 3598
fi=(6)
267 7196
+7 7196
+4 7196
fe=(81)
170 14392
fi=(4)
-30 10743
fe=(81)
+31 7162
+3 7162
+8 3814
-8 17091
+12 3774
-3 1887
+1 1887
+2 7588
-3 20
+1 20
+2 1987
+1 1907
-1 1907
+2 3814
-1 7628
+3 11442
cfi=(82)
cfn=(288)
calls=1907 772 
* 1460105
+3 1907
+1 3814
-4 1907
+4 9535
fi=(6)
+93 14304
+3 3561
-3 10700
+3 3578
-3 3578
+5 7168
+25 21588
423 8520
fi=(5)
150 8520
fi=(6)
423 1438
fi=(5)
150 2251
-19 14688
+33 32
+1 72
+1 252
+3 136
+4 68
-1 68
-3 68
+2 136
+2 68
-2 136
fe=(81)
-1 272
fi=(6)
287 68
+3 68
-3 68
+4 136
476 136
+2 68
cfi=(15)
cfn=(566) __x86_cpu_features
calls=1 71 
* 6
cob=(3)
cfi=(165) ./math/../sysdeps/x86_64/fpu/multiarch/s_sincos.c
cfn=(534) sincos
calls=1 26 
* 8
cob=(3)
cfi=(149) ./math/../sysdeps/x86_64/fpu/multiarch/s_sin.c
cfn=(530) sin
calls=1 27 
* 9
cob=(3)
cfi=(164) ./math/../sysdeps/x86_64/fpu/multiarch/e_atan2.c
cfn=(526) __atan2_finite@GLIBC_2.15
calls=1 26 
* 9
cob=(3)
cfi=(163) ./math/../sysdeps/x86_64/fpu/multiarch/e_exp2f.c
cfn=(522) exp2f@@GLIBC_2.27
calls=1 27 
* 9
cob=(3)
cfi=(162) ./math/../sysdeps/x86_64/fpu/multiarch/s_expm1.c
cfn=(518) expm1
calls=1 26 
* 9
cob=(3)
cfi=(159) ./math/../sysdeps/x86_64/fpu/multiarch/e_asin.c
cfn=(514) __asin_finite@GLIBC_2.15
calls=1 27 
* 8
cob=(3)
cfi=(161) ./math/../sysdeps/x86_64/fpu/multiarch/s_fma.c
cfn=(512) fma
calls=1 49 
* 6
cob=(3)
cfi=(160) ./math/../sysdeps/x86_64/fpu/multiarch/s_sinf.c
cfn=(508) sinf
calls=1 26 
* 9
cob=(3)
cfi=(159)
cfn=(504) __acos_finite@GLIBC_2.15
calls=1 35 
* 8
cob=(3)
cfi=(158) ./math/../sysdeps/x86_64/fpu/multiarch/e_log.c
cfn=(500) __log_finite@GLIBC_2.15
calls=1 27 
* 9
cob=(3)
cfi=(157) ./math/../sysdeps/x86_64/fpu/multiarch/s_log1p.c
cfn=(496) __log1p
calls=1 26 
* 9
cob=(3)
cfi=(156) ./math/../sysdeps/x86_64/fpu/multiarch/e_log2f.c
cfn=(492) log2f@@GLIBC_2.27
calls=1 27 
* 9
cob=(3)
cfi=(154) ./math/../sysdeps/x86_64/fpu/multiarch/e_pow.c
cfn=(488) __pow_finite@GLIBC_2.15
calls=1 27 
* 8
cob=(3)
cfi=(153) ./math/../sysdeps/x86_64/fpu/multiarch/e_powf.c
cfn=(484) powf@@GLIBC_2.27
calls=1 30 
* 9
cob=(3)
cfi=(152) ./math/../sysdeps/x86_64/fpu/multiarch/s_sincosf.c
cfn=(480) sincosf
calls=1 26 
* 9
cob=(3)
cfi=(151) ./math/../sysdeps/x86_64/fpu/multiarch/e_log2.c
cfn=(476) log2@@GLIBC_2.29
calls=1 27 
* 9
cob=(3)
cfi=(150) ./math/../sysdeps/x86_64/fpu/multiarch/e_logf.c
cfn=(472) logf@@GLIBC_2.27
calls=1 27 
* 9
cob=(3)
cfi=(149)
cfn=(468) cos
calls=1 34 
* 9
cob=(3)
cfi=(148) ./math/../sysdeps/x86_64/fpu/multiarch/e_expf.c
cfn=(464) expf@@GLIBC_2.27
calls=1 27 
* 9
cob=(3)
cfi=(146) ./math/../sysdeps/x86_64/fpu/multiarch/e_exp.c
cfn=(460) __exp_finite@GLIBC_2.15
calls=1 27 
* 9
cob=(3)
cfi=(144) ./math/../sysdeps/x86_64/fpu/multiarch/s_cosf.c
cfn=(456) cosf
calls=1 26 
* 9
cob=(2)
cfi=(143) ./string/../sysdeps/x86_64/multiarch/strncase.c
cfn=(450) strncasecmp
calls=1 31 
* 21
cob=(2)
cfi=(142) ./string/../sysdeps/x86_64/multiarch/mempcpy.c
cfn=(446) mempcpy
calls=1 33 
* 22
cob=(2)
cfi=(141) ./wcsmbs/../sysdeps/x86_64/multiarch/wcpcpy.c
cfn=(442) wcpncpy
calls=1 31 
* 18
cob=(2)
cfi=(140) ./string/../sysdeps/x86_64/multiarch/strspn.c
cfn=(440) strspn
calls=1 29 
* 7
cob=(2)
cfi=(138) ./string/../sysdeps/x86_64/multiarch/memchr.c
cfn=(436) memchr
calls=1 29 
* 23
cob=(2)
cfi=(137) ./string/../sysdeps/x86_64/multiarch/memmove.c
cfn=(432) memmove
calls=1 29 
* 22
cob=(2)
cfi=(136) ./string/../sysdeps/x86_64/multiarch/stpcpy.c
cfn=(428) stpcpy
calls=1 33 
* 17
cob=(2)
cfi=(135) ./debug/../sysdeps/x86_64/multiarch/memmove_chk.c
cfn=(424) __memmove_chk
calls=1 29 
* 22
cob=(2)
cfi=(133) ./wcsmbs/../sysdeps/x86_64/multiarch/wmemcmp.c
cfn=(420) wmemcmp
calls=1 29 
* 24
cob=(2)
cfi=(132) ./string/../sysdeps/x86_64/multiarch/strncpy.c
cfn=(416) strncpy
calls=1 29 
* 19
cob=(2)
cfi=(131) ./string/../sysdeps/x86_64/multiarch/strlen.c
cfn=(412) strlen
calls=1 29 
* 25
cob=(2)
cfi=(104) ./wcsmbs/../sysdeps/x86_64/multiarch/wcscat.c
cfn=(408) wcscat
calls=1 31 
* 18
cob=(2)
cfi=(130) ./string/../sysdeps/x86_64/multiarch/strcasecmp_l.c
cfn=(404) strcasecmp_l
calls=1 31 
* 21
cob=(2)
cfi=(129) ./string/../sysdeps/x86_64/multiarch/strcpy.c
cfn=(400) strcpy
calls=1 29 
* 17
cob=(2)
cfi=(127) ./wcsmbs/../sysdeps/x86_64/multiarch/wmemset.c
cfn=(396) wmemset
calls=2 31 
* 20
cob=(2)
cfi=(125) ./string/../sysdeps/x86_64/multiarch/memcmp.c
cfn=(392) bcmp
calls=1 29 
* 24
cob=(2)
cfi=(124) ./string/../sysdeps/x86_64/multiarch/strchrnul.c
cfn=(388) strchrnul
calls=1 31 
* 25
cob=(2)
cfi=(123) ./string/../sysdeps/x86_64/multiarch/strncase_l.c
cfn=(384) strncasecmp_l
calls=1 31 
* 21
cob=(2)
cfi=(121) ./string/../sysdeps/x86_64/multiarch/strcat.c
cfn=(380) strcat
calls=1 29 
* 17
cob=(2)
cfi=(120) ./wcsmbs/../sysdeps/x86_64/multiarch/wcscpy.c
cfn=(378) wcscpy
calls=1 60 
* 16
cob=(2)
cfi=(119) ./string/../sysdeps/x86_64/multiarch/strcspn.c
cfn=(376) strcspn
calls=1 29 
* 7
cob=(2)
cfi=(117) ./string/../sysdeps/x86_64/multiarch/strcasecmp.c
cfn=(372) strcasecmp
calls=1 31 
* 21
cob=(2)
cfi=(116) ./string/../sysdeps/x86_64/multiarch/strncmp.c
cfn=(370) strncmp
calls=1 67 
* 21
cob=(2)
cfi=(114) ./wcsmbs/../sysdeps/x86_64/multiarch/wmemchr.c
cfn=(366) wmemchr
calls=2 31 
* 46
cob=(2)
cfi=(112) ./string/../sysdeps/x86_64/multiarch/stpncpy.c
cfn=(362) stpncpy
calls=1 31 
* 19
cob=(2)
cfi=(111) ./wcsmbs/../sysdeps/x86_64/multiarch/wcscmp.c
cfn=(358) wcscmp
calls=1 30 
* 25
cob=(2)
cfi=(110) ./string/../sysdeps/x86_64/multiarch/strrchr.c
cfn=(354) rindex
calls=1 28 
* 25
cob=(2)
cfi=(108) ./debug/../sysdeps/x86_64/multiarch/memset_chk.c
cfn=(350) __memset_chk
calls=1 29 
* 24
cob=(2)
cfi=(107) ./string/../sysdeps/x86_64/multiarch/strchr.c
cfn=(348) index
calls=1 65 
* 19
cob=(2)
cfi=(104)
cfn=(342) wcschr
calls=2 31 
* 50
cob=(2)
cfi=(102) ./string/../sysdeps/x86_64/multiarch/memcmpeq.c
cfn=(338) memcpy@@GLIBC_2.14
calls=1 29 
* 22
cob=(2)
cfi=(100) ./wcsmbs/../sysdeps/x86_64/multiarch/wcsncpy.c
cfn=(334) wcsncpy
calls=1 31 
* 18
cob=(2)
cfi=(99) ./string/../sysdeps/x86_64/multiarch/memrchr.c
cfn=(330) memrchr
calls=1 29 
* 25
cob=(2)
cfi=(98) ./debug/../sysdeps/x86_64/multiarch/memcpy_chk.c
cfn=(326) __memcpy_chk
calls=1 29 
* 22
cob=(2)
cfi=(96) ./debug/../sysdeps/x86_64/multiarch/mempcpy_chk.c
cfn=(322) __mempcpy_chk
calls=1 29 
* 22
cob=(2)
cfi=(95) ./wcsmbs/../sysdeps/x86_64/multiarch/wcslen.c
cfn=(318) wcslen
calls=1 29 
* 19
cob=(2)
cfi=(93) ./string/../sysdeps/x86_64/multiarch/memset.c
cfn=(314) memset
calls=1 29 
* 24
cob=(2)
cfi=(91) ./wcsmbs/../sysdeps/x86_64/multiarch/wcsnlen.c
cfn=(310) wcsnlen
calls=1 30 
* 19
cob=(2)
cfi=(90) ./string/../sysdeps/x86_64/multiarch/strcmp.c
cfn=(308) strcmp
calls=1 79 
* 19
cob=(2)
cfi=(89) ./string/../sysdeps/x86_64/multiarch/strpbrk.c
cfn=(306) strpbrk
calls=1 29 
* 7
cob=(2)
cfi=(87) ./string/../sysdeps/x86_64/multiarch/strnlen.c
cfn=(302) strnlen
calls=2 31 
* 50
cob=(2)
cfi=(85) ./string/../sysdeps/x86/cacheinfo.c
cfn=(298) __x86_cacheinfo
calls=1 86 
* 28
fi=(5)
165 68
fi=(6)
479 68
fi=(5)
165 145
-14 342
fi=(6)
460 48
+5 32
-1 48
+1 32
-1 16
cfi=(29)
cfn=(82)
calls=16 210 
* 395
+2 80
+1 32
-67 51
+2 68
+4 17
+9 17
-9 34
+9 17
fi=(5)
150 34
fi=(6)
320 114
+3 114
+29 6
+11 2
-9 4
+9 2
fi=(5)
150 4
fi=(6)
346 8
+1 12
fi=(5)
150 8
fi=(6)
287 85
fi=(5)
141 68
+1 68
-1 204
+2 68
fi=(6)
287 340
fe=(81)
175 15064
+3 1674
-1 1674
+19 1674
-18 3348
fi=(6)
295 12
+1 18
+11 12
+7 6
cob=(2)
cfi=(137)
cfn=(432)
calls=1 29 
* 22
cob=(2)
cfi=(90)
cfn=(308)
calls=1 79 
* 19
cob=(2)
cfi=(102)
cfn=(338)
calls=1 29 
* 22
cob=(2)
cfi=(93)
cfn=(314)
calls=1 29 
* 24
cob=(2)
cfi=(125)
cfn=(392)
calls=1 29 
* 24
cob=(2)
cfi=(131)
cfn=(412)
calls=1 29 
* 25
* 24
fe=(81)
-13 9
+55 45
+3 9
-3 9
+3 9
+4 18
+1 36
cfi=(67)
cfn=(222)
calls=9 117 
* 54
* 18
-63 9
fi=(5)
180 7
fe=(81)
+10 2
fi=(5)
73 1
fe=(81)
190 3
fi=(6)
436 7
fi=(5)
182 2
+1 2
-1 1
+3 1
-3 4
+3 2
-3 10
+1 10
-1 5
+3 5
-3 20
+3 10
+8 6
fi=(6)
+74 12
+7 12
+4 12
fe=(81)
170 24
fi=(4)
-30 18
fe=(81)
+31 12
+3 12
+8 12
-8 54
+12 12
-3 6
+1 6
+2 36
+4 24
-4 6
+4 18
cfi=(82)
cfn=(288)
calls=6 772 
* 4243
+3 6
+1 12
-4 6
+4 30
fi=(6)
+93 21
+3 3
-3 9
+3 3
-3 3
+5 6
+25 36
423 6
fi=(5)
196 18
-16 24
+31 7
fe=(81)
-33 1672
-3 5016

fl=(15)
fn=(566)
71 1
-32 3
+32 2

fn=(34)
37 1
+2 3
+2 1
cfi=(16)
cfn=(36)
calls=1 682 
* 7344

fl=(68)
fn=(224)
143 4
+1 2
-1 1
+1 1
-1 2
+1 1
-1 1
+1 1
-1 4
+1 3
-1 1
+1 7
-8 1
+8 2
-8 1
-6 1
-2 1
+16 1
-8 1
-7 1
+1 1
+6 1
+24 4
-28 3
-2 1
+31 1
-33 2
+2 2
+30 2
-30 1
-1 4
+7 4
+24 2
-30 1
+31 1
-33 2
+2 2
+30 2
-30 1
-1 4
+7 4
+24 3
+28 3
-6 1
+46 1
fi=(76) ./elf/../include/scratch_buffer.h
77 1
fe=(68)
+87 1
fi=(76)
-87 1
+1 1
fe=(68)
184 1
+44 4
-31 1
-4 1
+4 10
-4 8
+4 16
+11 22
-18 2
+18 4
417 18
+2 7
+3 7
-3 21
+3 7
-3 7
fi=(28)
56 7
cfi=(27)
cfn=(78)
calls=7 -20 
* 210
fe=(68)
423 21
fi=(28)
56 7
fe=(68)
423 7
+6 7
+1 35
cfi=(29)
cfn=(82)
calls=7 210 
* 85
+1 35
cfi=(29)
cfn=(82)
calls=7 210 
* 85
+3 7
+1 14
+4 27
188 16
442 24
-1 9
+1 18
183 6
+27 28
+7 7
+4 7
-6 7
+1 7
+1 7
+1 14
+3 21
-2 7
-29 35
+32 406
+6 64
cfi=(30)
cfn=(226)
calls=16 +10 
* 848
* 48
+4 32
-2 16
+2 32
cfi=(50)
cfn=(160)
calls=16 -28 
* 39383
+1 32
+9 16
+2 32
+5 30
+6 6
+2 6
-8 12
+3 6
+1 6
+1 6
+1 6
+4 6
-3 6
+3 18
+4 48
+1 36
-43 833
+7 32
+38 561
fi=(76)
85 3
fe=(68)
448 5
+4 4
+11 5
fi=(28)
56 1
cfi=(27)
cfn=(78)
calls=1 -20 
* 30
fe=(68)
465 3
fi=(28)
56 1
fe=(68)
465 1
+5 2
+1 1
-1 3
+4 3
-2 2
+13 8
+5 8
-16 24
+11 8
-7 8
+7 8
-2 16
-5 1
+7 1
-2 2
+2 1
-11 1
+11 1
+5 1
-16 3
+21 3
+37 2
+15 2
-14 2
+20 1
-1 4
+1 4
-1 5
cfi=(13)
cfn=(252)
calls=1 298 
* 619
+5 1
+2 1
+1 1
+1 2
-2 1
+2 1
+7 3
+3 2
+3 8
198 60
+3 7
fi=(76)
-70 28
cfi=(75)
cfn=(248)
calls=7 30 
* 175
fe=(68)
+70 21
+4 14
547 4
cfi=(29)
cfn=(82)
calls=1 210 
* 27
* 3
-53 2
144 2

fn=(228)
61 96
+7 16
-4 48
+1 16
-1 112
cfi=(30)
cfn=(166)
calls=16 1967 
* 37975
* 16
+5 48

fl=(7)
fn=(12)
42 1
+1 2
+1 2
+1 2
+1 2
+1 1

fn=(558) lookup_malloc_symbol
61 8
+3 4
-3 12
+3 4
-3 12
+3 4
-3 4
+2 4
+1 16
cfi=(82)
cfn=(288)
calls=4 772 
* 3152
+4 28
+1 28
+2 4
fi=(169) ./elf/./dl-sym-post.h
-30 8
+12 12
fe=(7)
+19 24

fn=(554)
76 2
+10 1
fi=(168) ./elf/../sysdeps/generic/dl-hash.h
-41 1
-1 1
fe=(7)
+32 8
+11 1
-1 1
fi=(168)
-43 1
+5 3
+14 4
-17 3
+3 15
+14 20
-17 15
fe=(7)
+46 2
fi=(168)
-24 1
fe=(7)
+22 1
+2 2
fi=(168)
-19 1
fe=(7)
+19 1
cfn=(558)
calls=1 -30 
* 826
+1 3
-1 1
+1 1
cfn=(558)
calls=1 -31 
* 819
+1 3
-1 1
+1 1
cfn=(558)
calls=1 -32 
* 880
+1 3
-1 1
+1 1
cfn=(558)
calls=1 -33 
* 799
+5 1
+1 1
+1 1
+1 1
+1 8

fn=(134)
239 7
+3 14
+2 7
+1 14
+4 15
-2 10
+4 156
+5 564
-2 382
+6 6
+7 3
+4 6
-4 2
+4 8
-22 75
+15 75
-15 154

fl=(1) ???
fn=(0) 0x000000000001f540
0 2
cfi=(2)
cfn=(2)
calls=1 517 
0 2061217
0 8
cfi=(80)
cfn=(594)
calls=1 331 
0 4
0 10
cfi=(180) ./elf/./elf/dl-init.c
cfn=(598) _dl_init
calls=1 81 
0 123477
0 3
cob=(10)
cfi=(246)
cfn=(1682)
calls=1 0 
0 271213

fl=(63)
fn=(200)
25 1
+2 4
+4 1

fl=(46)
fn=(266)
97 2
+3 1
-3 3
+3 1
-3 1
+3 1
-3 1
+3 1
-3 1
+3 1
cfi=(11)
cfn=(28)
calls=1 387 
* 23
* 1
+1 4
cfi=(11)
cfn=(28)
calls=1 387 
* 23
+1 1
+2 1
-3 1
+1 2
+2 3
+3 1
+2 1
-26 3
+28 3
+1 6

fn=(2024) _dl_allocate_tls
626 20
+1 4
365 2
fi=(28)
44 2
fe=(46)
369 2
+1 2
fi=(28)
44 2
cob=(2)
cfi=(208) ./malloc/./malloc/malloc.c
cfn=(1440) calloc
calls=2 3699 
* 534
fe=(46)
371 4
+9 2
-6 2
+6 4
534 4
cob=(2)
cfi=(217)
cfn=(1352)
calls=2 77 
* 88
+3 6
+12 2
+24 2
-42 2
-1 4
+24 16
+9 18
+1 12
+6 18
+3 6
-2 6
+6 6
-6 6
+2 6
+4 6
-4 18
+3 12
+4 12
+1 24
+2 12
+1 6
+19 24
-19 6
+19 6
-10 6
+10 12
cfi=(29)
cfn=(126)
calls=6 197 
* 78
* 36
cfi=(43)
cfn=(130)
calls=6 132 
* 104
-49 6
+55 18
-55 24
+6 16
+55 4
cob=(2)
cfi=(222)
cfn=(1366)
calls=2 367 
* 74
+3 2
+2 2
+10 16

fn=(268)
216 9
+6 4
+3 2
+36 3
+2 1
-2 1
-2 1
-40 1
-1 1
-1 1
+46 2
+23 9
+3 3
-3 15
+2 6
+6 3
-33 6
+20 3
-20 15
+2 6
+3 3
-1 3
+5 6
-5 3
+1 3
-1 3
+3 6
+2 9
+32 2
-1 1
+53 1
-52 5
+2 2
+51 8

fn=(454)
1017 24
+9 3
-9 3
+6 3
+4 3
+4 9
+34 6
+3 6
+1 9
+3 18

fn=(270)
417 7
+2 1
+11 1
+1 1
fi=(28)
56 1
cfi=(27)
cfn=(78)
calls=1 -20 
* 85
fe=(46)
432 2
+8 3
fi=(28)
44 1
fe=(46)
440 2
+5 1
-5 1
+1 1
+4 304
+19 1
-99 1
+4 1
+1 1
fi=(28)
44 1
cfi=(27)
cfn=(74)
calls=1 +36 
* 41
fe=(46)
371 2
+3 1
+6 2
+90 7

fn=(146)
192 1
+2 2
+1 1
+15 2

fn=(544)
523 11
+1 2
+4 1
+6 1
-6 1
+6 1
cfi=(24)
cfn=(86)
calls=1 42 
* 3
+3 3
+12 1
-18 1
+42 3
-19 12
+9 9
+1 6
+6 9
+3 3
-2 3
+2 3
-2 3
+2 12
+4 3
-4 3
+4 3
-1 6
+4 6
+1 12
+2 6
+1 6
+17 3
-8 3
+8 3
+2 12
cfi=(29)
cfn=(126)
calls=3 197 
* 39
* 18
cfi=(43)
cfn=(130)
calls=3 132 
* 52
-49 3
+55 3
-55 12
+6 9
+55 2
cfi=(24)
cfn=(86)
calls=1 42 
* 3
+3 2
+3 9

fn=(244)
125 3
+16 3
-13 3
-3 9
+3 3
+55 3
-2 3
+5 3
+1 6

fl=(74)
fn=(246)
25 4
+1 8
+1 2

fl=(11)
fn=(58)
153 15
-81 40
+81 15
-81 10
+10 5
fi=(399) ./elf/./dl-tunable-types.h
+2 5
fe=(11)
+9 40
+1 25
fi=(12) ./elf/./elf/dl-tunables.h
+47 10
fe=(11)
-26 25
+1 5
+1 5
+1 5
+39 15
fi=(12)
-15 10
fe=(11)
-45 10
+3 5
fi=(12)
+51 5
fe=(11)
-51 5
+4 10
+7 10
+1 10
-12 25

fn=(22)
261 8
+22 1
-22 1
128 1
283 1
-22 1
+6 4
42 705
+6 140
-3 140
+3 14147
+4 280
+4 280
fi=(12)
160 140
fe=(11)
56 280
fi=(12)
161 48
-1 284
+1 468
-1 280
fe=(11)
281 22960
+6 41580
fi=(12)
160 1400
+1 2800
-1 69
+1 276
-1 345
fe=(11)
304 8

fn=(28)
387 41
+3 82
-3 41
+3 328
+9 38
-9 76
+19 26
+7 246
+2 41
-19 15
+1 15
+9 6

fl=(191)
fn=(668)
46 1144
+2 520
+1 104
+6 104
fi=(400) ./elf/../sysdeps/x86_64/dl-runtime.h
-27 104
fe=(191)
+21 104
+5 104
+1 104
-6 104
+6 208
+1 104
+2 104
-2 104
+2 104
-2 520
+7 208
+4 208
+4 104
-2 104
+2 208
+4 312
+1 416
+1 312
+8 104
-1 104
+1 208
+2 24
+1 24
+7 240
cfi=(82)
cfn=(288)
calls=24 772 
* 17818
* 800
cfi=(82)
cfn=(288)
calls=80 772 
* 62214
* 104
+4 520
+10 1040
+15 416
+9 312
+26 312
fi=(6)
+75 104
fe=(191)
-71 832
-63 96
fi=(223) ./elf/../sysdeps/x86_64/dl-irel.h
-68 6
cob=(2)
cfi=(138)
cfn=(436)
calls=1 -3 
* 23
cob=(2)
cfi=(125)
cfn=(392)
calls=1 -3 
* 24
cob=(2)
cfi=(102)
cfn=(338)
calls=1 -3 
* 22
cob=(2)
cfi=(131)
cfn=(412)
calls=2 -3 
* 50
cob=(2)
cfi=(117)
cfn=(372)
calls=1 -1 
* 21
fe=(191)
+93 12

fl=(44)
fn=(138)
40 54
+1 9
cfi=(22)
cfn=(62)
calls=9 +16 
* 297
* 9
fi=(401) ./string/../include/rtld-malloc.h
+15 18
cfi=(27)
cfn=(78)
calls=9 -20 
* 325
fe=(44)
-12 18
+3 27
+1 27
-1 9
cfi=(29)
cfn=(82)
calls=9 210 
* 131

fl=(67)
fn=(220)
117 20
+5 4

fn=(222)
117 50
+5 10

fl=(180)
fn=(600) call_init.part.0
26 108
+17 9
+3 9
-3 18
+3 18
+5 16
+8 24
+1 36
cob=(4)
cfi=(178)
cfn=(1328) 0x0000000004a01158
calls=1 -60 
* 6
cob=(4)
cfi=(178)
cfn=(654) 0x0000000004ca2000
calls=1 -60 
* 7
cob=(4)
cfi=(178)
cfn=(644) 0x0000000004875000
calls=1 -60 
* 7
cob=(4)
cfi=(178)
cfn=(632) 0x0000000004952000
calls=1 -60 
* 7
cob=(4)
cfi=(178)
cfn=(622) 0x000000000497f000
calls=1 -60 
* 7
cob=(4)
cfi=(178)
cfn=(602) 0x000000000483d000
calls=1 -60 
* 7
+3 8
+1 16
+6 14
+2 14
-2 7
+3 61
+1 76
cob=(9)
cfi=(215)
cfn=(1340) 0x0000000000002266
calls=1 -74 
* 26180
cob=(8)
cfi=(189)
cfn=(1326) 0x00000000000b7a10
calls=1 -74 
* 83
cob=(8)
cfi=(189)
cfn=(1320) 0x00000000000b79b0
calls=1 -74 
* 255
cob=(8)
cfi=(189)
cfn=(1294) 0x00000000000b78f0
calls=1 -74 
* 50
cob=(8)
cfi=(189)
cfn=(1268) 0x00000000000b7830
calls=1 -74 
* 50
cob=(8)
cfi=(189)
cfn=(1250) 0x00000000000b77b0
calls=1 -74 
* 34
cob=(8)
cfi=(189)
cfn=(1232) 0x00000000000b7730
calls=1 -74 
* 34
cob=(8)
cfi=(189)
cfn=(1228) 0x00000000000b76e0
calls=1 -74 
* 173
cob=(8)
cfi=(189)
cfn=(1226) 0x00000000000b76c0
calls=1 -74 
* 83
cob=(8)
cfi=(189)
cfn=(1224) 0x00000000000b76a0
calls=1 -74 
* 83
cob=(8)
cfi=(189)
cfn=(1222) 0x00000000000b7530
calls=1 -74 
* 48
cob=(8)
cfi=(189)
cfn=(1196) 0x00000000000b7400
calls=1 -74 
* 78
cob=(8)
cfi=(189)
cfn=(1140) 0x00000000000b71e0
calls=1 -74 
* 5266
cob=(8)
cfi=(189)
cfn=(1130) 0x00000000000b71c0
calls=1 -74 
* 801
cob=(8)
cfi=(189)
cfn=(1128) 0x00000000000b71b0
calls=1 -74 
* 3
cob=(8)
cfi=(189)
cfn=(1114) 0x00000000000b7120
calls=1 -74 
* 991
cob=(8)
cfi=(189)
cfn=(1108) 0x00000000000b7ae0
calls=1 -74 
* 12
cob=(7)
cfi=(187)
cfn=(638) 0x0000000000005b10
calls=1 -74 
* 12
cob=(2)
cfi=(185) ./libio/./libio/vtables.c
cfn=(620) check_stdfiles_vtables
calls=1 545 
* 12
* 28
cob=(9)
cfi=(215)
cfn=(1332) 0x0000000000001520
calls=1 -74 
* 17
cob=(8)
cfi=(189)
cfn=(658) 0x00000000000b74f0
calls=1 -74 
* 87895
cob=(3)
cfi=(188)
cfn=(648) 0x00000000000104e0
calls=1 -74 
* 12
cob=(7)
cfi=(187)
cfn=(636) __cpu_indicator_init
calls=1 -74 
* 364
cob=(6)
cfi=(186)
cfn=(626) 0x00000000000010f0
calls=1 -74 
* 12
cob=(2)
cfi=(182) ./csu/./csu/init-first.c
cfn=(612) _init_first
calls=1 -28 
* 72
cob=(5)
cfi=(181)
cfn=(606) 0x0000000000001110
calls=1 -74 
* 12
-1 78
+3 72
-29 2

fn=(598)
81 13
+1 1
+1 1
+3 3
+8 2
+25 1
+1 8
+1 18
-92 18
+6 27
+2 42
+83 16
cfn=(600)
calls=8 -94 
* 123210
* 16
+7 8
-98 2
+60 2
-54 3
+2 7
cfn=(600)
calls=1 -11 
* 77
* 2

fl=(62)
fn=(194)
25 9
+1 36
+1 9

fl=(49)
fn=(156)
32 6
+1 3
+1 2
+5 6
+1 4
+1 4
+1 4
+2 1
+3 3
+1 2
-1 6
+1 4
+3 4
+1 4
+1 4
+1 4
+2 3
+6 1
-1 1
+1 1
+2 2
-1 2
+2 1
+2 6
-5 11
-1 11
+1 11
+2 22
-1 22
+2 11
+2 66
+2 1
+1 3
+1 2
-1 1
+1 1

ob=(4)
fl=(178)
fn=(616) 0x0000000004eab660
0 2
cob=(2)
cfi=(184) ./string/../sysdeps/x86_64/multiarch/strrchr-avx2.S
cfn=(618) __strrchr_avx2
calls=1 53 
0 22

fn=(768) 0x0000000004ca7e30
0 2
cob=(8)
cfi=(189)
cfn=(772) std::__cxx11::moneypunct<char, false>::_M_initialize_moneypunct(__locale_struct*, char const*)
calls=1 0 
0 114
cob=(1)
cfi=(190)
cfn=(666)
calls=1 71 
0 1109
0 5

fn=(804) 0x0000000004ca7a90
0 2
cob=(8)
cfi=(189)
cfn=(808) std::ctype<wchar_t>::_M_initialize_ctype()
calls=1 0 
0 25715
cob=(1)
cfi=(190)
cfn=(666)
calls=1 71 
0 837
0 5

fn=(1050) 0x0000000004ca7300
0 16
cob=(8)
cfi=(189)
cfn=(1054) std::ios_base::ios_base()
calls=8 0 
0 736
cob=(1)
cfi=(190)
cfn=(666)
calls=1 71 
0 721
0 5

fn=(1116) 0x0000000004ca80c0
0 4
cob=(8)
cfi=(189)
cfn=(1120) std::error_category::error_category()
calls=2 0 
0 10
cob=(1)
cfi=(190)
cfn=(666)
calls=1 71 
0 787
0 5

fn=(1552) 0x0000000004eab480
0 12
cob=(2)
cfi=(238) ./string/../sysdeps/x86_64/multiarch/memchr-avx2.S
cfn=(1554) __memchr_avx2
calls=6 61 
0 133

fn=(1556) 0x0000000004eab6b0
0 156
cob=(2)
cfi=(224) ./string/../sysdeps/x86_64/multiarch/memmove-vec-unaligned-erms.S
cfn=(1558) __memcpy_avx_unaligned_erms
calls=78 255 
0 1113

fn=(1776) 0x0000000004caa260
0 16
cob=(2)
cfi=(224)
cfn=(1558)
calls=8 255 
0 120
cob=(1)
cfi=(190)
cfn=(666)
calls=1 71 
0 1094
0 5

fn=(1880) 0x0000000004ca7cf0
0 68
cob=(2)
cfi=(202) ./string/../sysdeps/x86_64/multiarch/strlen-avx2.S
cfn=(846) __strlen_avx2
calls=34 52 
0 484
cob=(1)
cfi=(190)
cfn=(666)
calls=1 71 
0 888
0 5

fn=(1942) 0x0000000004ca8c20
0 26
cob=(8)
cfi=(189)
cfn=(1946) std::ostreambuf_iterator<char, std::char_traits<char> > std::num_put<char, std::ostreambuf_iterator<char, std::char_traits<char> > >::_M_insert_int<long>(std::ostreambuf_iterator<char, std::char_traits<char> >, std::ios_base&, char, long) const
calls=13 0 
0 3903
cob=(1)
cfi=(190)
cfn=(666)
calls=1 71 
0 1228
0 5

fn=(1982) 0x0000000004ca6c30
0 10
cob=(2)
cfi=(294) ./time/../sysdeps/unix/sysv/linux/clock_gettime.c
cfn=(1986) clock_gettime@@GLIBC_2.17
calls=5 30 
0 55
cob=(1)
cfi=(190)
cfn=(666)
calls=1 71 
0 951
0 5

fn=(2050)
0 6
cob=(8)
cfi=(189)
cfn=(2052) std::chrono::_V2::steady_clock::now()
calls=3 0 
0 87

fn=(2102)
0 14
cob=(2)
cfi=(327) ./debug/./debug/fprintf_chk.c
cfn=(2104) __fprintf_chk
calls=7 25 
0 13053

fn=(1328)
0 6

fn=(2206)
0 12
cob=(8)
cfi=(189)
cfn=(1054)
calls=6 0 
0 716

fn=(2252)
0 146372
cob=(2)
cfi=(224)
cfn=(1558)
calls=73186 255 
0 1146593

fn=(2734)
0 4
cob=(8)
cfi=(189)
cfn=(2736) std::thread::_State::~_State()
calls=2 0 
0 4

fn=(2862)
0 2
cob=(2)
cfi=(384) ./stdlib/./stdlib/cxa_finalize.c
cfn=(2864) __cxa_finalize
calls=1 30 
0 132

fn=(2980) 0x0000000004ca8320
0 4
cob=(8)
cfi=(189)
cfn=(2984) std::error_category::~error_category()
calls=2 0 
0 4
cob=(1)
cfi=(190)
cfn=(666)
calls=1 71 
0 816
0 5

fn=(690) 0x0000000004ca7410
0 2
cob=(8)
cfi=(189)
cfn=(694) std::locale::_Impl::_Impl(unsigned long)
calls=1 0 
0 73867
cob=(1)
cfi=(190)
cfn=(666)
calls=1 71 
0 745
0 5

fn=(696) 0x0000000004ca73e0
0 14
cob=(8)
cfi=(189)
cfn=(700) std::locale::facet::_S_get_c_name()
calls=7 0 
0 21
cob=(1)
cfi=(190)
cfn=(666)
calls=1 71 
0 855
0 5

fn=(798) 0x0000000004ca6b70
0 2
cob=(8)
cfi=(189)
cfn=(802) std::ctype<wchar_t>::ctype(unsigned long)
calls=1 0 
0 26605
cob=(1)
cfi=(190)
cfn=(666)
calls=1 71 
0 789
0 5

fn=(858) 0x0000000004ca6c60
0 2
cob=(8)
cfi=(189)
cfn=(862) std::__cxx11::numpunct<wchar_t>::_M_initialize_numpunct(__locale_struct*)
calls=1 0 
0 353
cob=(1)
cfi=(190)
cfn=(666)
calls=1 71 
0 1021
0 5

fn=(1016) 0x0000000004ca8c70
0 2
cob=(8)
cfi=(189)
cfn=(1020) std::messages<wchar_t>::messages(unsigned long)
calls=1 0 
0 51
cob=(1)
cfi=(190)
cfn=(666)
calls=1 71 
0 756
0 5

fn=(1086) 0x0000000004ca8b50
0 8
cob=(8)
cfi=(189)
cfn=(1090) std::basic_ios<wchar_t, std::char_traits<wchar_t> >::init(std::basic_streambuf<wchar_t, std::char_traits<wchar_t> >*)
calls=4 0 
0 1765
cob=(1)
cfi=(190)
cfn=(666)
calls=1 71 
0 1028
0 5

fn=(1744)
0 2
cob=(8)
cfi=(189)
cfn=(1746) std::thread::hardware_concurrency()
calls=1 0 
0 1274

fn=(1770)
0 36978
cob=(2)
cfi=(203) ./string/../sysdeps/x86_64/multiarch/memcmp-avx2-movbe.S
cfn=(850) __memcmp_avx2_movbe
calls=18489 73 
0 386926

fn=(1898) 0x0000000004ca9d00
0 116
cob=(2)
cfi=(292) ./libio/./libio/iofwrite.c
cfn=(1902) fwrite
calls=58 31 
0 8594
cob=(1)
cfi=(190)
cfn=(666)
calls=1 71 
0 836
0 5

fn=(1914)
0 8
cob=(8)
cfi=(189)
cfn=(1888) std::basic_ostream<char, std::char_traits<char> >& std::__ostream_insert<char, std::char_traits<char> >(std::basic_ostream<char, std::char_traits<char> >&, char const*, long)
calls=4 0 
0 910

fn=(1920)
0 6
cob=(8)
cfi=(189)
cfn=(1922) std::ostream::operator<<(int)
calls=3 0 
0 5709

fn=(2000) 0x0000000004ca7b60
0 4
cob=(2)
cfi=(297) ./nptl/./nptl/pthread_create.c
cfn=(2004) pthread_create@@GLIBC_2.34
calls=2 626 
0 2507
cob=(1)
cfi=(190)
cfn=(666)
calls=1 71 
0 1001
0 5

fn=(2058)
0 4
cob=(8)
cfi=(189)
cfn=(2060) std::thread::join()
calls=2 0 
0 1388

fn=(2124)
0 4
cob=(2)
cfi=(331) ./libio/./libio/iofflush.c
cfn=(2126) fflush
calls=2 32 
0 144

fn=(2336)
0 6
cob=(8)
cfi=(189)
cfn=(2338) __cxa_guard_acquire
calls=3 0 
0 60

fn=(2706) 0x0000000004ca84d0
0 12
cob=(8)
cfi=(189)
cfn=(2710) std::ios_base::_M_call_callbacks(std::ios_base::event)
calls=6 0 
0 96
cob=(1)
cfi=(190)
cfn=(666)
calls=1 71 
0 929
0 5

fn=(2780)
0 12
cob=(8)
cfi=(189)
cfn=(2782) std::ostream& std::ostream::_M_insert<double>(double)
calls=6 0 
0 16917

fn=(2898)
0 4

fn=(2998) 0x0000000004caa4b0
0 20
cob=(2)
cfi=(331)
cfn=(2126)
calls=10 32 
0 883
cob=(1)
cfi=(190)
cfn=(666)
calls=1 71 
0 822
0 5

fn=(3092)
0 4

fn=(644)
0 7

fn=(882) 0x0000000004ca8300
0 2
cob=(8)
cfi=(189)
cfn=(886) std::__timepunct<wchar_t>::_M_initialize_timepunct(__locale_struct*)
calls=1 0 
0 154
cob=(1)
cfi=(190)
cfn=(666)
calls=1 71 
0 1141
0 5

fn=(926) 0x0000000004caa050
0 2
cob=(8)
cfi=(189)
cfn=(930) std::moneypunct<char, true>::_M_initialize_moneypunct(__locale_struct*, char const*)
calls=1 0 
0 115
cob=(1)
cfi=(190)
cfn=(666)
calls=1 71 
0 1061
0 5

fn=(992) 0x0000000004ca9280
0 2
cob=(8)
cfi=(189)
cfn=(996) std::moneypunct<wchar_t, true>::_M_initialize_moneypunct(__locale_struct*, char const*)
calls=1 0 
0 109
cob=(1)
cfi=(190)
cfn=(666)
calls=1 71 
0 1053
0 5

fn=(1142) 0x0000000004ca7cb0
0 2
cob=(2)
cfi=(205) ./stdlib/./stdlib/secure-getenv.c
cfn=(1146) secure_getenv
calls=1 28 
0 1440
cob=(1)
cfi=(190)
cfn=(666)
calls=1 71 
0 999
0 5

fn=(1606) 0x0000000004eab3e0
0 12
cob=(2)
cfi=(208)
cfn=(1608) free
calls=6 3359 
0 253

fn=(1698)
0 8
cob=(2)
cfi=(204) ./stdlib/./stdlib/cxa_atexit.c
cfn=(1104) __cxa_atexit
calls=4 67 
0 304

fn=(1772)
0 4
cob=(8)
cfi=(189)
cfn=(1774) std::__cxx11::basic_string<char, std::char_traits<char>, std::allocator<char> >::_M_replace(unsigned long, unsigned long, char const*, unsigned long)
calls=2 0 
0 1247

fn=(1802)
0 16
cob=(8)
cfi=(189)
cfn=(1804) std::__cxx11::basic_string<char, std::char_traits<char>, std::allocator<char> >::_M_dispose()
calls=8 0 
0 48

fn=(1884) 0x0000000004ca8b20
0 68
cob=(8)
cfi=(189)
cfn=(1888)
calls=34 0 
0 9824
cob=(1)
cfi=(190)
cfn=(666)
calls=1 71 
0 1092
0 5

fn=(1960)
0 20
cob=(8)
cfi=(189)
cfn=(1928) std::ostream& std::ostream::_M_insert<long>(long)
calls=10 0 
0 3881

fn=(1964)
0 2
cob=(8)
cfi=(189)
cfn=(1966) std::ostream& std::ostream::_M_insert<unsigned long>(unsigned long)
calls=1 0 
0 1634

fn=(1978)
0 4
cob=(8)
cfi=(189)
cfn=(1980) std::chrono::_V2::system_clock::now()
calls=2 0 
0 1014

fn=(1996)
0 4
cob=(8)
cfi=(189)
cfn=(1998) std::thread::_M_start_thread(std::unique_ptr<std::thread::_State, std::default_delete<std::thread::_State> >, void (*)())
calls=2 0 
0 3549

fn=(2022) 0x0000000004eab700
0 4
cob=(1)
cfi=(46)
cfn=(2024)
calls=2 626 
0 1306

fn=(2164)
0 4
cob=(3)
cfi=(336) ./math/../sysdeps/ieee754/dbl-64/s_round.c
cfn=(2166) round
calls=2 30 
0 30

fn=(2690) 0x0000000004ca9a20
0 12
cob=(8)
cfi=(189)
cfn=(2694) std::__basic_file<char>::close()
calls=6 0 
0 114
cob=(1)
cfi=(190)
cfn=(666)
calls=1 71 
0 815
0 5

fn=(2698)
0 12
cob=(8)
cfi=(189)
cfn=(1078) std::locale::~locale()
calls=6 0 
0 72

fn=(2712) 0x0000000004ca6870
0 12
cob=(8)
cfi=(189)
cfn=(2716) std::ios_base::_M_dispose_callbacks()
calls=6 0 
0 108
cob=(1)
cfi=(190)
cfn=(666)
calls=1 71 
0 869
0 5

fn=(2950)
0 3

fn=(3010) 0x0000000004ca8e80
0 4
cob=(8)
cfi=(189)
cfn=(3014) __cxa_get_globals
calls=2 0 
0 1052
cob=(1)
cfi=(190)
cfn=(666)
calls=1 71 
0 739
0 5

fn=(660) 0x0000000004ca9040
0 2
cob=(8)
cfi=(189)
cfn=(672) std::ios_base::Init::Init()
calls=1 0 
0 86009
cob=(1)
cfi=(190)
cfn=(666)
calls=1 71 
0 761
0 5

fn=(708) 0x0000000004ca93c0
0 40
cob=(8)
cfi=(189)
cfn=(712) std::locale::facet::_S_get_c_locale()
calls=20 0 
0 3565
cob=(1)
cfi=(190)
cfn=(666)
calls=1 71 
0 869
0 5

fn=(714) 0x0000000004ca7790
0 88
cob=(2)
cfi=(192) ./nptl/./nptl/pthread_once.c
cfn=(718) pthread_once@@GLIBC_2.34
calls=44 136 
0 2357
cob=(1)
cfi=(190)
cfn=(666)
calls=1 71 
0 1087
0 5

fn=(728) 0x0000000004ca7500
0 2
cob=(8)
cfi=(189)
cfn=(732) std::locale::facet::_S_create_c_locale(__locale_struct*&, char const*, __locale_struct*)
calls=1 0 
0 918
cob=(1)
cfi=(190)
cfn=(666)
calls=1 71 
0 1013
0 5

fn=(622)
0 7

fn=(750) 0x0000000004ca7800
0 308
cob=(8)
cfi=(189)
cfn=(754) std::locale::id::_M_id() const
calls=154 0 
0 1356
cob=(1)
cfi=(190)
cfn=(666)
calls=1 71 
0 757
0 5

fn=(774) 0x0000000004ca9530
0 2
cob=(8)
cfi=(189)
cfn=(778) std::__cxx11::moneypunct<char, true>::_M_initialize_moneypunct(__locale_struct*, char const*)
calls=1 0 
0 115
cob=(1)
cfi=(190)
cfn=(666)
calls=1 71 
0 1109
0 5

fn=(848) 0x0000000004eab580
0 98
cob=(2)
cfi=(203)
cfn=(850)
calls=49 73 
0 1048

fn=(864) 0x0000000004ca8d70
0 2
cob=(8)
cfi=(189)
cfn=(868) std::__cxx11::moneypunct<wchar_t, false>::_M_initialize_moneypunct(__locale_struct*, char const*)
calls=1 0 
0 109
cob=(1)
cfi=(190)
cfn=(666)
calls=1 71 
0 1125
0 5

fn=(1062) 0x0000000004ca9780
0 40
cob=(8)
cfi=(189)
cfn=(1066) std::ios_base::_M_init()
calls=20 0 
0 3644
cob=(1)
cfi=(190)
cfn=(666)
calls=1 71 
0 765
0 5

fn=(1074) 0x0000000004ca8ea0
0 52
cob=(8)
cfi=(189)
cfn=(1078)
calls=26 0 
0 312
cob=(1)
cfi=(190)
cfn=(666)
calls=1 71 
0 749
0 5

fn=(1362) 0x0000000004eab4e0
0 14
cob=(1)
cfi=(221)
cfn=(1364)
calls=7 214 
0 315

fn=(1930) 0x0000000004ca7fc0
0 2
cob=(8)
cfi=(189)
cfn=(1934) std::ctype<char>::_M_widen_init() const
calls=1 0 
0 1652
cob=(1)
cfi=(190)
cfn=(666)
calls=1 71 
0 843
0 5

fn=(1990)
0 1091736
cob=(8)
cfi=(189)
cfn=(1992) operator new(unsigned long)
calls=545868 0 
0 34823692

fn=(2224)
0 12
cob=(8)
cfi=(189)
cfn=(2226) std::basic_filebuf<char, std::char_traits<char> >::basic_filebuf()
calls=6 0 
0 1568

fn=(2264) 0x0000000004ca7c60
0 1091736
cob=(2)
cfi=(208)
cfn=(1608)
calls=545868 3359 
0 51090452
cob=(1)
cfi=(190)
cfn=(666)
calls=1 71 
0 910
0 5

fn=(2456)
0 114048
cob=(8)
cfi=(189)
cfn=(2458) std::__detail::_Prime_rehash_policy::_M_need_rehash(unsigned long, unsigned long, unsigned long) const
calls=57024 0 
0 4092387

fn=(2940) 0x0000000004a01448
0 1
cob=(2)
cfi=(384)
cfn=(2864)
calls=1 30 
0 132

fn=(3004) 0x0000000004ca7970
0 4
cob=(8)
cfi=(189)
cfn=(3008) std::uncaught_exception()
calls=2 0 
0 1818
cob=(1)
cfi=(190)
cfn=(666)
calls=1 71 
0 771
0 5

fn=(3044)
0 4

fn=(3110)
0 4

fn=(786) 0x0000000004ca8ec0
0 2
cob=(8)
cfi=(189)
cfn=(790) std::__timepunct<char>::_M_initialize_timepunct(__locale_struct*)
calls=1 0 
0 157
cob=(1)
cfi=(190)
cfn=(666)
calls=1 71 
0 1005
0 5

fn=(870) 0x0000000004ca7060
0 2
cob=(8)
cfi=(189)
cfn=(874) std::__cxx11::moneypunct<wchar_t, true>::_M_initialize_moneypunct(__locale_struct*, char const*)
calls=1 0 
0 109
cob=(1)
cfi=(190)
cfn=(666)
calls=1 71 
0 1093
0 5

fn=(876) 0x0000000004ca93b0
0 2
cob=(8)
cfi=(189)
cfn=(880) std::__timepunct<wchar_t>::__timepunct(std::__timepunct_cache<wchar_t>*, unsigned long)
calls=1 0 
0 1331
cob=(1)
cfi=(190)
cfn=(666)
calls=1 71 
0 928
0 5

fn=(1150) 0x0000000004eab600
0 66
cob=(2)
cfi=(207) ./string/../sysdeps/x86_64/multiarch/strcmp-avx2.S
cfn=(1152) __strncmp_avx2
calls=33 206 
0 872

fn=(1510) 0x0000000004eab680
0 2
cob=(2)
cfi=(231) ./string/../sysdeps/x86_64/multiarch/strchr-avx2.S
cfn=(1512) __strchr_avx2
calls=1 53 
0 21

fn=(1740)
0 2
cob=(8)
cfi=(189)
cfn=(1742) std::random_device::_M_fini()
calls=1 0 
0 4

fn=(1970) 0x0000000004ca9e10
0 2
cob=(8)
cfi=(189)
cfn=(1974) std::ostreambuf_iterator<char, std::char_traits<char> > std::num_put<char, std::ostreambuf_iterator<char, std::char_traits<char> > >::_M_insert_int<unsigned long>(std::ostreambuf_iterator<char, std::char_traits<char> >, std::ios_base&, char, unsigned long) const
calls=1 0 
0 306
cob=(1)
cfi=(190)
cfn=(666)
calls=1 71 
0 1236
0 5

fn=(2062) 0x0000000004ca65d0
0 4
cob=(2)
cfi=(316) ./nptl/./nptl/pthread_join.c
cfn=(2066) pthread_join@@GLIBC_2.34
calls=2 23 
0 486
cob=(1)
cfi=(190)
cfn=(666)
calls=1 71 
0 859
0 5

fn=(2228) 0x0000000004ca9f80
0 12
cob=(8)
cfi=(189)
cfn=(2232) std::__basic_file<char>::__basic_file(pthread_mutex_t*)
calls=6 0 
0 24
cob=(1)
cfi=(190)
cfn=(666)
calls=1 71 
0 903
0 5

fn=(2254)
0 1091736
cob=(8)
cfi=(189)
cfn=(2256) operator delete(void*, unsigned long)
calls=545868 0 
0 55458971

fn=(2702)
0 12
cob=(8)
cfi=(189)
cfn=(2704) std::ios_base::~ios_base()
calls=6 0 
0 2246

fn=(2888) 0x000000000483d030
0 2
cob=(2)
cfi=(384)
cfn=(2864)
calls=1 30 
0 132

fn=(3022) 0x0000000004ca9980
0 6
cob=(8)
cfi=(189)
cfn=(3026) std::basic_ostream<wchar_t, std::char_traits<wchar_t> >::flush()
calls=3 0 
0 1672
cob=(1)
cfi=(190)
cfn=(666)
calls=1 71 
0 922
0 5

fn=(3023) 0x0000000004ca9980'2
0 2
cob=(8)
cfi=(189)
cfn=(3027) std::basic_ostream<wchar_t, std::char_traits<wchar_t> >::flush()'2
calls=1 0 
0 142

fn=(3082) 0x00000000049523c0
0 2
cob=(2)
cfi=(384)
cfn=(2864)
calls=1 30 
0 132

fn=(580) 0x0000000004eab720
0 42
cob=(1)
cfi=(11)
cfn=(28)
calls=21 387 
0 493

fn=(822) 0x0000000004ca9b80
0 512
cob=(2)
cfi=(198) ./wcsmbs/./wcsmbs/btowc.c
cfn=(826) btowc
calls=256 32 
0 11136
cob=(1)
cfi=(190)
cfn=(666)
calls=1 71 
0 820
0 5

fn=(832) 0x0000000004ca7f00
0 24
cob=(8)
cfi=(189)
cfn=(836) std::ctype<wchar_t>::_M_convert_to_wmask(unsigned short) const
calls=12 0 
0 4304
cob=(1)
cfi=(190)
cfn=(666)
calls=1 71 
0 857
0 5

fn=(838) 0x0000000004ca7580
0 20
cob=(2)
cfi=(201) ./wctype/./wctype/wctype_l.c
cfn=(842) wctype_l
calls=10 26 
0 3300
cob=(1)
cfi=(190)
cfn=(666)
calls=1 71 
0 833
0 5

fn=(914) 0x0000000004ca6a50
0 2
cob=(8)
cfi=(189)
cfn=(918) std::moneypunct<char, false>::_M_initialize_moneypunct(__locale_struct*, char const*)
calls=1 0 
0 114
cob=(1)
cfi=(190)
cfn=(666)
calls=1 71 
0 1045
0 5

fn=(1042) 0x0000000004ca6780
0 2
cob=(8)
cfi=(189)
cfn=(1046) std::locale::locale(std::locale::_Impl*)
calls=1 0 
0 3
cob=(1)
cfi=(190)
cfn=(666)
calls=1 71 
0 777
0 5

fn=(1056) 0x0000000004ca96e0
0 8
cob=(8)
cfi=(189)
cfn=(1060) std::basic_ios<char, std::char_traits<char> >::init(std::basic_streambuf<char, std::char_traits<char> >*)
calls=4 0 
0 4031
cob=(1)
cfi=(190)
cfn=(666)
calls=1 71 
0 1068
0 5

fn=(1068) 0x0000000004ca89c0
0 40
cob=(8)
cfi=(189)
cfn=(1072) std::locale::operator=(std::locale const&)
calls=20 0 
0 460
cob=(1)
cfi=(190)
cfn=(666)
calls=1 71 
0 737
0 5

fn=(1092) 0x0000000004caa270
0 8
cob=(8)
cfi=(189)
cfn=(1096) std::basic_ios<wchar_t, std::char_traits<wchar_t> >::_M_cache_locale(std::locale const&)
calls=4 0 
0 224
cob=(1)
cfi=(190)
cfn=(666)
calls=1 71 
0 1028
0 5

fn=(1488) 0x0000000004eab3f0
0 6
cob=(2)
cfi=(208)
cfn=(1164) malloc
calls=3 3294 
0 531

fn=(1724)
0 2
cob=(8)
cfi=(189)
cfn=(1726) std::random_device::_M_init(std::__cxx11::basic_string<char, std::char_traits<char>, std::allocator<char> > const&)
calls=1 0 
0 50

fn=(1826)
0 6
cob=(2)
cfi=(273) ./debug/./debug/snprintf_chk.c
cfn=(1828) __snprintf_chk
calls=3 27 
0 4662

fn=(1876)
0 68
cob=(8)
cfi=(189)
cfn=(1878) std::basic_ostream<char, std::char_traits<char> >& std::operator<< <std::char_traits<char> >(std::basic_ostream<char, std::char_traits<char> >&, char const*)
calls=34 0 
0 13114

fn=(2026) 0x0000000004eab740
0 4
cob=(2)
cfi=(306) ./string/../sysdeps/x86_64/multiarch/memset-vec-unaligned-erms.S
cfn=(2028) __memset_avx2_unaligned_erms
calls=2 158 
0 72

fn=(2460) 0x0000000004ca7610
0 79042
cob=(8)
cfi=(189)
cfn=(2464) std::__detail::_Prime_rehash_policy::_M_next_bkt(unsigned long) const
calls=39521 0 
0 1518977
cob=(1)
cfi=(190)
cfn=(666)
calls=1 71 
0 931
0 5

fn=(2680) 0x0000000004ca94f0
0 24
cob=(8)
cfi=(189)
cfn=(2684) std::__basic_file<char>::is_open() const
calls=12 0 
0 48
cob=(1)
cfi=(190)
cfn=(666)
calls=1 71 
0 827
0 5

fn=(2686)
0 12
cob=(8)
cfi=(189)
cfn=(2688) std::__basic_file<char>::~__basic_file()
calls=6 0 
0 982

fn=(2792) 0x0000000004ca81d0
0 12
cob=(8)
cfi=(189)
cfn=(2796) std::__num_base::_S_format_float(std::ios_base const&, char*, char)
calls=6 0 
0 138
cob=(1)
cfi=(190)
cfn=(666)
calls=1 71 
0 979
0 5

fn=(2804) 0x0000000004ca8c90
0 12
cob=(2)
cfi=(274) ./libio/./libio/vsnprintf.c
cfn=(2808) vsnprintf
calls=6 102 
0 9263
cob=(1)
cfi=(190)
cfn=(666)
calls=1 71 
0 842
0 5

fn=(3016) 0x0000000004ca8140
0 4
cob=(1)
cfi=(388)
cfn=(3020)
calls=2 29 
0 24
cob=(1)
cfi=(190)
cfn=(666)
calls=1 71 
0 1003
0 5

fn=(3062)
0 4

fn=(602)
0 7

fn=(674) 0x0000000004ca78d0
0 92
cob=(8)
cfi=(189)
cfn=(678) std::locale::locale()
calls=46 0 
0 77223
cob=(1)
cfi=(190)
cfn=(666)
calls=1 71 
0 717
0 5

fn=(734) 0x0000000004ca8490
0 2
cob=(2)
cfi=(194) ./locale/./locale/newlocale.c
cfn=(738) newlocale
calls=1 43 
0 40
cob=(1)
cfi=(190)
cfn=(666)
calls=1 71 
0 857
0 5

fn=(780) 0x0000000004ca8a00
0 2
cob=(8)
cfi=(189)
cfn=(784) std::__timepunct<char>::__timepunct(std::__timepunct_cache<char>*, unsigned long)
calls=1 0 
0 1198
cob=(1)
cfi=(190)
cfn=(666)
calls=1 71 
0 920
0 5

fn=(852) 0x0000000004ca75a0
0 2
cob=(8)
cfi=(189)
cfn=(856) std::codecvt<wchar_t, char, __mbstate_t>::codecvt(unsigned long)
calls=1 0 
0 44
cob=(1)
cfi=(190)
cfn=(666)
calls=1 71 
0 825
0 5

fn=(1080) 0x0000000004ca9920
0 32
cob=(8)
cfi=(189)
cfn=(1084) std::basic_ios<char, std::char_traits<char> >::_M_cache_locale(std::locale const&)
calls=16 0 
0 896
cob=(1)
cfi=(190)
cfn=(666)
calls=1 71 
0 1028
0 5

fn=(1100) 0x0000000004ca7620
0 22
cob=(2)
cfi=(204)
cfn=(1104)
calls=11 67 
0 832
cob=(1)
cfi=(190)
cfn=(666)
calls=1 71 
0 1024
0 5

fn=(1768)
0 46
cob=(2)
cfi=(202)
cfn=(846)
calls=23 52 
0 322

fn=(1924) 0x0000000004ca74c0
0 6
cob=(8)
cfi=(189)
cfn=(1928)
calls=3 0 
0 4909
cob=(1)
cfi=(190)
cfn=(666)
calls=1 71 
0 756
0 5

fn=(1936) 0x0000000004ca9620
0 2
cob=(2)
cfi=(203)
cfn=(850)
calls=1 73 
0 47
cob=(1)
cfi=(190)
cfn=(666)
calls=1 71 
0 844
0 5

fn=(2134)
0 2
cob=(2)
cfi=(333) ./posix/../sysdeps/unix/sysv/linux/nanosleep.c
cfn=(2136) nanosleep
calls=1 24 
0 96

fn=(2340)
0 157672
cob=(2)
cfi=(306)
cfn=(2028)
calls=78836 158 
0 1600538

fn=(2372)
0 6
cob=(8)
cfi=(189)
cfn=(2374) __cxa_guard_release
calls=3 0 
0 27

fn=(2676)
0 12
cob=(8)
cfi=(189)
cfn=(2678) std::basic_filebuf<char, std::char_traits<char> >::close()
calls=6 0 
0 1030

fn=(2816) 0x0000000004ca6bd0
0 12
cob=(2)
cfi=(238)
cfn=(1554)
calls=6 61 
0 114
cob=(1)
cfi=(190)
cfn=(666)
calls=1 71 
0 873
0 5

fn=(2878)
0 4

fn=(3100) 0x000000000497f030
0 2
cob=(2)
cfi=(384)
cfn=(2864)
calls=1 30 
0 132

fn=(1686) 0x000000000010e000
0 7

fn=(702) 0x0000000004ca67a0
0 2
cob=(8)
cfi=(189)
cfn=(706) std::ctype<char>::ctype(unsigned short const*, bool, unsigned long)
calls=1 0 
0 4125
cob=(1)
cfi=(190)
cfn=(666)
calls=1 71 
0 745
0 5

fn=(632)
0 7

fn=(792) 0x0000000004ca6630
0 2
cob=(8)
cfi=(189)
cfn=(796) std::__cxx11::messages<char>::messages(unsigned long)
calls=1 0 
0 51
cob=(1)
cfi=(190)
cfn=(666)
calls=1 71 
0 832
0 5

fn=(810) 0x0000000004ca9000
0 28
cob=(2)
cfi=(196) ./locale/./locale/uselocale.c
cfn=(814) uselocale
calls=14 30 
0 308
cob=(1)
cfi=(190)
cfn=(666)
calls=1 71 
0 857
0 5

fn=(816) 0x0000000004ca8040
0 256
cob=(2)
cfi=(197) ./wcsmbs/./wcsmbs/wctob.c
cfn=(820) wctob
calls=128 30 
0 3200
cob=(1)
cfi=(190)
cfn=(666)
calls=1 71 
0 945
0 5

fn=(888) 0x0000000004ca6ca0
0 2
cob=(8)
cfi=(189)
cfn=(892) std::__cxx11::messages<wchar_t>::messages(unsigned long)
calls=1 0 
0 51
cob=(1)
cfi=(190)
cfn=(666)
calls=1 71 
0 788
0 5

fn=(962) 0x0000000004ca80a0
0 2
cob=(8)
cfi=(189)
cfn=(966) std::numpunct<wchar_t>::_M_initialize_numpunct(__locale_struct*)
calls=1 0 
0 353
cob=(1)
cfi=(190)
cfn=(666)
calls=1 71 
0 981
0 5

fn=(1160) 0x0000000004ca7210
0 1091738
cob=(2)
cfi=(208)
cfn=(1164)
calls=545869 3294 
0 24999879
cob=(1)
cfi=(190)
cfn=(666)
calls=1 71 
0 944
0 5

fn=(1700) 0x0000000004eab7b0
0 2
cob=(1)
cfi=(48)
cfn=(1702)
calls=1 118 
0 5

fn=(1730)
0 2
cob=(8)
cfi=(189)
cfn=(1732) std::random_device::_M_getval()
calls=1 0 
0 43

fn=(1748) 0x0000000004ca9260
0 2
cob=(2)
cfi=(258) ./misc/../sysdeps/unix/sysv/linux/getsysstats.c
cfn=(1752) get_nprocs
calls=1 215 
0 418
cob=(1)
cfi=(190)
cfn=(666)
calls=1 71 
0 840
0 5

fn=(1782)
0 10
cob=(2)
cfi=(244) ./csu/./csu/errno-loc.c
cfn=(1658) __errno_location
calls=5 25 
0 20

fn=(1816)
0 2
cob=(2)
cfi=(261)
cfn=(1760) __isoc23_strtoul
calls=1 125 
0 132

fn=(1834) 0x0000000004eab590
0 98
cob=(2)
cfi=(231)
cfn=(1836) __strchrnul_avx2
calls=49 53 
0 963

fn=(2258) 0x0000000004ca7430
0 1091736
cob=(8)
cfi=(189)
cfn=(2262) operator delete(void*)
calls=545868 0 
0 53274839
cob=(1)
cfi=(190)
cfn=(666)
calls=1 71 
0 655
0 5

fn=(2786) 0x0000000004ca8560
0 12
cob=(8)
cfi=(189)
cfn=(2790) std::ostreambuf_iterator<char, std::char_traits<char> > std::num_put<char, std::ostreambuf_iterator<char, std::char_traits<char> > >::_M_insert_float<double>(std::ostreambuf_iterator<char, std::char_traits<char> >, std::ios_base&, char, char, double) const
calls=6 0 
0 15134
cob=(1)
cfi=(190)
cfn=(666)
calls=1 71 
0 1250
0 5

fn=(2958) 0x0000000004ca62b0
0 2
cob=(2)
cfi=(384)
cfn=(2864)
calls=1 30 
0 8832

fn=(2990) 0x0000000004ca88a0
0 6
cob=(8)
cfi=(189)
cfn=(2994) std::ostream::flush()
calls=3 0 
0 4219
cob=(1)
cfi=(190)
cfn=(666)
calls=1 71 
0 730
0 5

fn=(2991) 0x0000000004ca88a0'2
0 2
cob=(8)
cfi=(189)
cfn=(2995) std::ostream::flush()'2
calls=1 0 
0 142

fn=(3028) 0x0000000004ca8340
0 6
cob=(8)
cfi=(189)
cfn=(3032) std::basic_ostream<wchar_t, std::char_traits<wchar_t> >::sentry::sentry(std::basic_ostream<wchar_t, std::char_traits<wchar_t> >&)
calls=3 0 
0 219
cob=(1)
cfi=(190)
cfn=(666)
calls=1 71 
0 966
0 5

fn=(3029) 0x0000000004ca8340'2
0 2
cob=(8)
cfi=(189)
cfn=(3033) std::basic_ostream<wchar_t, std::char_traits<wchar_t> >::sentry::sentry(std::basic_ostream<wchar_t, std::char_traits<wchar_t> >&)'2
calls=1 0 
0 22

fn=(654)
0 7

fn=(744) 0x0000000004ca80e0
0 64
cob=(8)
cfi=(189)
cfn=(748) std::locale::_Impl::_M_install_facet(std::locale::id const*, std::locale::facet const*)
calls=32 0 
0 13498
cob=(1)
cfi=(190)
cfn=(666)
calls=1 71 
0 985
0 5

fn=(756) 0x0000000004ca79e0
0 2
cob=(8)
cfi=(189)
cfn=(760) std::codecvt<char, char, __mbstate_t>::codecvt(unsigned long)
calls=1 0 
0 44
cob=(1)
cfi=(190)
cfn=(666)
calls=1 71 
0 825
0 5

fn=(762) 0x0000000004ca9700
0 2
cob=(8)
cfi=(189)
cfn=(766) std::__cxx11::numpunct<char>::_M_initialize_numpunct(__locale_struct*)
calls=1 0 
0 417
cob=(1)
cfi=(190)
cfn=(666)
calls=1 71 
0 1045
0 5

fn=(844) 0x0000000004eab500
0 176
cob=(2)
cfi=(202)
cfn=(846)
calls=88 52 
0 1232

fn=(896) 0x0000000004ca7750
0 2
cob=(8)
cfi=(189)
cfn=(900) std::numpunct<char>::_M_initialize_numpunct(__locale_struct*)
calls=1 0 
0 417
cob=(1)
cfi=(190)
cfn=(666)
calls=1 71 
0 973
0 5

fn=(950) 0x0000000004caa510
0 2
cob=(8)
cfi=(189)
cfn=(954) std::messages<char>::messages(unsigned long)
calls=1 0 
0 51
cob=(1)
cfi=(190)
cfn=(666)
calls=1 71 
0 756
0 5

fn=(980) 0x0000000004ca86f0
0 2
cob=(8)
cfi=(189)
cfn=(984) std::moneypunct<wchar_t, false>::_M_initialize_moneypunct(__locale_struct*, char const*)
calls=1 0 
0 109
cob=(1)
cfi=(190)
cfn=(666)
calls=1 71 
0 1077
0 5

fn=(1132) 0x0000000004ca7560
0 2
cob=(8)
cfi=(189)
cfn=(1136) std::future_category()
calls=1 0 
0 3
cob=(1)
cfi=(190)
cfn=(666)
calls=1 71 
0 783
0 5

fn=(1720)
0 28
cob=(2)
cfi=(224)
cfn=(1558)
calls=14 255 
0 209

fn=(1890) 0x0000000004caa360
0 122
cob=(8)
cfi=(189)
cfn=(1894) std::ostream::sentry::sentry(std::ostream&)
calls=61 0 
0 1495
cob=(1)
cfi=(190)
cfn=(666)
calls=1 71 
0 752
0 5

fn=(1891) 0x0000000004caa360'2
0 2
cob=(8)
cfi=(189)
cfn=(1895) std::ostream::sentry::sentry(std::ostream&)'2
calls=1 0 
0 22

fn=(1916) 0x0000000004eab430
0 114
cob=(2)
cfi=(224)
cfn=(1918) __mempcpy_avx_unaligned_erms
calls=57 242 
0 974

fn=(2218)
0 24
cob=(8)
cfi=(189)
cfn=(1060)
calls=12 0 
0 2364

fn=(3052) 0x0000000004875220
0 2
cob=(2)
cfi=(384)
cfn=(2864)
calls=1 30 
0 132

ob=(6)
fl=(186)
fn=(3104) 0x0000000000001040
0 5

fn=(626)
0 12

fn=(3094)
0 9
cob=(4)
cfi=(178)
cfn=(3100)
calls=1 0 
0 134
0 1
cfn=(3104)
calls=1 0 
0 5
0 3

ob=(8)
fl=(189)
fn=(672)
0 40
cob=(4)
cfi=(178)
cfn=(674)
calls=1 0 
0 76181
0 16
cob=(4)
cfi=(178)
cfn=(674)
calls=1 0 
0 32
0 14
cob=(4)
cfi=(178)
cfn=(674)
calls=1 0 
0 32
0 7
cob=(4)
cfi=(178)
cfn=(1050)
calls=1 0 
0 820
0 11
cob=(4)
cfi=(178)
cfn=(1056)
calls=1 0 
0 4557
0 4
cob=(4)
cfi=(178)
cfn=(1050)
calls=1 0 
0 94
0 15
cob=(4)
cfi=(178)
cfn=(1056)
calls=1 0 
0 185
0 4
cob=(4)
cfi=(178)
cfn=(1050)
calls=1 0 
0 94
0 11
cob=(4)
cfi=(178)
cfn=(1056)
calls=1 0 
0 185
0 4
cob=(4)
cfi=(178)
cfn=(1050)
calls=1 0 
0 94
0 11
cob=(4)
cfi=(178)
cfn=(1056)
calls=1 0 
0 185
0 23
cob=(4)
cfi=(178)
cfn=(674)
calls=1 0 
0 32
0 16
cob=(4)
cfi=(178)
cfn=(674)
calls=1 0 
0 32
0 14
cob=(4)
cfi=(178)
cfn=(674)
calls=1 0 
0 32
0 7
cob=(4)
cfi=(178)
cfn=(1050)
calls=1 0 
0 94
0 11
cob=(4)
cfi=(178)
cfn=(1086)
calls=1 0 
0 2251
0 4
cob=(4)
cfi=(178)
cfn=(1050)
calls=1 0 
0 94
0 15
cob=(4)
cfi=(178)
cfn=(1086)
calls=1 0 
0 185
0 4
cob=(4)
cfi=(178)
cfn=(1050)
calls=1 0 
0 94
0 11
cob=(4)
cfi=(178)
cfn=(1086)
calls=1 0 
0 185
0 4
cob=(4)
cfi=(178)
cfn=(1050)
calls=1 0 
0 94
0 11
cob=(4)
cfi=(178)
cfn=(1086)
calls=1 0 
0 185
0 15

fn=(678)
0 460
cfn=(680) 0x00000000000e98b0
calls=46 0 
0 76211
0 552

fn=(784)
0 16
cob=(4)
cfi=(178)
cfn=(696)
calls=1 0 
0 5
0 4
cob=(4)
cfi=(178)
cfn=(786)
calls=1 0 
0 1169
0 4

fn=(966)
0 353

fn=(1046)
0 3

fn=(1096)
0 36
cob=(4)
cfi=(178)
cfn=(750)
calls=4 0 
0 32
0 28
cob=(4)
cfi=(178)
cfn=(750)
calls=4 0 
0 32
0 28
cob=(4)
cfi=(178)
cfn=(750)
calls=4 0 
0 32
0 36

fn=(1224)
0 5
cob=(4)
cfi=(178)
cfn=(1100)
calls=1 0 
0 78

fn=(1732)
0 43

fn=(1922)
0 33
cob=(4)
cfi=(178)
cfn=(1924)
calls=3 0 
0 5676

fn=(1980)
0 18
cob=(4)
cfi=(178)
cfn=(1982)
calls=2 0 
0 982
0 14

fn=(2964) 0x00000000001b4ea0
0 2

fn=(2984)
0 4

fn=(3014)
0 10
cob=(4)
cfi=(178)
cfn=(3016)
calls=2 0 
0 1036
0 6

fn=(3026)
0 51
cob=(4)
cfi=(178)
cfn=(3028)
calls=3 0 
0 1196
0 21
cfn=(3034) __gnu_cxx::stdio_sync_filebuf<wchar_t, std::char_traits<wchar_t> >::sync()
calls=3 0 
0 231
0 52
cob=(4)
cfi=(178)
cfn=(3004)
calls=1 0 
0 35
0 7
cfn=(3034)
calls=1 0 
0 77
0 2

fn=(3027)
0 17
cob=(4)
cfi=(178)
cfn=(3029)
calls=1 0 
0 24
0 7
cfn=(3034)
calls=1 0 
0 77
0 17

fn=(3034)
0 15
cob=(4)
cfi=(178)
cfn=(2998)
calls=5 0 
0 370

fn=(724) 0x00000000000d0450
0 7
cob=(4)
cfi=(178)
cfn=(728)
calls=1 0 
0 1938

fn=(766)
0 417

fn=(802)
0 14
cob=(4)
cfi=(178)
cfn=(708)
calls=1 0 
0 25
0 7
cob=(4)
cfi=(178)
cfn=(804)
calls=1 0 
0 26559

fn=(886)
0 12
cob=(4)
cfi=(178)
cfn=(708)
calls=1 0 
0 25
0 117

fn=(900)
0 417

fn=(918)
0 114

fn=(996)
0 109

fn=(1020)
0 14
cob=(4)
cfi=(178)
cfn=(708)
calls=1 0 
0 25
0 2
cob=(4)
cfi=(178)
cfn=(696)
calls=1 0 
0 5
0 5

fn=(1072)
0 460

fn=(1084)
0 144
cob=(4)
cfi=(178)
cfn=(750)
calls=16 0 
0 128
0 112
cob=(4)
cfi=(178)
cfn=(750)
calls=16 0 
0 128
0 112
cob=(4)
cfi=(178)
cfn=(750)
calls=16 0 
0 128
0 144

fn=(1090)
0 32
cob=(4)
cfi=(178)
cfn=(1062)
calls=4 0 
0 404
0 12
cob=(4)
cfi=(178)
cfn=(1092)
calls=4 0 
0 1265
0 52

fn=(1268)
0 50

fn=(1946)
0 247
cfn=(1948) 0x0000000000142070
calls=13 0 
0 390
0 328
cfn=(1954) 0x0000000000146900
calls=5 0 
0 135
0 64
cfn=(1954)
calls=8 0 
0 216
0 364
cfn=(1896) __gnu_cxx::stdio_sync_filebuf<char, std::char_traits<char> >::xsputn(char const*, long)
calls=13 0 
0 1951
0 208

fn=(2678)
0 78
cob=(4)
cfi=(178)
cfn=(2680)
calls=6 0 
0 868
0 84

fn=(868)
0 109

fn=(1078)
0 384

fn=(1250)
0 34

fn=(1294)
0 50

fn=(1948)
0 180
cob=(4)
cfi=(178)
cfn=(750)
calls=20 0 
0 160
0 260

fn=(2458)
0 2177264
cob=(4)
cfi=(178)
cfn=(2460)
calls=39521 0 
0 1598955
0 316168

fn=(2688)
0 24
cob=(4)
cfi=(178)
cfn=(2690)
calls=6 0 
0 946
0 12

fn=(2782)
0 102
cob=(4)
cfi=(178)
cfn=(1890)
calls=6 0 
0 144
0 126
cfn=(2784) std::num_put<char, std::ostreambuf_iterator<char, std::char_traits<char> > >::do_put(std::ostreambuf_iterator<char, std::char_traits<char> >, std::ios_base&, char, double) const
calls=6 0 
0 16425
0 120

fn=(2796)
0 138

fn=(2798) 0x000000000010d1d0
0 168
cob=(4)
cfi=(178)
cfn=(810)
calls=6 0 
0 144
0 72
cob=(4)
cfi=(178)
cfn=(2804)
calls=6 0 
0 10122
0 18
cob=(4)
cfi=(178)
cfn=(810)
calls=6 0 
0 144
0 66

fn=(2974) 0x00000000000e8920
0 2

fn=(2986) 0x00000000000b8da0
0 4
cob=(4)
cfi=(178)
cfn=(2980)
calls=1 0 
0 4

fn=(2996) __gnu_cxx::stdio_sync_filebuf<char, std::char_traits<char> >::sync()
0 15
cob=(4)
cfi=(178)
cfn=(2998)
calls=5 0 
0 1360

fn=(712)
0 160
cob=(4)
cfi=(178)
cfn=(714)
calls=20 0 
0 3265
0 140

fn=(732)
0 8
cob=(4)
cfi=(178)
cfn=(734)
calls=1 0 
0 904
0 6

fn=(862)
0 353

fn=(874)
0 109

fn=(894) 0x00000000000ed260
0 25
cob=(4)
cfi=(178)
cfn=(896)
calls=1 0 
0 1397
0 8
cob=(4)
cfi=(178)
cfn=(750)
calls=1 0 
0 17
0 7
cob=(4)
cfi=(178)
cfn=(708)
calls=1 0 
0 25
0 7
cob=(4)
cfi=(178)
cfn=(750)
calls=1 0 
0 17
0 13
cob=(4)
cfi=(178)
cfn=(914)
calls=1 0 
0 1166
0 7
cob=(4)
cfi=(178)
cfn=(750)
calls=1 0 
0 17
0 13
cob=(4)
cfi=(178)
cfn=(926)
calls=1 0 
0 1183
0 7
cob=(4)
cfi=(178)
cfn=(750)
calls=1 0 
0 17
0 12
cob=(4)
cfi=(178)
cfn=(750)
calls=1 0 
0 17
0 12
cob=(4)
cfi=(178)
cfn=(750)
calls=1 0 
0 17
0 12
cob=(4)
cfi=(178)
cfn=(750)
calls=1 0 
0 17
0 6
cob=(4)
cfi=(178)
cfn=(950)
calls=1 0 
0 814
0 7
cob=(4)
cfi=(178)
cfn=(750)
calls=1 0 
0 17
0 16
cob=(4)
cfi=(178)
cfn=(962)
calls=1 0 
0 1341
0 7
cob=(4)
cfi=(178)
cfn=(750)
calls=1 0 
0 17
0 7
cob=(4)
cfi=(178)
cfn=(708)
calls=1 0 
0 25
0 7
cob=(4)
cfi=(178)
cfn=(750)
calls=1 0 
0 17
0 13
cob=(4)
cfi=(178)
cfn=(980)
calls=1 0 
0 1193
0 7
cob=(4)
cfi=(178)
cfn=(750)
calls=1 0 
0 17
0 13
cob=(4)
cfi=(178)
cfn=(992)
calls=1 0 
0 1169
0 7
cob=(4)
cfi=(178)
cfn=(750)
calls=1 0 
0 17
0 12
cob=(4)
cfi=(178)
cfn=(750)
calls=1 0 
0 17
0 12
cob=(4)
cfi=(178)
cfn=(750)
calls=1 0 
0 17
0 12
cob=(4)
cfi=(178)
cfn=(750)
calls=1 0 
0 17
0 6
cob=(4)
cfi=(178)
cfn=(1016)
calls=1 0 
0 814
0 6
cob=(4)
cfi=(178)
cfn=(750)
calls=1 0 
0 17
0 4
cob=(4)
cfi=(178)
cfn=(750)
calls=1 0 
0 8
0 4
cob=(4)
cfi=(178)
cfn=(750)
calls=1 0 
0 8
0 5
cob=(4)
cfi=(178)
cfn=(750)
calls=1 0 
0 8
0 5
cob=(4)
cfi=(178)
cfn=(750)
calls=1 0 
0 8
0 4
cob=(4)
cfi=(178)
cfn=(750)
calls=1 0 
0 8
0 5
cob=(4)
cfi=(178)
cfn=(750)
calls=1 0 
0 8
0 10

fn=(1130)
0 4
cob=(4)
cfi=(178)
cfn=(1132)
calls=1 0 
0 793
0 4

fn=(1136)
0 3

fn=(1228)
0 10
cob=(4)
cfi=(178)
cfn=(1100)
calls=1 0 
0 78
0 7
cob=(4)
cfi=(178)
cfn=(1100)
calls=1 0 
0 78

fn=(1232)
0 34

fn=(1320)
0 10
cob=(4)
cfi=(178)
cfn=(1100)
calls=1 0 
0 78
0 4
cob=(4)
cfi=(178)
cfn=(1100)
calls=1 0 
0 78
0 7
cob=(4)
cfi=(178)
cfn=(1100)
calls=1 0 
0 78

fn=(1888)
0 722
cob=(4)
cfi=(178)
cfn=(1890)
calls=38 0 
0 1669
0 1254
cfn=(1896)
calls=38 0 
0 6899
0 190

fn=(1966)
0 17
cob=(4)
cfi=(178)
cfn=(1890)
calls=1 0 
0 24
0 21
cfn=(1968) std::num_put<char, std::ostreambuf_iterator<char, std::char_traits<char> > >::do_put(std::ostreambuf_iterator<char, std::char_traits<char> >, std::ios_base&, char, unsigned long) const
calls=1 0 
0 1552
0 20

fn=(2060)
0 22
cob=(4)
cfi=(178)
cfn=(2062)
calls=2 0 
0 1354
0 12

fn=(2374)
0 27

fn=(2694)
0 42
cob=(4)
cfi=(178)
cfn=(2680)
calls=6 0 
0 36
0 36

fn=(2736)
0 4

fn=(2970) 0x00000000000eca40
0 2

fn=(2994)
0 51
cob=(4)
cfi=(178)
cfn=(1890)
calls=3 0 
0 225
0 21
cfn=(2996)
calls=3 0 
0 1221
0 52
cob=(4)
cfi=(178)
cfn=(3004)
calls=1 0 
0 2563
0 7
cfn=(2996)
calls=1 0 
0 77
0 2

fn=(2995)
0 17
cob=(4)
cfi=(178)
cfn=(1891)
calls=1 0 
0 24
0 7
cfn=(2996)
calls=1 0 
0 77
0 17

fn=(706)
0 18
cob=(4)
cfi=(178)
cfn=(708)
calls=1 0 
0 4004
0 103

fn=(836)
0 88
cob=(4)
cfi=(178)
cfn=(838)
calls=1 0 
0 505
0 24
cob=(4)
cfi=(178)
cfn=(838)
calls=1 0 
0 395
0 3
cob=(4)
cfi=(178)
cfn=(838)
calls=1 0 
0 560
0 9
cob=(4)
cfi=(178)
cfn=(838)
calls=1 0 
0 205
0 3
cob=(4)
cfi=(178)
cfn=(838)
calls=1 0 
0 150
0 3
cob=(4)
cfi=(178)
cfn=(838)
calls=1 0 
0 933
0 3
cob=(4)
cfi=(178)
cfn=(838)
calls=1 0 
0 260
0 7
cob=(4)
cfi=(178)
cfn=(838)
calls=1 0 
0 340
0 3
cob=(4)
cfi=(178)
cfn=(838)
calls=1 0 
0 195
0 3
cob=(4)
cfi=(178)
cfn=(838)
calls=1 0 
0 615

fn=(1114)
0 10
cob=(4)
cfi=(178)
cfn=(1116)
calls=1 0 
0 799
0 7
cob=(4)
cfi=(178)
cfn=(1100)
calls=1 0 
0 78
0 3
cob=(4)
cfi=(178)
cfn=(1116)
calls=1 0 
0 7
0 9
cob=(4)
cfi=(178)
cfn=(1100)
calls=1 0 
0 78

fn=(1774)
0 82
cob=(4)
cfi=(178)
cfn=(1776)
calls=2 0 
0 1133
0 32

fn=(1928)
0 221
cob=(4)
cfi=(178)
cfn=(1890)
calls=13 0 
0 312
0 262
cfn=(1940) std::num_put<char, std::ostreambuf_iterator<char, std::char_traits<char> > >::do_put(std::ostreambuf_iterator<char, std::char_traits<char> >, std::ios_base&, char, long) const
calls=12 0 
0 3667
0 10
cfn=(1940)
calls=1 0 
0 1534
0 275
cob=(4)
cfi=(178)
cfn=(1930)
calls=1 0 
0 2502
0 7

fn=(1934)
0 741
cob=(4)
cfi=(178)
cfn=(1936)
calls=1 0 
0 898
0 13

fn=(1940)
0 39
cob=(4)
cfi=(178)
cfn=(1942)
calls=13 0 
0 5162

fn=(1968)
0 3
cob=(4)
cfi=(178)
cfn=(1970)
calls=1 0 
0 1549

fn=(1992)
0 6004548
cob=(4)
cfi=(178)
cfn=(1160)
calls=545868 0 
0 26089804
0 2729340

fn=(2092) 0x00000000000ecda0
0 16
cob=(10)
cfi=(296)
cfn=(2140)
calls=1 244 
0 1258289686
cob=(10)
cfi=(296)
cfn=(2094)
calls=1 244 
0 5638
0 6
cob=(10)
cfi=(296)
cfn=(2772)
calls=1 234 
0 2819
cob=(10)
cfi=(296)
cfn=(2732)
calls=1 234 
0 138
0 10

fn=(2226)
0 102
cob=(4)
cfi=(178)
cfn=(674)
calls=6 0 
0 276
0 60
cob=(4)
cfi=(178)
cfn=(2228)
calls=6 0 
0 944
0 90
cob=(4)
cfi=(178)
cfn=(750)
calls=6 0 
0 48
0 48

fn=(2710)
0 96

fn=(2716)
0 108

fn=(2952)
0 9
cob=(4)
cfi=(178)
cfn=(2958)
calls=1 0 
0 8834
0 1
cfn=(3038) 0x00000000000b7a30
calls=1 0 
0 5
0 3

fn=(2960) 0x00000000001d0060
0 5

fn=(2966) 0x00000000001b4e90
0 2

fn=(2978) 0x00000000000b8d50
0 4
cob=(4)
cfi=(178)
cfn=(2980)
calls=1 0 
0 825

fn=(700)
0 21

fn=(772)
0 114

fn=(1060)
0 128
cob=(4)
cfi=(178)
cfn=(1062)
calls=16 0 
0 4050
0 48
cob=(4)
cfi=(178)
cfn=(1080)
calls=16 0 
0 1961
0 208

fn=(1128)
0 3

fn=(1196)
0 78

fn=(1326)
0 5
cob=(4)
cfi=(178)
cfn=(1100)
calls=1 0 
0 78

fn=(1954)
0 392

fn=(1974)
0 19
cfn=(1948)
calls=1 0 
0 30
0 27
cfn=(1954)
calls=1 0 
0 41
0 24
cfn=(1896)
calls=1 0 
0 149
0 16

fn=(2704)
0 66
cob=(4)
cfi=(178)
cfn=(2706)
calls=6 0 
0 1042
0 12
cob=(4)
cfi=(178)
cfn=(2712)
calls=6 0 
0 994
0 48
cob=(4)
cfi=(178)
cfn=(1074)
calls=6 0 
0 84

fn=(2988) std::ios_base::Init::~Init()
0 13
cob=(4)
cfi=(178)
cfn=(2990)
calls=1 0 
0 1869
0 2
cob=(4)
cfi=(178)
cfn=(2990)
calls=1 0 
0 2947
0 2
cob=(4)
cfi=(178)
cfn=(2990)
calls=1 0 
0 144
0 2
cob=(4)
cfi=(178)
cfn=(3022)
calls=1 0 
0 2042
0 2
cob=(4)
cfi=(178)
cfn=(3022)
calls=1 0 
0 419
0 2
cob=(4)
cfi=(178)
cfn=(3022)
calls=1 0 
0 144
0 2

fn=(686) 0x00000000000e9850
0 12

fn=(754)
0 1356

fn=(856)
0 14
cob=(4)
cfi=(178)
cfn=(708)
calls=1 0 
0 25
0 5

fn=(1108)
0 12

fn=(1140)
0 23
cob=(4)
cfi=(178)
cfn=(1142)
calls=1 0 
0 2446
0 27
cob=(4)
cfi=(178)
cfn=(1160)
calls=1 0 
0 2762
0 8

fn=(1742)
0 4

fn=(2976) 0x00000000000e75a0
0 2

fn=(3008)
0 8
cob=(4)
cfi=(178)
cfn=(3010)
calls=2 0 
0 1800
0 10

fn=(658)
0 8
cob=(4)
cfi=(178)
cfn=(660)
calls=1 0 
0 86777
0 7
cob=(4)
cfi=(178)
cfn=(1100)
calls=1 0 
0 1103

fn=(680)
0 12
cob=(4)
cfi=(178)
cfn=(690)
calls=1 0 
0 74619
0 9
cob=(4)
cfi=(178)
cfn=(1042)
calls=1 0 
0 787
0 391
cob=(4)
cfi=(178)
cfn=(714)
calls=24 0 
0 272
0 121

fn=(748)
0 480
cob=(4)
cfi=(178)
cfn=(750)
calls=32 0 
0 1306
0 11712

fn=(790)
0 13
cob=(4)
cfi=(178)
cfn=(708)
calls=1 0 
0 25
0 119

fn=(796)
0 14
cob=(4)
cfi=(178)
cfn=(708)
calls=1 0 
0 25
0 2
cob=(4)
cfi=(178)
cfn=(696)
calls=1 0 
0 5
0 5

fn=(808)
0 11
cob=(4)
cfi=(178)
cfn=(810)
calls=1 0 
0 886
0 770
cob=(4)
cfi=(178)
cfn=(816)
calls=128 0 
0 4406
0 262
cob=(4)
cfi=(178)
cfn=(822)
calls=1 0 
0 855
0 510
cob=(4)
cfi=(178)
cfn=(822)
calls=255 0 
0 11618
0 1086
cob=(4)
cfi=(178)
cfn=(832)
calls=8 0 
0 3445
0 72
cob=(4)
cfi=(178)
cfn=(832)
calls=4 0 
0 1745
0 23
cob=(4)
cfi=(178)
cfn=(810)
calls=1 0 
0 24
0 2

fn=(880)
0 16
cob=(4)
cfi=(178)
cfn=(696)
calls=1 0 
0 5
0 4
cob=(4)
cfi=(178)
cfn=(882)
calls=1 0 
0 1302
0 4

fn=(892)
0 14
cob=(4)
cfi=(178)
cfn=(708)
calls=1 0 
0 25
0 2
cob=(4)
cfi=(178)
cfn=(696)
calls=1 0 
0 5
0 5

fn=(930)
0 115

fn=(984)
0 109

fn=(1066)
0 300
cob=(4)
cfi=(178)
cfn=(674)
calls=20 0 
0 808
0 60
cob=(4)
cfi=(178)
cfn=(1068)
calls=20 0 
0 1242
0 40
cob=(4)
cfi=(178)
cfn=(1074)
calls=20 0 
0 1034
0 160

fn=(1120)
0 10

fn=(1222)
0 48

fn=(1726)
0 50

fn=(1746)
0 4
cob=(4)
cfi=(178)
cfn=(1748)
calls=1 0 
0 1265
0 5

fn=(1804)
0 48

fn=(1896)
0 348
cob=(4)
cfi=(178)
cfn=(1898)
calls=58 0 
0 9551

fn=(2052)
0 27
cob=(4)
cfi=(178)
cfn=(1982)
calls=3 0 
0 39
0 21

fn=(2232)
0 24

fn=(2256)
0 1091736
cob=(4)
cfi=(178)
cfn=(2258)
calls=545868 0 
0 54367235

fn=(2262)
0 1091736
cob=(4)
cfi=(178)
cfn=(2264)
calls=545868 0 
0 52183103

fn=(2338)
0 60

fn=(2784)
0 24
cob=(4)
cfi=(178)
cfn=(2786)
calls=6 0 
0 16401

fn=(2790)
0 120
cfn=(1948)
calls=6 0 
0 180
0 66
cob=(4)
cfi=(178)
cfn=(2792)
calls=6 0 
0 1134
0 78
cob=(4)
cfi=(178)
cfn=(708)
calls=6 0 
0 150
0 66
cfn=(2798)
calls=6 0 
0 10734
0 30
cob=(4)
cfi=(178)
cfn=(750)
calls=6 0 
0 48
0 198
cob=(4)
cfi=(178)
cfn=(2816)
calls=6 0 
0 1004
0 156
cfn=(1896)
calls=6 0 
0 900
0 144
cob=(4)
cfi=(178)
cfn=(1776)
calls=6 0 
0 102
0 24

fn=(2972) 0x00000000000eca30
0 2

fn=(3032)
0 48
cob=(4)
cfi=(178)
cfn=(3023)
calls=1 0 
0 144
0 27

fn=(3033)
0 22

fn=(694)
0 142
cob=(4)
cfi=(178)
cfn=(696)
calls=1 0 
0 865
0 7
cob=(4)
cfi=(178)
cfn=(702)
calls=1 0 
0 4877
0 4
cob=(4)
cfi=(178)
cfn=(744)
calls=1 0 
0 2152
0 4
cob=(4)
cfi=(178)
cfn=(756)
calls=1 0 
0 876
0 4
cob=(4)
cfi=(178)
cfn=(744)
calls=1 0 
0 400
0 24
cob=(4)
cfi=(178)
cfn=(762)
calls=1 0 
0 1469
0 4
cob=(4)
cfi=(178)
cfn=(744)
calls=1 0 
0 400
0 8
cob=(4)
cfi=(178)
cfn=(744)
calls=1 0 
0 400
0 8
cob=(4)
cfi=(178)
cfn=(744)
calls=1 0 
0 400
0 5
cob=(4)
cfi=(178)
cfn=(708)
calls=1 0 
0 25
0 5
cob=(4)
cfi=(178)
cfn=(744)
calls=1 0 
0 400
0 29
cob=(4)
cfi=(178)
cfn=(768)
calls=1 0 
0 1230
0 4
cob=(4)
cfi=(178)
cfn=(744)
calls=1 0 
0 400
0 29
cob=(4)
cfi=(178)
cfn=(774)
calls=1 0 
0 1231
0 4
cob=(4)
cfi=(178)
cfn=(744)
calls=1 0 
0 400
0 8
cob=(4)
cfi=(178)
cfn=(744)
calls=1 0 
0 400
0 8
cob=(4)
cfi=(178)
cfn=(744)
calls=1 0 
0 400
0 35
cob=(4)
cfi=(178)
cfn=(780)
calls=1 0 
0 2125
0 4
cob=(4)
cfi=(178)
cfn=(744)
calls=1 0 
0 400
0 8
cob=(4)
cfi=(178)
cfn=(744)
calls=1 0 
0 400
0 8
cob=(4)
cfi=(178)
cfn=(744)
calls=1 0 
0 400
0 4
cob=(4)
cfi=(178)
cfn=(792)
calls=1 0 
0 890
0 4
cob=(4)
cfi=(178)
cfn=(744)
calls=1 0 
0 400
0 4
cob=(4)
cfi=(178)
cfn=(798)
calls=1 0 
0 27401
0 4
cob=(4)
cfi=(178)
cfn=(744)
calls=1 0 
0 400
0 4
cob=(4)
cfi=(178)
cfn=(852)
calls=1 0 
0 876
0 4
cob=(4)
cfi=(178)
cfn=(744)
calls=1 0 
0 400
0 23
cob=(4)
cfi=(178)
cfn=(858)
calls=1 0 
0 1381
0 4
cob=(4)
cfi=(178)
cfn=(744)
calls=1 0 
0 400
0 8
cob=(4)
cfi=(178)
cfn=(744)
calls=1 0 
0 400
0 8
cob=(4)
cfi=(178)
cfn=(744)
calls=1 0 
0 400
0 5
cob=(4)
cfi=(178)
cfn=(708)
calls=1 0 
0 25
0 18
cob=(4)
cfi=(178)
cfn=(744)
calls=1 0 
0 400
0 28
cob=(4)
cfi=(178)
cfn=(864)
calls=1 0 
0 1241
0 4
cob=(4)
cfi=(178)
cfn=(744)
calls=1 0 
0 400
0 27
cob=(4)
cfi=(178)
cfn=(870)
calls=1 0 
0 1209
0 4
cob=(4)
cfi=(178)
cfn=(744)
calls=1 0 
0 400
0 8
cob=(4)
cfi=(178)
cfn=(744)
calls=1 0 
0 400
0 8
cob=(4)
cfi=(178)
cfn=(744)
calls=1 0 
0 400
0 35
cob=(4)
cfi=(178)
cfn=(876)
calls=1 0 
0 2266
0 4
cob=(4)
cfi=(178)
cfn=(744)
calls=1 0 
0 400
0 8
cob=(4)
cfi=(178)
cfn=(744)
calls=1 0 
0 400
0 8
cob=(4)
cfi=(178)
cfn=(744)
calls=1 0 
0 400
0 4
cob=(4)
cfi=(178)
cfn=(888)
calls=1 0 
0 846
0 4
cob=(4)
cfi=(178)
cfn=(744)
calls=1 0 
0 400
0 8
cob=(4)
cfi=(178)
cfn=(744)
calls=1 0 
0 400
0 8
cob=(4)
cfi=(178)
cfn=(744)
calls=1 0 
0 400
0 8
cob=(4)
cfi=(178)
cfn=(744)
calls=1 0 
0 400
0 8
cob=(4)
cfi=(178)
cfn=(744)
calls=1 0 
0 400
0 9
cfn=(894)
calls=1 0 
0 9745
0 3
cob=(4)
cfi=(178)
cfn=(750)
calls=1 0 
0 8
0 5
cob=(4)
cfi=(178)
cfn=(750)
calls=1 0 
0 8
0 4
cob=(4)
cfi=(178)
cfn=(750)
calls=1 0 
0 8
0 5
cob=(4)
cfi=(178)
cfn=(750)
calls=1 0 
0 8
0 5
cob=(4)
cfi=(178)
cfn=(750)
calls=1 0 
0 8
0 4
cob=(4)
cfi=(178)
cfn=(750)
calls=1 0 
0 8
0 5
cob=(4)
cfi=(178)
cfn=(750)
calls=1 0 
0 8
0 4
cob=(4)
cfi=(178)
cfn=(750)
calls=1 0 
0 8
0 13

fn=(760)
0 14
cob=(4)
cfi=(178)
cfn=(708)
calls=1 0 
0 25
0 5

fn=(778)
0 115

fn=(954)
0 14
cob=(4)
cfi=(178)
cfn=(708)
calls=1 0 
0 25
0 2
cob=(4)
cfi=(178)
cfn=(696)
calls=1 0 
0 5
0 5

fn=(1054)
0 840
cob=(4)
cfi=(178)
cfn=(674)
calls=14 0 
0 612

fn=(1226)
0 5
cob=(4)
cfi=(178)
cfn=(1100)
calls=1 0 
0 78

fn=(1878)
0 374
cob=(4)
cfi=(178)
cfn=(1880)
calls=34 0 
0 1445
0 136
cob=(4)
cfi=(178)
cfn=(1884)
calls=34 0 
0 10989
0 170

fn=(1894)
0 860
cob=(4)
cfi=(178)
cfn=(2991)
calls=1 0 
0 144
0 491

fn=(1895)
0 22

fn=(1998)
0 20
cob=(4)
cfi=(178)
cfn=(2000)
calls=2 0 
0 3517
0 12

fn=(2464)
0 1518977

fn=(2684)
0 48

fn=(2968) 0x00000000001b4e80
0 2

fn=(3038)
0 5

ob=(3)
fl=(152)
fn=(480)
26 1
fi=(145) ./math/../sysdeps/x86_64/fpu/multiarch/ifunc-fma.h
+3 4
+1 3
fe=(152)
-4 1

fl=(154)
fn=(488)
27 1
fi=(155) ./math/../sysdeps/x86_64/fpu/multiarch/ifunc-fma4.h
+4 4
+1 2
fe=(154)
-5 1

fl=(151)
fn=(476)
27 1
fi=(145)
+2 4
+1 3
fe=(151)
-3 1

fl=(336)
fn=(2166)
30 2
+7 2
+1 8
+1 4
+2 4
+8 4
+1 4
+20 2

fl=(150)
fn=(472)
27 1
fi=(145)
+2 4
+1 3
fe=(150)
-3 1

fl=(160)
fn=(508)
26 1
fi=(145)
+3 4
+1 3
fe=(160)
-4 1

fl=(153)
fn=(484)
30 1
fi=(145)
-1 4
+1 4
fe=(153)

fl=(164)
fn=(526)
26 1
fi=(147) ./math/../sysdeps/x86_64/fpu/multiarch/ifunc-avx-fma4.h
+6 5
+1 2
fe=(164)
-7 1

fl=(159)
fn=(514)
27 1
fi=(155)
+4 4
+1 2
fe=(159)
-5 1

fn=(504)
35 1
fi=(155)
-4 4
+1 2
+3 1
fe=(159)

fl=(162)
fn=(518)
26 1
fi=(145)
+3 4
+1 3
fe=(162)
-4 1

fl=(188)
fn=(3056) 0x0000000000010430
0 5

fn=(648)
0 12

fn=(3046)
0 9
cob=(4)
cfi=(178)
cfn=(3052)
calls=1 0 
0 134
0 1
cfn=(3056)
calls=1 0 
0 5
0 3

fl=(146)
fn=(460)
27 1
fi=(147)
+5 5
+1 2
fe=(146)
-6 1

fl=(157)
fn=(496)
26 1
fi=(145)
+3 4
+1 3
fe=(157)
-4 1

fl=(149)
fn=(468)
34 1
fi=(147)
-2 5
+1 2
fe=(149)
+1 1

fn=(530)
27 1
fi=(147)
+5 5
+1 2
fe=(149)
-6 1

fl=(148)
fn=(464)
27 1
fi=(145)
+2 4
+1 3
fe=(148)
-3 1

fl=(163)
fn=(522)
27 1
fi=(145)
+2 4
+1 3
fe=(163)
-3 1

fl=(165)
fn=(534)
26 1
fi=(155)
+5 4
+1 2
fe=(165)
-6 1

fl=(144)
fn=(456)
26 1
fi=(145)
+3 4
+1 3
fe=(144)
-4 1

fl=(158)
fn=(500)
27 1
fi=(147)
+5 5
+1 2
fe=(158)
-6 1

fl=(156)
fn=(492)
27 1
fi=(145)
+2 4
+1 3
fe=(156)
-3 1

fl=(161)
fn=(512)
49 6

ob=(9)
fl=(215)
fn=(1480) 0x0000000000002128
0 11
cob=(2)
cfi=(225) ./libio/./libio/iofopen.c
cfn=(1486) fopen@@GLIBC_2.2.5
calls=1 85 
0 605
cob=(1)
cfi=(190)
cfn=(666)
calls=1 71 
0 901
0 5
0 1078
cob=(2)
cfi=(207)
cfn=(1412) __strcasecmp_avx2
calls=4 193 
0 212
0 4
0 38
cob=(2)
cfi=(232) ./libio/./libio/iofgets.c
cfn=(1522) fgets
calls=6 32 
0 1623
cob=(1)
cfi=(190)
cfn=(666)
calls=1 71 
0 894
0 10
0 15
cob=(2)
cfi=(239) ./libio/./libio/iofclose.c
cfn=(1592) fclose@@GLIBC_2.2.5
calls=1 34 
0 570
cob=(1)
cfi=(190)
cfn=(666)
calls=1 71 
0 858
0 5
0 6

fn=(1332)
0 17

fn=(1340)
0 12
cob=(2)
cfi=(216)
cfn=(1350) dlsym@@GLIBC_2.34
calls=1 64 
0 1041
cob=(1)
cfi=(190)
cfn=(666)
calls=1 71 
0 1020
0 5
0 7
cob=(2)
cfi=(216)
cfn=(1350)
calls=1 64 
0 1018
0 1
0 7
cob=(2)
cfi=(216)
cfn=(1350)
calls=1 64 
0 1080
0 1
0 7
cob=(2)
cfi=(216)
cfn=(1350)
calls=1 64 
0 986
0 1
0 7
cob=(2)
cfi=(216)
cfn=(1350)
calls=1 64 
0 1010
0 1
0 7
cob=(2)
cfi=(216)
cfn=(1350)
calls=1 64 
0 998
0 1
0 7
cob=(2)
cfi=(216)
cfn=(1350)
calls=1 64 
0 965
0 1
0 16
cfn=(1402) 0x0000000000001f45
calls=1 0 
0 4213
0 100
cob=(2)
cfi=(207)
cfn=(1412)
calls=10 193 
0 420
0 10
0 65
cob=(2)
cfi=(206) ./stdlib/./stdlib/getenv.c
cfn=(1148) getenv
calls=1 24 
0 1476
cob=(1)
cfi=(190)
cfn=(666)
calls=1 71 
0 942
0 5
0 6
cfn=(1480)
calls=1 0 
0 6835
0 6
cob=(2)
cfi=(241) ./misc/../sysdeps/posix/gethostname.c
cfn=(1636) gethostname
calls=1 28 
0 76
cob=(1)
cfi=(190)
cfn=(666)
calls=1 71 
0 913
0 5
0 6
cob=(2)
cfi=(243) ./sysvipc/../sysdeps/unix/sysv/linux/shmget.c
cfn=(1648) shmget
calls=1 28 
0 11
cob=(1)
cfi=(190)
cfn=(666)
calls=1 71 
0 961
0 5
0 5
cob=(2)
cfi=(244)
cfn=(1658)
calls=1 25 
0 4
cob=(1)
cfi=(190)
cfn=(666)
calls=1 71 
0 999
0 5
0 7
cob=(2)
cfi=(243)
cfn=(1648)
calls=1 28 
0 7
0 1
0 9
cob=(2)
cfi=(245) ./sysvipc/../sysdeps/unix/sysv/linux/shmat.c
cfn=(1672) shmat
calls=1 28 
0 6
cob=(1)
cfi=(190)
cfn=(666)
calls=1 71 
0 869
0 5
0 9

fn=(2900)
0 11
cob=(2)
cfi=(387) ./sysvipc/../sysdeps/unix/sysv/linux/shmdt.c
cfn=(2910) shmdt
calls=1 27 
0 6
cob=(1)
cfi=(190)
cfn=(666)
calls=1 71 
0 916
0 5
0 4
cfn=(2914) 0x0000000000001c97
calls=1 0 
0 2158
0 3

fn=(2914)
0 5
cob=(2)
cfi=(217)
cfn=(1352)
calls=1 77 
0 36
cob=(1)
cfi=(190)
cfn=(666)
calls=1 71 
0 990
0 5
0 9
cob=(2)
cfi=(222)
cfn=(1366)
calls=1 367 
0 26
cob=(1)
cfi=(190)
cfn=(666)
calls=1 71 
0 1079
0 5
0 3

fn=(2944) 0x0000000000001450
0 9

fn=(1402)
0 12
cob=(2)
cfi=(207)
cfn=(1412)
calls=1 193 
0 42
cob=(1)
cfi=(190)
cfn=(666)
calls=1 71 
0 956
0 5
0 5
cob=(2)
cfi=(202)
cfn=(846)
calls=1 52 
0 14
cob=(1)
cfi=(190)
cfn=(666)
calls=1 71 
0 934
0 5
0 130
cob=(2)
cfi=(208)
cfn=(1440)
calls=1 3699 
0 217
cob=(1)
cfi=(190)
cfn=(666)
calls=1 71 
0 929
0 5
0 4
cob=(2)
cfi=(224)
cfn=(1448) memcpy@GLIBC_2.2.5
calls=1 210 
0 11
cob=(1)
cfi=(190)
cfn=(666)
calls=1 71 
0 934
0 5
0 5

fn=(2934)
0 8
cob=(4)
cfi=(178)
cfn=(2940)
calls=1 0 
0 133
0 1
cfn=(2944)
calls=1 0 
0 9
0 3

ob=(2)
fl=(132)
fn=(416)
29 1
fi=(113) ./string/../sysdeps/x86_64/multiarch/ifunc-strncpy.h
+6 5
+1 3
+3 2
+4 3
+3 4
fe=(132)
-17 1

fl=(298) ./signal/../sysdeps/unix/sysv/linux/libc_sigaction.c
fn=(2006) __libc_sigaction
43 8
+5 2
+2 1
fi=(402) ./signal/../string/bits/string_fortified.h
-21 1
fe=(298)
+29 1
fi=(402)
-29 2
fe=(298)
+21 1
+3 1
fi=(402)
-24 3
fe=(298)
+24 1
fi=(402)
-24 3
fe=(298)
+24 2
fi=(402)
-24 1
fe=(298)
+29 1
-5 1
+5 3
fi=(402)
-29 6
fe=(298)
+29 6
+5 2
+8 6

fl=(119)
fn=(376)
29 1
fi=(403) ./string/../sysdeps/x86_64/multiarch/ifunc-sse4_2.h
+7 5
fe=(119)
-7 1

fl=(138)
fn=(436)
29 2
fi=(139) ./string/../sysdeps/x86_64/multiarch/ifunc-evex.h
+9 6
-1 8
+2 6
+6 4
-3 4
+9 6
+3 8
fe=(138)
-25 2

fl=(249) ./csu/../sysdeps/nptl/libc_start_call_main.h
fn=(1704) (below main)
29 4
+15 1
-15 5
+15 1
cfi=(250) ./setjmp/../sysdeps/x86_64/bsd-_setjmp.S
cfn=(1706) _setjmp
calls=1 -16 
* 38
* 1
+2 2
+5 2
+1 2
+3 2
+3 6
cob=(10)
cfi=(253)
cfn=(1712)
calls=1 +56 
* 68385
+16 2
cfi=(381) ./stdlib/./stdlib/exit.c
cfn=(2826) exit
calls=1 +63 
* 202473

fl=(287) ./stdlib/./stdlib/divrem.c
fn=(1864) __mpn_divrem
46 462
+3 66
234 297
62 33
+1 33
-16 33
+18 66
+7 135
+1 12
-1 24
+1 24
-1 24
+4 66
+3 33
+2 33
-13 3
-1 3
+1 3

fl=(378) ./dlfcn/./dlfcn/libc_dlerror_result.c
fn=(2754) __libc_dlerror_result_free
29 10
+1 8
+9 6

fl=(91)
fn=(310)
30 1
fi=(92) ./wcsmbs/../sysdeps/x86_64/multiarch/ifunc-wcslen.h
+11 2
-1 4
+2 3
+3 2
+4 3
+3 3
fe=(91)
-22 1

fl=(259) ./io/../sysdeps/unix/sysv/linux/open64_nocancel.c
fn=(1756) __open_nocancel
28 2
+3 1
-3 6
+3 6
+8 7
+2 5

fl=(102)
fn=(338)
29 3
fi=(103) ./string/../sysdeps/x86_64/multiarch/ifunc-memmove.h
+28 9
-1 6
+4 9
+14 6
+3 6
+8 6
+8 6
+3 15
fe=(102)

fl=(267) ./stdlib/../sysdeps/x86_64/lshift.S
fn=(1790) __mpn_lshift
28 15
+1 15
+1 15
+2 15
+1 15
+1 15
+12 15
+1 15
+1 15
+1 15
+1 15
+1 15
+1 15
+6 15
+1 15
+1 15

fl=(270) ./stdlib/../sysdeps/ieee754/dbl-64/mpn2dbl.c
fn=(1798) __mpn_construct_double
29 2
+10 2
-6 2
+7 20
+6 2
+1 4

fl=(130)
fn=(404)
31 1
fi=(118) ./string/../sysdeps/x86_64/multiarch/ifunc-strcasecmp.h
+6 2
-1 4
fe=(130)
-5 2
fi=(118)
+7 3
+3 2
+4 3
+3 4
fe=(130)

fl=(285) ./nptl/./nptl/alloca_cutoff.c
fn=(1858) __libc_alloca_cutoff
27 13
+1 117
+7 13

fl=(100)
fn=(334)
31 1
fi=(101) ./wcsmbs/../sysdeps/x86_64/multiarch/ifunc-wcs.h
+9 3
-1 4
+2 3
+3 2
+4 4
fe=(100)
-17 1

fl=(142)
fn=(446)
33 1
fi=(103)
+24 3
-1 2
+4 3
+14 2
+3 2
+8 2
+8 2
+3 5
fe=(142)

fl=(276) ./stdio-common/./stdio-common/Xprintf_buffer_write.c
fn=(1838) __printf_buffer_write
27 78
+1 234
-1 546
+4 272
+2 116
+3 58
fi=(283) ./stdio-common/../string/bits/string_fortified.h
-7 58
fe=(276)
+8 116
fi=(283)
-8 58
fe=(276)
+12 58
fi=(283)
-12 58
cob=(4)
cfi=(178)
cfn=(1556)
calls=58 -29 
* 992
fe=(276)
+11 174
-9 116
+2 174
+11 468

fl=(379) ./nptl/./nptl/nptl_free_tcb.c
fn=(2766) __nptl_free_tcb
25 2
+2 4
-2 10
+6 6
+11 2
+2 4
-2 2
cfi=(307) ./nptl/./nptl/nptl-stack.c
cfn=(2768) __nptl_deallocate_stack
calls=2 +70 
* 88

fl=(224)
fn=(1448)
210 1
+1 1
+6 1
+1 1
+90 1
+1 1
+55 1
+1 1
+1 1
+1 1
+1 1

fn=(1918)
242 57
+1 57
+1 57
+1 57
+17 57
+1 57
+2 1
+1 1
+1 1
+3 1
+1 1
+1 1
+3 2
+30 56
+1 56
+2 50
+1 50
+2 40
+4 40
+1 28
+1 28
+1 28
+1 28
+1 12
+1 12
+2 12
+2 12
-2 16
+2 16
+6 12
+1 12
+1 12
+1 12
+1 12
+7 6
+1 6
+1 6
+1 6
+2 6
+17 10
+1 10
+1 10
+1 10
+1 10

fn=(1558)
255 73286
+1 73286
+6 73286
+1 73286
+2 25052
+1 25052
+1 25052
+3 23222
+1 23222
+1 23222
+3 46444
+30 48234
+1 48234
+2 15395
+1 15395
+2 1628
+4 1628
+1 34
+1 34
+1 34
+1 34
+1 16
+1 16
+2 16
+2 16
-2 18
+2 18
+6 1594
+1 1594
+1 1594
+1 1594
+1 1594
+7 32839
+1 32839
+1 32839
+1 32839
+2 32839
+17 13767
+1 13767
+1 13767
+1 13767
+1 13767
+7 738
+1 738
+1 738
+1 738
+1 738
+1 738
+1 1476
+5 1830
+1 1830
+5 1824
+1 1824
+2 1367
+1 1367
+1 1367
+2 629
+1 629
+1 629
+1 629
+1 629
+1 629
+1 629
+1 629
+1 629
+1 629
+1 629
+1 629
+1 629
+1 629
+1 1258
+4 457
+1 457
+4 457
+2 457
+4 457
+1 457
+11 457
+3 457
+2 457
+2 457
+4 457
+1 457
+9 404
+1 404
+2 404
+2 404
+1 404
+1 404
+3 404
+2 404
+2 404
+2 808
+6 404
+1 404
+1 404
+1 404
+1 404
+1 404
+1 404
+1 404
+1 404
+1 404
+1 404
+1 404
-11 976
+1 976
+1 976
+1 976
+1 976
+1 976
+1 976
+1 976
+1 976
+1 976
+1 976
+1 976
+2 404
+1 404
+1 404
+1 404
+2 404
+4 808
+13 53
+1 53
+2 53
+1 53
+1 53
+2 53
+2 53
+2 106
+6 53
+1 53
+1 53
+1 53
+1 53
+1 53
+1 53
+1 53
+1 53
+1 53
+1 53
+1 53
-11 370
+1 370
+1 370
+1 370
+1 370
+1 370
+1 370
+1 370
+1 370
+1 370
+1 370
+1 370
+2 53
+1 53
+1 53
+1 53
+2 53
+1 106
+9 6
+7 6
+1 6
+6 4
+3 4
+2 4
+3 4
+1 4
+2 4
+2 98148
+2 4
+2 4
+2 8
+5 6
+1 6
+4 6
+2 6
+3 6
+4 6
+1 6
+4 6
+4 6
+24 2
+2 2
+2 2
+2 2
+3 2
+1 2
+2 130978
+3 2
+2 2
+2 4

fl=(216)
fn=(1356)
37 42
+3 28
cfi=(219) ./elf/./elf/dl-sym.c
cfn=(1358) _dl_sym
calls=7 194 
* 5257
* 7
+1 21

fn=(1350)
64 42
+1 42
-13 7
+16 7
-20 7
+1 7
+3 7
-5 7
+5 7
cfi=(217)
cfn=(1352)
calls=7 +25 
* 308
+2 21
cfi=(218) ./dlfcn/./dlfcn/dlerror.c
cfn=(1354) _dlerror_run
calls=7 +59 
* 6300
* 21
+2 14
cfi=(222)
cfn=(1366)
calls=7 367 
* 238
+13 63

fl=(371) ./stdlib/./stdlib/cxa_thread_atexit_impl.c
fn=(2740) __call_tls_dtors
148 12
+1 3
-1 3
+1 9
+16 12

fl=(117)
fn=(372)
31 2
fi=(118)
+6 4
-1 8
fe=(117)
-5 4
fi=(118)
+7 6
+3 4
+4 6
+3 8
fe=(117)

fl=(133)
fn=(420)
29 1
fi=(134) ./wcsmbs/../sysdeps/x86_64/multiarch/ifunc-memcmp.h
+5 5
+1 2
+1 2
+1 3
+3 2
+4 3
+3 4
fe=(133)
-18 2

fl=(141)
fn=(442)
31 1
fi=(101)
+9 3
-1 4
+2 3
+3 2
+4 4
fi=(404) ./wcsmbs/../sysdeps/x86_64/multiarch/wcpncpy.c
-17 1
fe=(141)

fl=(228) ./nptl/./nptl/libc-cleanup.c
fn=(1498) __libc_cleanup_push_defer
24 11
+1 11
+2 22
+2 22
+3 22
+14 33
+2 11
+1 11

fn=(1500) __libc_cleanup_pop_restore
54 11
+1 11
+2 22
+2 11
+1 33
+11 11

fl=(311) ./misc/../sysdeps/unix/sysv/linux/x86_64/clone.S
fn=(2042) clone
52 2
+2 2
+1 2
+1 2
+3 2
+1 2
+3 2
+2 2
+4 2
+3 2
+1 2
+1 2
+1 2
+1 2
+5 2
+2 4
+1 4
+1 4
+2 2
+8 2
+3 2
+1 2
+1 2
cfi=(297)
cfn=(2078) start_thread
calls=2 338 
* 1258322936

fl=(212) ./misc/./misc/sbrk.c
fn=(1180) sbrk
37 16
+3 2
+3 2
-3 2
+3 2
+35 7
-20 4
+4 4
+4 4
+8 1
cfi=(213) ./misc/../sysdeps/unix/sysv/linux/brk.c
cfn=(1182) brk
calls=1 -38 
* 9
* 2
+4 7
-19 2
cfi=(213)
cfn=(1182)
calls=1 -23 
* 9
* 2
+4 2

fl=(196)
fn=(814)
30 14
+1 42
+2 28
+3 28
+1 14
+28 42
+1 42
+2 42
+4 42
+1 14

fl=(194)
fn=(738)
43 15
+12 2
277 12
63 2
+3 1
-10 1
+10 2
+7 3
+2 1
-2 1

fl=(203)
fn=(850)
73 18539
+7 18539
+1 18539
+3 1
+1 1
+1 1
+4 1
+1 1
+2 1
+1 1
+3 1
+1 1
+1 1
+3 1
+1 1
+3 1
+1 1
+3 1
+1 1
+1 1
+1 1
+1 1
+1 1
+1 1
+1 1
+1 1
+1 1
+3 1
+1 1
+6 1
+1 1
+1 1
+1 1
+4 1
+1 1
+2 1
+1 1
+1 1
+1 1
+3 1
+1 1
+1 1
+1 1
+1 1
+1 1
+2 2
+4 10715
+10 10715
+1 10715
+1 10715
+3 21430
401 18538
+1 18538
+5 18538
+1 18538
+1 18538
+1 18538
+1 18538
+3 16876
+1 16876
+1 16876
+1 16876
+3 16876
+1 16876
+1 7434
+1 14868
+6 1662
+1 1662
+82 1662
+1 1662
+1 1662
+1 1662
+1 1662
+4 389
+1 389
+1 389
+1 389
+1 389
+1 389
+2 389
+2 389

fl=(225)
fn=(1486)
85 7
-20 1
+20 2
-20 1
cob=(4)
cfi=(178)
cfn=(1488)
calls=1 -65 
* 189
+2 3
+3 1
+2 2
-2 1
+2 5
cfi=(226) ./libio/./libio/genops.c
cfn=(1490) _IO_no_init
calls=1 563 
* 56
+1 1
+1 1
-1 1
+1 1
cfi=(227) ./libio/./libio/fileops.c
cfn=(1494) _IO_new_file_init_internal
calls=1 +32 
* 102
+1 5
cfi=(227)
cfn=(1502) _IO_file_fopen@@GLIBC_2.2.5
calls=1 213 
* 215
* 2
-38 2
+50 7

fl=(233) ./libio/./libio/iogetline.c
fn=(1524) _IO_getline
33 6
+1 12
cfn=(1526) _IO_getline_info
calls=6 +15 
* 1209

fn=(1526)
49 90
+2 12
+2 18
+2 24
+28 5
+2 10
-2 10
+2 5
cob=(4)
cfi=(178)
cfn=(1552)
calls=5 -85 
* 124
* 5
+1 10
-29 21
+1 14
+2 4
cfi=(226)
cfn=(1528) __uflow
calls=2 299 
* 614
+1 4
+6 2
+11 1
-1 2
-22 3
+20 2
+32 8
-19 10
+1 10
-1 5
+2 15
+2 5
+2 10
fi=(405) ./libio/../string/bits/string_fortified.h
-65 25
cob=(4)
cfi=(178)
cfn=(1556)
calls=5 -29 
* 82
fe=(233)
+68 5
+1 5
-1 5
+10 40
-44 2
-9 2

fl=(374) ./sunrpc/./sunrpc/rpc_thread.c
fn=(2746) __rpc_thread_destroy
21 8
+1 2
-1 2
+1 2
+2 4
+15 8

fl=(234) ./libio/./libio/filedoalloc.c
fn=(1536) _IO_file_doallocate
78 22
+6 8
fi=(236) ./libio/./libio/libioP.h
1025 6
+1 4
fe=(234)
84 6
cfi=(227)
cfn=(1538) _IO_file_stat
calls=2 1147 
* 18
* 4
+2 8
+11 8
+4 4
cob=(4)
cfi=(178)
cfn=(1488)
calls=2 0 
* 348
* 2
+1 4
+2 8
cfi=(226)
cfn=(1542) _IO_setb
calls=2 329 
* 58
+1 2
+1 18

fl=(205)
fn=(1146)
28 1
+1 5
cfi=(206)
cfn=(1148)
calls=1 -5 
* 1434

fl=(207)
fn=(1152)
206 33
+24 33
+5 33
+14 33
+25 33
+1 33
+1 33
+2 33
+1 33
+4 31
+4 31
+2 31
+2 31
+3 31
+2 31
+1 31
+11 31
+10 31
+1 31
+3 31
+4 62
+5 31
+1 31
+1 31
957 3
+1 3
+1 3
+1 3
+2 3
+3 3
+1 3
+27 2
+1 2
+1 2
+1 2
+1 2
+1 2
+2 2
+47 2
+1 2
+3 2
+1 2
+1 2
+3 4
+7 2
+1 2
+1 2
+1 2
+10 3
+1 3
+3 2
+1 2
+1 2
+1 2
+6 2
+2 2
+3 2
+1 2

fn=(1412)
193 15
+1 15
+1 30
+11 15
+9 15
+2 15
+1 15
+1 15
+30 15
+21 15
+1 15
+1 15
+2 15
+1 15
+1 15
+2 15
+1 15
+4 15
+4 150
+2 15
+2 15
+3 15
+9 15
+1 15
+4 15
+10 15
+1 15
+1 15
+1 15
+1 15
+4 30
953 4
+1 4
+3 4
+1 4
+1 4
+1 4
+2 4
+3 4
+1 4
+4 4
+1 4

fl=(291) ./stdio-common/./stdio-common/Xprintf_buffer_done.c
fn=(1872) __printf_buffer_done
25 18
+1 54
+5 36
+2 216
+7 18

fl=(329) ./stdlib/../sysdeps/x86_64/mul_1.S
fn=(2112) __mpn_mul_1
31 32
+1 32
+3 32
+1 32
+1 32
+1 32
+1 32
+2 32
+1 32
+2 32
+1 32
+1 32
+1 32
+1 29
+2 29
+1 29
+1 29
+1 29
+26 3
+1 3
+1 3
+1 3
+1 3
+1 3
+1 3
+1 3
+1 3
+26 3
+1 3
+1 3
+2 3
+1 3
+1 3
+1 3
+1 3
+1 3
+2 3
+3 3
-5 29
+2 29
+3 29

fl=(177) ./nptl/./nptl/pthread_mutex_conf.c
fn=(578) __pthread_tunables_init
55 2
+1 2
-1 2
+1 2
-1 4
+1 1
cob=(4)
cfi=(178)
cfn=(580)
calls=1 -56 
* 26
+2 4
cob=(4)
cfi=(178)
cfn=(580)
calls=1 -58 
* 25
+2 4
cob=(4)
cfi=(178)
cfn=(580)
calls=1 -60 
* 26
+2 6

fl=(229) ./io/../sysdeps/unix/sysv/linux/open64.c
fn=(1506) open
30 2
+3 1
-3 10
+3 6
+8 9
+2 8

fl=(250)
fn=(1706)
28 3
+2 3
+2 3
cfi=(251) ./setjmp/../sysdeps/x86_64/setjmp.S
cfn=(1708) __sigsetjmp
calls=3 -1 
* 105

fl=(294)
fn=(1986)
30 5
+8 10
+2 10
+28 10
+1 10
-25 10

fl=(299) ./nptl/./nptl/pthread_getattr_default_np.c
fn=(2008) pthread_getattr_default_np@@GLIBC_2.34
24 4
+1 4
-1 8
+1 4
+1 6
cfi=(300) ./nptl/./nptl/pthread_attr_copy.c
cfn=(2010) __pthread_attr_copy
calls=2 -1 
* 90
+1 8
+2 6

fl=(217)
fn=(1352)
77 11
+3 33
+2 11
+2 22
-7 44
+11 22
+2 3
-46 1
+1 4
+3 4
+46 3
+85 11
+3 11
+2 11
+3 11
-63 11
+66 33
-93 20
+11 40
+4 10
+3 20
-71 10
+1 61
+1 7
+84 30
+1 20
-83 12

fl=(95)
fn=(318)
29 1
fi=(92)
+12 2
-1 4
+2 3
+3 2
+4 3
+3 3
fe=(95)
-23 1

fl=(261)
fn=(1760)
125 3
+1 15
cfi=(262) ./stdlib/../stdlib/strtol_l.c
cfn=(1762) ____strtoul_l_internal
calls=3 238 
* 376

fn=(1810)
125 2
+1 10
cfi=(262)
cfn=(1812) ____strtol_l_internal
calls=2 238 
* 202

fl=(200) ./iconv/./iconv/gconv_simple.c
fn=(830) __gconv_btwoc_ascii
49 128
+2 512
+3 128

fl=(372) ./nptl/./nptl/nptl_deallocate_tsd.c
fn=(2742) __nptl_deallocate_tsd
23 2
+5 8
+82 2

fl=(135)
fn=(424)
29 1
fi=(97) ./debug/../sysdeps/x86_64/multiarch/ifunc-memmove.h
+28 3
-1 2
+4 3
+14 2
+3 2
+8 2
+8 2
+3 5
fe=(135)

fl=(174) ./ctype/./ctype/ctype-info.c
fn=(572) __ctype_init
29 3
+2 21
+2 12
+2 12
+1 3

fl=(244)
fn=(1658)
25 6
+1 12
+1 6

fl=(375) ./resolv/./resolv/res-close.c
fn=(2748) __res_thread_freeres
131 14
+1 2
cfi=(376) ./resolv/./resolv/resolv_context.c
cfn=(2750) __resolv_context_freeres
calls=2 242 
* 44
+2 10
+8 12

fl=(230) ./string/../string/strstr.c
fn=(1508) __GI_strstr
77 9
+5 1
-5 3
+5 2
+2 4
cob=(4)
cfi=(178)
cfn=(1510)
calls=1 -84 
* 23
* 1
+1 2
+1 2
+75 12

fl=(239)
fn=(1592)
34 8
+14 3
+9 1
fi=(236)
1025 3
+1 2
fe=(239)
57 3
cfi=(227)
cfn=(1620) _IO_file_finish@@GLIBC_2.2.5
calls=1 168 
* 34
+1 3
+13 2
fi=(236)
951 4
+1 4
+6 2
cob=(4)
cfi=(178)
cfn=(1606)
calls=1 0 
* 87
fe=(239)
76 7
-27 1
cfi=(226)
cfn=(1594) _IO_un_link
calls=1 +4 
* 104
+2 8
+1 2
+1 2
cfi=(227)
cfn=(1598) _IO_file_close_it@@GLIBC_2.2.5
calls=1 +75 
* 271
fi=(236)
979 1
fe=(239)
53 1
fi=(236)
979 3
+1 9
fe=(239)
51 5

fl=(327)
fn=(2104)
25 121
+3 8
+4 4
-4 4
+4 4
+1 4
-1 4
-4 4
+4 12
+1 4
cfi=(275) ./stdio-common/./stdio-common/vfprintf-internal.c
cfn=(2106) __vfprintf_internal
calls=4 1522 
* 9784
-8 9
+3 6
+4 3
-4 3
+4 3
+1 3
-1 3
-4 3
+4 9
+1 3
cfi=(275)
cfn=(2106)
calls=3 1522 
* 3020
+4 35

fl=(123)
fn=(384)
31 1
fi=(118)
+6 2
-1 4
fe=(123)
-5 2
fi=(118)
+7 3
+3 2
+4 3
+3 4
fe=(123)

fl=(377) ./string/../sysdeps/unix/sysv/linux/tls-internal.c
fn=(2752) __glibc_tls_internal_free
24 10
+1 2
+1 4
cob=(4)
cfi=(178)
cfn=(1606)
calls=2 -26 
* 12
+1 2
+1 4
-1 2
cob=(4)
cfi=(178)
cfn=(1606)
calls=2 -27 
* 12

fl=(381)
fn=(2826)
137 2
+1 3
-1 1
+1 1
cfn=(2828) __run_exit_handlers
calls=1 38 
* 202466

fn=(2828)
38 12
+2 2
+3 5
+11 2
+2 2
+38 2
-30 51
+2 16
+1 16
-1 16
+3 134
+44 15
+13 1
-66 1
+66 3
+2 2
+3 2
cfi=(389) ./posix/../sysdeps/unix/sysv/linux/_exit.c
cfn=(3122) _Exit
calls=1 27 
* 4
-29 5
+1 5
-2 5
+3 5
+3 5
-3 10
+3 15
+1 15
cob=(1)
cfi=(382)
cfn=(2852)
calls=1 -82 
* 14471
cob=(10)
cfi=(362)
cfn=(2846)
calls=1 +1 
* 44
cob=(10)
cfi=(356)
cfn=(2836)
calls=1 -26 
* 430
cob=(10)
cfi=(339)
cfn=(2830)
calls=2 733 
* 186622
+1 20
+10 3
+1 2
-79 1
cfi=(371)
cfn=(2740)
calls=1 148 
* 13
* 1
+88 1
cfi=(226)
cfn=(3112) _IO_cleanup
calls=1 842 
* 506
* 1

fl=(116)
fn=(370)
67 1
-23 2
-1 4
+24 2
-22 3
+3 2
+4 3
+3 4

fl=(125)
fn=(392)
29 3
fi=(126) ./string/../sysdeps/x86_64/multiarch/ifunc-memcmp.h
+5 15
+1 6
+1 6
+1 9
+3 6
+4 9
+3 12
fe=(125)
-18 6

fl=(206)
fn=(1148)
24 18
+1 16
+3 2
cob=(4)
cfi=(178)
cfn=(844)
calls=2 -28 
* 32
+1 2
-1 2
+1 1124
+2 560
+1 132
cob=(4)
cfi=(178)
cfn=(1150)
calls=33 -32 
* 938
* 66
+5 18

fl=(260) ./io/../sysdeps/unix/sysv/linux/read_nocancel.c
fn=(1758) __read_nocancel
25 1
+1 4
+1 1

fl=(292)
fn=(1902)
31 348
+1 58
-1 58
+1 58
-1 116
+4 348
+2 874
+1 175
+1 1
fi=(236)
1025 1
fe=(292)
39 1
fi=(236)
1025 1
+1 2
fe=(292)
39 57
fi=(236)
1025 57
fe=(292)
39 57
fi=(236)
1025 57
+1 114
fe=(292)
39 290
cfi=(227)
cfn=(1904) _IO_file_xsputn@@GLIBC_2.2.5
calls=58 1198 
* 4251
+6 116
fi=(236)
979 116
fe=(292)
45 116
+1 58
+3 522
-11 114
fi=(236)
980 564
fe=(292)
37 64

fl=(306)
fn=(2028)
158 78838
+1 157676
+5 78838
+1 78838
+1 78837
+1 78837
+1 78837
+13 78461
+1 78461
+2 156922
+53 78837
+1 78837
+6 78836
+1 78836
+12 78836
+3 78836
+1 78836
+12 375
+1 375
+13 375
+1 375
+2 375
+3 81
+3 81
+3 81
+1 81
+1 81
+1 81
+1 81
+1 81
+1 81
-6 135
+1 135
+1 135
+1 135
+1 135
+1 135
+1 216
+3 81
+1 81
+1 81
+1 81
+3 162
-6 294
+1 294
+1 294
+1 294
+3 588
+11 1
+1 1
+1 1
+1 98317
+1 1
+1 2
+7 1
+9 1
+1 1
+5 1
+1 1
+36 1
+1 1
+5 1

fl=(85)
fn=(298)
86 1
fi=(86) ./string/../sysdeps/x86/cacheinfo.h
-27 1
+3 3
+2 1
+1 1
-1 2
+7 3
+2 1
+1 1
-1 2
+5 2
+2 2
+1 2
+1 2
+2 2
+2 2
fe=(85)

fl=(219)
fn=(1358)
194 91
88 7
+7 14
+34 14
+28 7
+16 7
-16 14
+5 7
51 14
162 14
+6 42
+2 7
fi=(220) ./elf/./dl-sym-post.h
41 14
+12 28
fe=(219)
196 70
-50 42
cob=(1)
cfi=(82)
cfn=(288)
calls=7 772 
* 4347
* 28
fi=(220)
24 14
cob=(4)
cfi=(178)
cfn=(1362)
calls=7 -24 
* 329
* 7
fe=(219)
133 7
fi=(220)
25 14
fe=(219)
133 14
fi=(220)
26 14
fe=(219)
143 56
+3 35

fl=(240) ./io/../sysdeps/unix/sysv/linux/close_nocancel.c
fn=(1604) __close_nocancel
25 2
+1 8
+1 2

fl=(241)
fn=(1636)
28 7
+4 1
-4 6
+4 1
cfi=(242) ./posix/../sysdeps/unix/syscall-template.S
cfn=(1638) uname
calls=1 +88 
* 6
* 2
+3 4
cob=(4)
cfi=(178)
cfn=(844)
calls=1 -35 
* 16
+1 1
-1 1
+1 18
+2 2
+6 11

fl=(262)
fn=(1812)
238 10
+54 2
-54 2
+19 2
-19 8
+14 2
-14 6
+26 4
+31 8
+9 12
+2 4
+5 4
-1 2
+6 4
+4 4
+15 4
+10 8
-87 4
395 2
+56 10
+26 2
+1 2
-84 2
-1 2
+96 4
-5 4
+5 2
+1 6
-41 4
+2 8
+2 6
+28 6
+3 4
+11 4
+5 6
+1 2
+5 4
+3 2
+15 2
-15 4
-2 4
+39 16
342 4

fn=(1762)
238 15
+54 3
-54 3
+19 3
-19 12
+14 3
-14 9
+26 6
+31 12
+9 18
+2 6
+5 6
-1 3
+6 6
+4 6
+15 4
+10 12
-87 3
390 9
+1 9
+4 3
+56 15
+26 3
+1 3
-84 3
-1 3
+96 6
-5 10
+5 5
+1 15
-41 10
+2 20
+2 21
+7 4
+17 4
+4 15
+3 10
+11 6
+5 9
+1 3
+12 6
+11 15
+22 27
327 2
+15 6
-20 2
+5 2

fl=(281) ./stdlib/../sysdeps/ieee754/dbl-64/dbl2mpn.c
fn=(1850) __mpn_extract_double
33 13
+2 13
-2 26
+4 39
+1 65
+9 26
+9 13
-9 13
+9 26
+4 6
+2 3
+45 6
-4 10
+4 10
-4 10
+4 10

fl=(333)
fn=(2136)
24 4
+1 2
-1 1
+1 1
cfi=(334) ./time/../sysdeps/unix/sysv/linux/clock_nanosleep.c
cfn=(2138) clock_nanosleep@@GLIBC_2.17
calls=1 +38 
* 84
+1 2
+6 2

fl=(202)
fn=(846)
52 146
+13 146
+1 146
+1 146
+3 146
+2 146
+1 146
+3 146
+1 146
+8 146
+1 146
+1 145
+5 290
+26 1
+13 1
+1 1
+1 1
+6 2
+82 1
+15 1
+6 1
+1 1
+1 1

fl=(305) ./misc/../sysdeps/unix/syscall-template.S
fn=(2764) madvise
117 10
+5 2

fn=(2020) mprotect
117 505
+5 101

fn=(2156) munmap
117 20
+5 4

fl=(89)
fn=(306)
29 1
fi=(403)
+7 5
fe=(89)
-7 1

fl=(211) ./malloc/./malloc/morecore.c
fn=(1178) __glibc_morecore
25 2
+1 4
-1 4
+4 2
cfi=(212)
cfn=(1180)
calls=2 +8 
* 77
+1 4
+4 4

fl=(310) ./misc/../sysdeps/unix/sysv/linux/x86_64/clone3.S
fn=(2040) clone3
42 1
+2 1
+1 1
+1 1
+1 1
+1 1
+4 1
+3 1
+5 1
+2 1
+1 1
+23 5

fl=(197)
fn=(820)
30 1280
+9 384
+6 128
-1 256
+35 1152

fl=(389)
fn=(3122)
27 2
+3 2

fl=(179) ./nptl/../sysdeps/unix/sysv/linux/x86/elision-conf.c
fn=(582) __lll_elision_init
92 2
+4 1
-4 2
+4 2
-4 1
+4 1
-4 3
+4 1
cob=(4)
cfi=(178)
cfn=(580)
calls=1 -96 
* 26
+2 4
cob=(4)
cfi=(178)
cfn=(580)
calls=1 -98 
* 26
+2 4
cob=(4)
cfi=(178)
cfn=(580)
calls=1 0 
* 26
+2 4
cob=(4)
cfi=(178)
cfn=(580)
calls=1 0 
* 26
+2 4
cob=(4)
cfi=(178)
cfn=(580)
calls=1 0 
* 26
+3 3
+1 1
+1 6

fl=(213)
fn=(1182)
36 2
fi=(406) ./misc/../sysdeps/unix/sysv/linux/brk_call.h
-12 4
fe=(213)
+13 4
+1 4
+6 2
+1 2

fl=(199) ./elf/./elf/libc-dl-profstub.c
fn=(828) _dl_mcount_wrapper_check
36 128
+1 384
+1 128

fl=(107)
fn=(348)
65 1
-22 2
+1 1
-2 4
+2 2
+3 2
+4 3
+3 3
+11 1

fl=(175) ./resource/../sysdeps/unix/sysv/linux/getrlimit64.c
fn=(574) getrlimit
38 2
+1 7
+1 1

fl=(93)
fn=(314)
29 2
fi=(94) ./string/../sysdeps/x86_64/multiarch/ifunc-memset.h
+25 10
+3 6
+7 4
+9 4
+2 4
+10 4
+8 4
+3 10
fe=(93)

fl=(108)
fn=(350)
29 1
fi=(109) ./debug/../sysdeps/x86_64/multiarch/ifunc-memset.h
+25 5
+3 3
+7 2
+9 2
+2 2
+10 2
+8 2
+3 5
fe=(108)

fl=(136)
fn=(428)
33 1
fi=(122) ./string/../sysdeps/x86_64/multiarch/ifunc-strcpy.h
+5 2
+1 1
-1 2
+1 2
+3 2
+4 3
+3 3
fe=(136)
-16 1

fl=(201)
fn=(842)
26 80
+7 10
-7 30
+3 10
cob=(4)
cfi=(178)
cfn=(844)
calls=10 -29 
* 160
* 10
+3 30
+1 10
+7 48
+1 96
-8 48
+2 96
cob=(4)
cfi=(178)
cfn=(844)
calls=48 -35 
* 768
* 20
cob=(4)
cfi=(178)
cfn=(844)
calls=10 -35 
* 160
* 58
+2 312
cob=(4)
cfi=(178)
cfn=(848)
calls=49 -37 
* 1146
* 98
+8 20
+1 10
+1 80

fl=(235) ./io/../sysdeps/unix/sysv/linux/fstat64.c
fn=(1540) fstat
30 2
+9 8
+33 2

fl=(127)
fn=(396)
31 2
fi=(128) ./wcsmbs/../sysdeps/x86_64/multiarch/ifunc-wmemset.h
+5 10
+1 6
fe=(127)
-6 2

fl=(173)
fn=(570)
33 9
+2 1
cfi=(174)
cfn=(572)
calls=1 -6 
* 17
+3 1
fi=(176) ./elf/../sysdeps/nptl/pthread_early_init.h
-5 2
fe=(173)
+8 1
-3 1
+3 1
fi=(176)
-8 1
cfi=(175)
cfn=(574)
calls=1 +5 
* 10
* 3
+1 1
+4 5
+7 1
fi=(407) ./elf/../nptl/nptl-stack.h
+16 3
fi=(176)
-16 1
fi=(407)
+16 2
fi=(176)
-7 1
fi=(407)
+7 3
fi=(176)
-9 1
-6 1
+2 2
+4 4
+1 1
+3 1
cfi=(177)
cfn=(578)
calls=1 -1 
* 104
fe=(173)
-9 3
+2 2
-2 1
cfi=(179)
cfn=(582)
calls=1 +45 
* 169

fl=(302) ./misc/../sysdeps/unix/sysv/linux/getpagesize.c
fn=(2014) getpagesize
27 4
+1 16
+2 4

fl=(376)
fn=(2750)
242 18
+2 4
+1 2
+1 4
+6 16

fl=(124)
fn=(388)
31 1
fi=(88) ./string/../sysdeps/x86_64/multiarch/ifunc-avx2.h
+9 3
-2 4
fe=(124)
-7 2
fi=(88)
+10 2
+1 3
+3 2
+4 3
+3 5
fe=(124)

fl=(252) ./setjmp/./setjmp/sigjmp.c
fn=(1710) __sigjmp_save
28 18
+2 6
-1 3
+5 12

fl=(208)
fn=(1184) alloc_perturb
1985 3807
+2 1269

fn=(1614) _int_free_merge_chunk
4665 3375
+1 675
-1 2025
+5 4050
+3 1350
+5 2025
+3 1350
+1 1350
+1 1350
1992 2025
4689 1350
+2 573
+2 573
-1 573
+2 2292
+2 1146
cfn=(2364) unlink_chunk.isra.0
calls=573 1608 
* 13782
+18 1350
+6 1326
+4 622
+9 622
-1 622
+1 1866
+1 1244
-1 41
-1 41
+1 123
+1 82
+2 663
+2 1326
+5 663
+1 663
+2 1989
+1 663
-45 663
-1 1326
+1 3978
-1 663
cfn=(1616) _int_free_maybe_consolidate
calls=663 +69 
* 45463
+1 12
-1 24
+1 72
-1 12
cfn=(1616)
calls=12 +69 
* 342
+39 1749
+16 12
+1 36
+1 24
-37 41
+1 41
-1 41
cfn=(2364)
calls=41 1608 
* 951
+1 41
-47 3
-2 2

fn=(2368) sysmalloc_mmap.isra.0
2400 10
+13 6
-13 2
+18 4
+3 18
cfi=(304) ./misc/../sysdeps/unix/sysv/linux/mmap64.c
cfn=(2018) mmap
calls=2 47 
* 52
* 2
+3 4
+4 4
2008 8
2432 8
cfi=(323) ./misc/../sysdeps/unix/sysv/linux/setvmaname.c
cfn=(2088) __set_vma_name
calls=2 33 
* 42
+16 6
+19 2
-1 2
+5 2
-4 4
+4 4
+1 10
+3 6
+1 10
+5 14

fn=(1164)
3294 4366976
+7 1091744
1326 1091742
+19 2641305
3311 915634
+2 2183488
+3 1091740
+10 4984
+8 19888
+2 7458
cfn=(1176) _int_malloc
calls=2486 3846 
* 634730
+3 4972
+8 9944
+4 7458
fi=(209) ./malloc/./malloc/arena.c
153 7452
-98 2483
+92 12415
fe=(208)
3351 2483
fi=(209)
147 2483
+6 2483
fe=(208)
3351 4968
+3 14952
3248 8
cfn=(1174) tcache_init.part.0
calls=2 -6 
* 1772
+68 4
+1 4
+1 1637343
3178 1086760
+4 1086760
+4 543380
+4 543380
-4 1630140
+4 543380
+1 543380
3354 3260280
-26 24
cfn=(1176)
calls=6 3846 
* 817
+1 30
fi=(209)
153 12
264 1
cfn=(1168) ptmalloc_init.part.0
calls=1 -2 
* 1151
fe=(208)
1326 2

fn=(1440)
3699 6
+10 3
-10 21
+10 24
+8 6
+3 9
+2 6
+3 16
+7 2
+8 2
-7 4
+7 4
+14 6
cfn=(1176)
calls=2 +92 
* 280
+2 19
fi=(209)
153 6
fe=(208)
3732 1
+1 1
+21 2
-21 2
+21 1
cfn=(1176)
calls=1 +92 
* 143
+2 2
+81 8
-68 8
+15 2
+3 8
+9 3
-12 3
+12 6
+3 15
+8 3
+2 6
+2 6
+5 1
+2 1
-2 1
+3 2
-63 9
+3 7
+78 2
fi=(214) ./malloc/../string/bits/string_fortified.h
59 4
fe=(208)
3837 12
fi=(214)
59 2
cob=(4)
cfi=(178)
cfn=(2026)
calls=2 -59 
* 76
fe=(208)

fn=(1176)
3846 27478
1326 4996
+19 14832
3887 4684
1794 2342
3914 4684
+65 3264
-63 6528
+3 1632
+2 3264
+2 1750
-6 875
+9 1750
+6 1750
+1 1750
+7 875
-1 1750
+1 4375
+5 1750
3165 875
3945 875
+1 1750
3165 5443
-2 5443
+4 5443
-2 5443
3945 5443
3163 5443
+3 5443
+1 5443
3946 27767
+2 10886
+2 16329
+27 1420
+62 2425
+1 1224
+20 1576
-1 1576
-1 1576
+1 3152
+1 3152
-2 3146
+12 7880
-1 1098
+4 1098
+1 549
+2 1098
-3 822
+1 411
+2 822
+1 2880
+2 960
+1 3840
+2 3840
-10 960
+12 1920
+1 1920
+2 1920
+11 3014
+29 491
+1 491
+4 982
+29 966
+8 573
+1 25
+1 25
-1 25
+4 50
-4 47
+1 47
-1 47
+4 94
+5 1
-2 1
+2 3
+1 2
+7 1
-1 4
+2 3
3929 15698
-42 312
+27 312
+66 1215
+2 1215
-2 1215
+2 2430
+2 47
+1 94
+6 47
-4 47
+1 47
+1 47
+2 94
+1 47
+6 188
-1 94
+1 94
+5 562
+1 304
+2 218
-52 97122
-40 468
1345 156
3919 312
+2 312
+9 2739
4041 66
cfn=(2612) malloc_consolidate
calls=33 4811 
* 50896
* 33
+93 48
+1 48
-1 48
+1 96
+1 48
-15 48
+19 96
+1 240
1985 2649
4487 29976
1985 47
4020 47
1985 94
3165 16329
+2 10886
4163 1042
+1 1563
+1 521
-1 521
+57 1042
+9 521
-9 1042
+9 521
-9 1563
+1 521
+1 521
+1 521
+1 521
+6 1042
-10 144
+9 72
-9 144
+9 72
-9 216
+1 72
+1 72
+1 72
+1 72
+6 144
4070 1779
4246 364
+11 3627
+2 1203
+3 401
-3 401
+3 802
+1 1213
+71 3621
-4 1207
+1 1207
+1 1207
-1 1207
+1 1207
+1 2414
+1 3621
+5 5278
+16 1547
+2 3094
-4 4050
+8 478
+3 956
+2 219
+1 219
+1 219
-2 876
-27 219
-99 2372
3163 40
+4 40
-4 40
+2 320
+1 80
+1 40
4070 80
+29 972
+2 469
-1 938
+27 150
+1 150
+4 300
+29 252
+8 160
4008 109
+1 109
+1 218
+1 109
3159 109
4012 109
3167 109
-8 109
+4 109
4013 109
3163 109
+2 436
+1 109
+2 109
-2 109
+1 109
+1 109
4218 71
-48 71
+48 213
4343 3000
+3 3840
-3 2760
+3 2288
-3 1680
+3 1696
-3 848
4443 948
+1 1896
+2 1896
+3 2844
+17 404
4070 302
-91 1812
4169 158
4343 52
+5 208
+1 104
+24 1036
+3 518
+2 259
+3 518
-3 518
+3 259
cfn=(2364)
calls=259 1608 
* 5847
+3 1036
+15 380
-5 190
+5 380
+1 380
+3 190
+1 190
+1 190
+3 380
+1 172
+1 380
+2 60
+3 240
+2 90
+1 30
1985 30
4421 30
1985 60
4415 1280
+2 480
+1 160
1985 160
4421 160
1985 389
4421 69
1985 138
4387 69
-1 69
+1 138
+1 138
4070 40
3199 40
-21 40
+4 80
+8 40
-4 160
+4 40
+1 80
4248 40
4105 319
-1 319
+3 319
-1 319
+1 638
+1 957
+1 638
+2 266
+4 133
+6 133
-6 133
+7 133
-7 798
+2 399
+5 133
-4 133
+4 133
cfn=(1184)
calls=133 1985 
* 532
-7 186
+6 186
-6 186
+7 186
-7 1116
+2 558
+5 186
-4 186
+4 186
cfn=(1184)
calls=186 1985 
* 744
+1 319
2552 101
+12 101
-12 505
+12 101
+1 6
+3 8
+8 10
cfn=(2368)
calls=2 2400 
* 220
* 2
+1 4
4482 4
-22 2850
cfn=(1184)
calls=950 1985 
* 3800
+1 950
-9 1694
+2 1694
-1 847
+1 847
-3 847
+3 847
+2 847
-2 3388
+2 847
+3 1698
4266 2
+1 12
+6 4
+5 2
+1 4
-1 4
+1 2
cfn=(2364)
calls=2 1608 
* 66
+3 8
2553 99
+36 297
+1 99
-1 99
+1 99
+9 984
+6 294
+3 297
fi=(209)
55 294
fe=(208)
2616 98
fi=(209)
147 98
fe=(208)
2616 98
fi=(209)
147 98
fe=(208)
2616 98
fi=(209)
147 98
fe=(208)
2616 98
-1 98
+1 196
fi=(209)
479 98
+4 294
+1 98
+1 196
+3 294
+10 98
+1 98
fe=(208)
2619 196
+1 196
-1 196
+1 196
2921 297
+1 99
+4 99
+4 495
+5 99
-2 99
+5 99
-3 198
-3 99
+2 99
+1 99
+1 99
-1 297
+1 99
4482 99
fi=(209)
490 784
cfi=(305)
cfn=(2020)
calls=98 117 
* 588
* 588
+5 196
55 196
fe=(208)
2669 3
+8 2
+1 3
+13 1
+2 1
-2 2
+8 5
+8 2
+48 4
+40 3
+19 2
+3 2
+1 6
+2 1
+1 5
cfi=(211)
cfn=(1178)
calls=1 25 
* 33
+12 4
-12 1
+12 1
2008 4
3882 1
2873 1
+3 1
-1 1
+1 4
+12 1
-11 1
+11 2
2783 1
-1 2
2017 2
2745 1
+1 1
+6 3
-6 1
+6 3
-43 3
cfi=(211)
cfn=(1178)
calls=1 25 
* 64
+1 2
-1 1
+1 1
2008 1
2711 1
2008 3
2712 1
+3 2
+29 3
4285 2
-1 2
+1 4
+1 4

fn=(1174)
3242 12
+9 16
+1 6
cfn=(1176)
calls=2 3846 
* 2906
+1 4
+8 8
+9 3
fi=(214)
59 6
fe=(208)
3270 3
fi=(214)
59 258
fe=(208)
3274 9
fi=(209)
824 2
cfn=(2150) get_free_list
calls=2 703 
* 58
* 2
+1 7
cfn=(2152) arena_get2.part.0
calls=1 -7 
* 1027
fe=(208)
3252 4
cfn=(1176)
calls=1 3846 
* 132
+1 2
+7 2
+8 2
-7 4

fn=(1608)
3359 545876
+4 1091752
-4 1637616
+14 545872
-14 1637616
+12 545872
+4 545872
-4 545872
+4 1091744
+17 1637610
fi=(209)
153 1637610
-98 545865
+92 3275190
+6 545865
fe=(208)
3398 1637595
cfn=(1612) _int_free
calls=545865 4495 
* 29798931
* 15
cfn=(1612)
calls=5 4495 
* 365
+3 545870
+1 3275220
-23 6
+2 8
+2 2
+1 2
-1 2
+1 2
+1 2
+3 4
cfn=(2840) munmap_chunk
calls=2 3024 
* 72
+13 2
+1 16
3248 13
cfn=(1174)
calls=1 -6 
* 2701
3395 3

fn=(1616)
4770 7425
+6 1350
+22 7425
-20 1272
+3 954
fi=(209)
55 318
fe=(208)
4792 318
fi=(209)
55 636
+92 318
fe=(208)
4794 636
+1 318
fi=(209)
545 318
fe=(208)
4795 318
fi=(209)
545 636
+27 318
55 636
585 318
+1 636
fe=(208)
4779 2
cfn=(2612)
calls=2 +32 
* 21015
* 2
fi=(209)
585 636
fe=(208)

fn=(2840)
3024 2
+2 2
-1 2
+1 4
+2 2
-3 2
-1 2
+4 2
+3 4
+7 2
-8 2
+9 2
-8 2
+1 2
+6 6
+1 8
+3 2
+1 6
+6 2
-1 4
cfi=(305)
cfn=(2156)
calls=2 117 
* 12

fn=(1612)
4495 3822021
+4 1638009
+6 2184012
+1 1092006
+4 2730015
+8 2184012
-1 1091736
+1 1091736
+29 545780
-20 545780
-6 545780
+6 1091560
+20 2183120
1792 7992
4561 15984
+11 29268
+2 21951
1992 7317
4593 7317
1992 14634
4595 7317
+1 7317
+4 14634
+2 7317
-2 7317
+2 7317
+26 28680
+30 3276012
-21 1350
+3 1350
+3 1348
+15 1
-12 1
+12 4
-12 1
cfn=(1614)
calls=1 +19 
* 78
-49 7317
+22 7317
-22 14634
+22 21951
+2 29268
+1 14634
-6 14634
3163 538011
+4 538011
-4 538011
+2 2152044
+1 538011
+1 538011
4550 538011
+94 2696
+2 1348
cfn=(1614)
calls=674 +19 
* 109188
+3 2696

fn=(2364)
1608 1619
+2 4857
-2 1619
+2 3238
+3 1619
+1 3238
+2 6476
-3 1619
+6 1619
+1 1619
+1 5302
+2 144
+1 216
+3 144
+14 72
+1 72
+3 3238

fn=(2612)
4811 35
+17 35
-17 175
+28 35
-28 105
+15 35
+2 35
+13 70
+1 70
-1 630
+1 630
+62 1050
+1 280
-31 1962
+4 1104
+2 552
+1 1104
+1 1104
+2 1104
-4 429
+1 858
+1 858
+2 858
+1 186
+4 93
+2 93
-2 186
+3 93
+9 186
-12 888
+2 888
-2 1776
+3 888
+9 2739
-56 1994
+4 2991
+1 3988
+8 997
-3 1994
+3 997
-3 997
+4 997
-4 997
+5 997
-5 997
+5 1994
+2 1994
+1 315
+2 315
-1 315
+2 1260
+2 2205
cfn=(2364)
calls=315 1608 
* 6813
* 1575
+3 1994
+25 16
+1 32
+1 32
-23 429
+1 1287
+16 858
-16 429
cfn=(2364)
calls=429 1608 
* 9252
* 1716

fl=(243)
fn=(1648)
28 2
+2 10
+4 1
-4 4
+4 1

fl=(227)
fn=(1494)
106 6
+5 1
-1 1
+3 1
cfi=(226)
cfn=(1496) _IO_link_in
calls=1 -26 
* 89
+1 1
+1 3

fn=(1620)
168 5
+1 1
-1 1
+1 1
+6 2
+1 3
-1 1
cfi=(226)
cfn=(1622) _IO_default_finish
calls=1 601 
* 20

fn=(3118) _IO_file_setbuf@@GLIBC_2.2.5
382 6
+1 1
cfi=(226)
cfn=(3120) _IO_default_setbuf
calls=1 +69 
* 69
* 2
+3 1
+4 2
-2 3
+3 3

fn=(1548) _IO_file_read
1131 2
+3 2
-1 2
+1 4
cfi=(237) ./io/../sysdeps/unix/sysv/linux/read.c
cfn=(1550) read
calls=2 25 
* 16

fn=(1602) _IO_file_close
1165 1
+3 2
cfi=(240)
cfn=(1604)
calls=1 25 
* 6

fn=(1502)
213 12
+9 2
+2 6
+23 6
357 12
-76 4
cfn=(1504) _IO_file_open
calls=1 -99 
* 95
* 1
+3 2
+3 3
cfi=(230)
cfn=(1508)
calls=1 77 
* 59
* 1
+1 2
-74 1
+13 1
+1 2
+19 6

fn=(1504)
182 2
+3 1
-3 10
+2 2
+4 1
cfi=(229)
cfn=(1506)
calls=1 30 
* 36
* 1
+1 2
+3 2
+3 1
-4 1
+1 3
+3 1
-3 1
+3 1
+10 2
cfi=(226)
cfn=(1496)
calls=1 87 
* 21
+1 1
+1 6

fn=(1598)
128 7
+2 3
+4 2
+3 1
-3 1
-1 2
+6 1
+3 1
-3 1
cfi=(226)
cfn=(1600) _IO_unsave_markers
calls=1 937 
* 14
+3 3
fi=(236)
1025 3
+1 2
fe=(227)
142 2
cfn=(1602)
calls=1 1165 
* 9
* 1
+3 3
+8 5
cfi=(226)
cfn=(1542)
calls=1 329 
* 188
+1 1
+3 1
-3 3
+3 1
cfi=(226)
cfn=(1594)
calls=1 53 
* 4
+5 1
-4 1
+1 1
+3 1
-2 1
+3 7

fn=(2128) _IO_file_sync@@GLIBC_2.2.5
793 91
+5 52
+1 3
+1 13
+1 26
+11 26
+4 65
-17 2
cfn=(1908) _IO_do_write@@GLIBC_2.2.5
calls=1 424 
* 156
* 2

fn=(1532) _IO_file_underflow@@GLIBC_2.2.5
462 2
+4 6
-4 18
+7 4
+6 6
+3 4
+12 2
fi=(236)
1025 2
fe=(227)
506 4
cfi=(226)
cfn=(1546) _IO_switch_to_get_mode
calls=2 164 
* 52
+6 2
+5 2
-5 2
fi=(236)
1025 4
fe=(227)
512 2
fi=(236)
1025 2
fe=(227)
512 6
fi=(236)
1026 4
fe=(227)
517 8
cfn=(1548)
calls=2 1131 
* 26
+2 4
+16 1
-9 1
+9 2
+2 2
+1 16
-6 1
-10 7
-55 2
+14 3
+5 2
cfi=(226)
cfn=(1534) _IO_doallocbuf
calls=1 343 
* 293
+4 4

fn=(1538)
1147 2
+1 4
cfi=(235)
cfn=(1540)
calls=2 30 
* 12

fn=(2118) _IO_file_write@@GLIBC_2.2.5
1174 64
+2 32
-1 16
+6 8
cfi=(330) ./io/../sysdeps/unix/sysv/linux/write.c
cfn=(2120) write
calls=8 25 
* 456
+1 16
+5 8
+1 8
-12 16
+4 24
+1 16
+10 24
+3 48
-4 24

fn=(1906) _IO_file_overflow@@GLIBC_2.2.5
732 64
+1 32
+7 36
+37 6
-2 12
-32 4
+12 4
+9 6
+5 6
+2 4
-5 2
+5 2
+1 2
-5 2
+1 2
+4 4
-7 2
+10 4
+13 8
-12 8
+1 8
+11 32
-12 8
cfn=(1908)
calls=8 424 
* 40
-4 4
+1 2
-28 4
cfi=(226)
cfn=(1534)
calls=2 343 
* 322
+1 2
+9 2
-9 10

fn=(1908)
424 9
+2 27
+1 8
-3 3
fi=(236)
1025 1
fe=(227)
424 8
+20 1
-10 2
+7 4
fi=(236)
1025 2
+1 2
fe=(227)
449 4
cfn=(2118)
calls=1 1174 
* 95
* 1
+1 3
+2 1
+4 2
-3 2
-1 2
+4 3
-30 2
+28 1
-28 2
+1 8
+28 3

fn=(1904)
1198 455
+7 65
-7 130
+6 260
+9 130
-2 260
+17 195
+1 114
+5 57
+2 114
+2 57
-4 57
+2 57
+2 57
-1 57
-1 57
cob=(4)
cfi=(178)
cfn=(1916)
calls=57 0 
* 1088
+2 57
-2 57
+4 114
+28 585
-68 8
+44 8
fi=(236)
1025 24
+1 16
fe=(227)
1244 24
cfn=(1906)
calls=8 732 
* 644
* 16
+6 16
+1 19
+2 3
+11 16
+1 4
cfi=(226)
cfn=(1910) _IO_default_xsputn
calls=1 371 
* 67
+2 3
-14 14
446 14
1251 7
444 7
-10 14
+7 28
fi=(236)
1025 14
+1 14
fe=(227)
449 35
cfn=(2118)
calls=7 1174 
* 665
+1 7
-1 7
+1 21
+2 7
+4 14
-3 14
-1 14
+4 14
-2 7
1257 14
-1 14
455 14

fl=(323)
fn=(2088)
33 49
+2 35
+14 66
-9 4
cob=(4)
cfi=(178)
cfn=(580)
calls=1 -40 
* 26
* 3
+7 1
+1 1

fl=(87)
fn=(302)
31 2
fi=(88)
+9 6
-2 8
fe=(87)
-7 4
fi=(88)
+10 4
+1 6
+3 4
+4 6
+3 10
fe=(87)

fl=(238)
fn=(1554)
61 12
+7 12
+2 12
+3 12
+1 12
+2 12
+1 12
+1 12
+1 12
+3 12
+1 12
+3 12
+1 12
+2 1
+1 1
+11 11
+5 11
+7 11
+1 11
+1 11
+1 11
+45 1
+1 1
+1 1
+2 1
+10 1
+1 1
+3 1
+1 1
+77 1
+1 1
+3 1
+1 1
+4 1
+1 1
+3 1
+1 1
+1 1
+1 1
+1 1
+1 1
+1 1
+2 2

fl=(242)
fn=(1638)
120 5
+2 1

fl=(245)
fn=(1672)
28 1
+2 4
+12 1

fl=(110)
fn=(354)
28 1
fi=(88)
+12 3
-2 4
fe=(110)
-10 2
fi=(88)
+13 2
+1 3
+3 2
+4 3
+3 5
fe=(110)

fl=(137)
fn=(432)
29 2
fi=(103)
+28 6
-1 4
+4 6
+14 4
+3 4
+8 4
+8 4
+3 10
fe=(137)

fl=(251)
fn=(1708)
31 3
+2 3
+9 3
+1 6
+1 3
+4 3
+1 3
+1 3
+1 3
+1 3
+2 6
+2 3
+1 3
+1 3
+2 6
+2 3
+5 3
+1 3
+17 3
cfi=(252)
cfn=(1710)
calls=3 -57 
* 39

fl=(316)
fn=(2066)
23 2
+1 8
cfi=(317) ./nptl/./nptl/pthread_join_common.c
cfn=(2068) __pthread_clockjoin_ex
calls=2 +15 
* 476

fl=(334)
fn=(2138)
63 12
+1 5
+2 2
+14 2
-2 3
+2 2
+33 1
+1 11
-36 2
cfi=(319) ./nptl/./nptl/cancellation.c
cfn=(2074) __pthread_enable_asynccancel
calls=1 -47 
* 18
* 10
cfi=(319)
cfn=(2122) __pthread_disable_asynccancel
calls=1 -15 
* 15
* 1

fl=(284) ./stdlib/../sysdeps/x86_64/rshift.S
fn=(1856) __mpn_rshift
28 16
+1 16
+1 16
+1 16
+13 16
+1 16
+16 16
+1 16
+1 16
+1 16
+1 16
+1 16
+1 16
+5 16
+1 16
+1 16
+1 16
+1 16

fl=(328) ./stdio-common/./stdio-common/printf_buffer_to_file.c
fn=(2108) __printf_buffer_to_file_init
108 7
+1 7
fi=(290) ./stdio-common/../include/printf_buffer.h
+18 7
fe=(328)
-18 7
fi=(290)
+28 7
-9 7
+9 7
-13 7
fe=(328)
-13 7
fi=(290)
+13 7
fe=(328)
-12 7
cfn=(2110) __printf_buffer_to_file_switch
calls=7 -83 
* 91

fn=(2110)
29 14
+1 70
+10 14
+1 14
+3 56
+1 14

fn=(2114) __printf_buffer_to_file_done
117 7
+1 21
-1 7
-64 7
+64 42
-66 28
+2 21
+69 7
-1 7
+1 28
-1 7
cfi=(291)
cfn=(1872)
calls=7 -96 
* 133
-56 14
cfn=(2110)
calls=7 -36 
* 91
+1 7
-8 7
+1 7
fi=(408) ./stdio-common/../libio/libioP.h
1025 7
fe=(328)
58 7
+1 7
-1 7
fi=(408)
1025 14
+1 14
fe=(328)
59 14
cfi=(227)
cfn=(1904)
calls=7 1198 
* 1599
* 14

fl=(204)
fn=(1104)
67 112
-26 32
+2 128
+1 32
cfn=(1106) __new_exitfn
calls=16 +36 
* 588
+2 32
+8 16
-2 16
+3 16
+1 16
-4 32
+1 16
+4 64
+1 16
+11 96

fn=(1106)
80 16
+6 32
-6 64
+11 32
-10 16
+10 64
+2 32
+1 75
-1 32
-2 1
+10 1
-10 3
+13 30
+25 15
+1 30
-1 30
+7 15
+5 45
-4 15
+4 30
-5 1
+5 3
-4 1
+4 2
-18 1
-1 1
+12 1

fl=(301) ./nptl/./nptl/allocatestack.c
fn=(2080) name_stack_maps
587 24
+2 4
+4 4
-4 16
+4 4
+2 8
+5 2
+1 2
-2 2
+2 4
-1 2
+3 6
cfi=(321) ./stdio-common/./stdio-common/snprintf.c
cfn=(2082) snprintf
calls=2 26 
* 1128
* 8
cfi=(323)
cfn=(2088)
calls=2 33 
* 80
+2 18
-2 6
-7 6
+9 2
-9 6
+9 8
-9 2
cfi=(323)
cfn=(2088)
calls=2 33 
* 42

fl=(184)
fn=(618)
53 1
+1 1
+1 1
+2 1
+1 1
+4 1
+1 1
+1 1
+3 1
+2 1
+1 1
+1 1
+1 1
+3 1
+1 1
+2 1
+1 1
+1 1
+1 1
+1 1
+9 2

fl=(258)
fn=(1752)
215 2
+1 1
-1 1
+1 1
cfn=(1754) read_sysfs_file
calls=1 -77 
* 409
+1 2
+5 2

fn=(1754)
139 1
+9 1
-9 11
+9 1
cfi=(259)
cfn=(1756)
calls=1 28 
* 27
* 1
+3 2
+39 12
72 5
cfi=(260)
cfn=(1758)
calls=1 -47 
* 6
* 1
+1 2
+5 2
-2 1
+2 2
cob=(4)
cfi=(178)
cfn=(1552)
calls=1 -78 
* 21
+1 2
fi=(263) ./misc/../sysdeps/unix/sysv/linux/not-cancel.h
-4 2
cfi=(240)
cfn=(1604)
calls=1 -50 
* 6
+1 1
fe=(258)
+29 2
+45 3
+28 3
+3 3
-1 1
+1 2
+3 2
-26 4
cfi=(261)
cfn=(1760)
calls=1 -33 
* 123
+1 1
-1 1
+1 2
+7 2
+2 1
+1 4
cfi=(261)
cfn=(1760)
calls=1 -44 
* 139
+1 3
+7 3
-75 1
+1 2

fl=(266) ./stdlib/./stdlib/strtod_l.c
fn=(1786) ____strtod_l_internal
508 4
+45 2
-45 20
+53 6
+26 2
-24 4
+32 4
+1 4
cob=(4)
cfi=(178)
cfn=(844)
calls=2 0 
* 32
+1 4
-1 2
+1 2
+14 2
-4 2
-6 2
+10 4
-1 8
+1 4
+3 4
-12 2
+17 4
+13 12
+1 4
+8 6
+91 4
-43 4
+19 2
514 2
708 8
+67 18
+1 4
+12 4
+16 8
+42 4
+9 8
+1 6
+18 4
+6 2
+1 2
-1 4
+1 4
-1 2
+1 8
+99 4
+33 4
+10 12
+19 6
+1 2
+5 4
1770 22
779 8
+22 8
-26 4
1175 20
+2 2
-1 2
+1 4
+3 8
+12 4
+3 4
681 2
882 10
1081 4
-9 4
1198 26
cfn=(1788) str_to_mpn.isra.0
calls=2 365 
* 134
+6 2
+20 2
-26 2
+6 10
+44 2
+1 2
-1 2
+1 2
-1 2
+1 4
+4 4
+6 4
+32 4
+3 2
+4 4
-4 2
+4 4
-4 10
+2 2
+2 2
-2 4
+10 10
cfi=(267)
cfn=(1790)
calls=2 28 
* 32
+4 4
+15 14
cfn=(1792) round_and_return
calls=2 215 
* 168
* 2

fn=(1788)
365 20
+13 2
+1 12
-4 2
-1 4
+52 4
+1 8
-14 16
+13 8
+3 8
-47 8
+49 8
+7 6
+2 6
+2 2
+1 2
+15 18

fn=(1792)
215 32
fi=(268) ./stdlib/../sysdeps/generic/get-rounding-mode.h
94 2
+1 18
fe=(266)
218 4
355 6
+1 2
-1 4
+1 12
-1 2
cfi=(270)
cfn=(1798)
calls=2 29 
* 32
-42 4
-80 2
+83 2
-90 2
+90 2
+4 4
-1 14
fi=(269) ./stdlib/../include/rounding-mode.h
46 10
fe=(266)
350 4
fi=(269)
52 4
fe=(266)
355 6

fl=(385) ./posix/./posix/register-atfork.c
fn=(2866) __unregister_atfork
82 14
+1 14
-1 28
+1 14
fi=(386) ./posix/../malloc/dynarray-skeleton.c
243 7
fe=(385)
71 14
+38 28
+1 21

fl=(304)
fn=(2018)
47 5
+3 10
-3 30
+6 10
+5 30
+2 20
-7 25

fl=(96)
fn=(322)
29 1
fi=(97)
+28 3
-1 2
+4 3
+14 2
+3 2
+8 2
+8 2
+3 5
fe=(96)

fl=(231)
fn=(1512)
53 1
+2 1
+1 1
+1 1
+1 1
+1 1
+3 1
+1 1
+4 1
+1 1
+1 1
+1 1
+1 1
+1 1
+1 1
+1 1
+3 1
+8 1
+8 1
+1 2

fn=(1836)
53 49
+2 49
+1 49
+1 49
+1 49
+1 49
+3 49
+1 49
+4 49
+1 49
+1 49
+1 49
+1 49
+1 49
+1 49
+1 47
+13 47
+2 94
+25 2
+1 2
+6 2
+1 4
+35 2
+4 2
+1 2
+1 2
+1 2
+1 2
+1 2
+1 2
+2 2
+1 2
+1 2
+1 2
+1 2
+1 2
+1 2

fl=(330)
fn=(2120)
25 8
+1 16
-1 48
+1 8
cfi=(319)
cfn=(2074)
calls=8 +5 
* 144
* 88
cfi=(319)
cfn=(2122)
calls=8 +37 
* 120
* 8
+1 16

fl=(111)
fn=(358)
30 1
fi=(105) ./wcsmbs/../sysdeps/x86_64/multiarch/ifunc-avx2.h
+10 3
-2 4
fe=(111)
-8 2
fi=(105)
+11 2
+1 3
+3 2
+4 3
+3 5
fe=(111)

fl=(273)
fn=(1828)
27 60
+1 6
+9 3
+1 3
-1 12
-4 6
+4 3
-4 3
+5 6
cfi=(274)
cfn=(1830) __vsnprintf_internal
calls=3 +55 
* 4545
+4 15

fl=(129)
fn=(400)
29 1
fi=(122)
+9 2
+1 1
-1 2
+1 2
+3 2
+4 3
+3 3
fe=(129)
-20 1

fl=(198)
fn=(826)
32 512
+5 256
-5 2048
+5 1536
+5 512
+4 384
fi=(409) ./wcsmbs/./wcsmbsload.h
+23 128
+1 384
fe=(198)
-23 128
+1 128
-1 128
+1 128
+4 512
+3 256
cfi=(199)
cfn=(828)
calls=128 -19 
* 640
* 512
+39 128
-39 256
+39 512
-39 128
cfi=(200)
cfn=(830)
calls=128 -6 
* 768
+39 1152

fl=(321)
fn=(2082)
26 24
+4 2
+1 4
-1 10
+1 2
cfi=(274)
cfn=(1830)
calls=2 +62 
* 1076
+4 10

fl=(322) ./stdio-common/./stdio-common/_itoa.c
fn=(2084) _itoa_word
169 14
+3 56
+2 28
+9 476
+9 28

fl=(209)
fn=(2152)
818 10
+10 1
+4 1
-4 2
+2 3
+23 3
+12 9
-33 2
+23 7
463 1
638 2
463 2
+7 7
cfn=(2154) alloc_new_heap
calls=1 -90 
* 155
* 1
640 2
+9 3
fi=(208)
1946 2
+3 1
-3 1
+3 2
-3 2
+3 126
-3 126
+3 252
-3 252
+7 3
+2 1
+3 1
fe=(209)
657 1
-1 1
-5 1
+2 3
+5 2
+1 2
+2 1
-1 1
+1 3
+2 1
+1 1
+4 1
-4 1
+1 1
+3 1
-2 1
+2 2
+3 2
+7 1
-2 1
+2 3
+2 4
-61 2
+63 4
+12 4
857 2

fn=(2154)
380 9
49 3
387 3
+2 2
+1 1
+5 2
+7 1
+2 1
-9 1
+9 1
-9 4
+7 2
+39 4
cfi=(305)
cfn=(2020)
calls=1 117 
* 6
* 2
+7 4
cfi=(323)
cfn=(2088)
calls=1 33 
* 21
fi=(208)
2008 4
fe=(209)
453 1
+2 1
-2 1
+3 1
+2 9
-44 7
cfi=(304)
cfn=(2018)
calls=1 47 
* 26
* 1
+1 2
+2 1
+1 5
+5 1
-3 3
+4 4
cfi=(305)
cfn=(2156)
calls=1 117 
* 6
* 1
49 1
+6 2
421 3
cfi=(305)
cfn=(2156)
calls=1 117 
* 6
* 2

fn=(2150)
703 12
+1 2
+2 2
-2 2
+2 2
+2 4
+1 1
+1 2
+2 1
+3 1
-3 1
+3 1
+1 1
-97 2
724 1
+1 4
+1 1
+5 7
-26 1
+26 7
-11 3

fn=(1168)
262 1
fi=(210) ./malloc/../sysdeps/unix/sysv/linux/not-cancel.h
97 3
fe=(209)
262 7
+5 1
fi=(210)
97 3
fi=(208)
3143 2
fe=(209)
292 2
+4 3
fi=(208)
1946 4
+3 1
-3 1
+3 2
-3 2
+3 126
-3 126
+3 252
-3 252
+11 1
fe=(209)
300 3
fi=(208)
1958 1
+2 1
fe=(209)
300 1
cob=(4)
cfi=(178)
cfn=(580)
calls=1 0 
* 25
+1 4
cob=(4)
cfi=(178)
cfn=(580)
calls=1 0 
* 26
+1 4
cob=(4)
cfi=(178)
cfn=(580)
calls=1 0 
* 25
+1 4
cob=(4)
cfi=(178)
cfn=(580)
calls=1 0 
* 25
+1 4
cob=(4)
cfi=(178)
cfn=(580)
calls=1 0 
* 26
+1 4
cob=(4)
cfi=(178)
cfn=(580)
calls=1 0 
* 25
+1 4
cob=(4)
cfi=(178)
cfn=(580)
calls=1 0 
* 25
+2 4
cob=(4)
cfi=(178)
cfn=(580)
calls=1 0 
* 25
+1 4
cob=(4)
cfi=(178)
cfn=(580)
calls=1 0 
* 25
+1 4
cob=(4)
cfi=(178)
cfn=(580)
calls=1 0 
* 25
+3 4
cob=(4)
cfi=(178)
cfn=(580)
calls=1 0 
* 25
+1 4
cob=(4)
cfi=(178)
cfn=(580)
calls=1 0 
* 25
+2 2
+10 8

fn=(2756) __malloc_arena_thread_freeres
893 18
fi=(208)
3213 2
+2 2
-2 2
+2 2
+2 4
+4 6
+4 2
+2 424
+3 266
+3 133
3371 133
+2 133
3233 399
3375 133
-4 133
+4 266
+26 133
3227 399
-2 384
+13 4
cfn=(1608)
calls=2 3359 
* 358
* 2
fe=(209)
899 4
+1 2
+2 4
+2 8
+3 6
+1 6
+2 2
+1 2
-1 2
+3 8
+2 16
fi=(208)
3392 266
fe=(209)
153 399
-98 132
+92 792
+6 132
fi=(208)
3398 264
cfn=(1612)
calls=132 4495 
* 16502
* 2
cfn=(1612)
calls=1 4495 
* 69
* 133
3231 133
+17 399
fe=(209)

fl=(90)
fn=(308)
79 2
-31 4
+1 2
-2 8
+2 4
+3 4
+4 6
+3 6
+20 2

fl=(120)
fn=(378)
60 1
-17 2
-1 4
+2 3
+2 2
+4 3
+10 1

fl=(140)
fn=(440)
29 1
fi=(403)
+7 5
fe=(140)
-7 1

fl=(222)
fn=(1366)
367 11
51 33
+1 22
367 33
57 22
+8 11
-3 11
-23 11
+1 44
+1 7
+29 7
+2 7
369 14
70 4
+2 4
369 8
43 16
+31 20
+6 40
+4 30
+3 20

fl=(318) ./nptl/./nptl/futex-internal.c
fn=(2070) __futex_abstimed_wait_cancelable64
138 16
-61 4
+3 4
+3 6
+1 4
-27 6
+46 16
+10 2
+28 12
fi=(195) ./nptl/../sysdeps/nptl/futex-internal.h
-54 4
fe=(318)
-30 4
cfi=(319)
cfn=(2074)
calls=2 -26 
* 36
* 24
cfi=(319)
cfn=(2122)
calls=2 +6 
* 30
* 2

fl=(192)
fn=(718)
136 44
+3 44
+1 88
+4 84
-1 2
cfn=(720) __pthread_once_slow
calls=2 -75 
* 2095

fn=(720)
68 22
+8 2
+4 4
+52 20
-44 4
+4 4
+9 4
+13 26
cfi=(193) ./nptl/./nptl/cleanup_compat.c
cfn=(722) _pthread_cleanup_push@@GLIBC_2.34
calls=2 -89 
* 14
+2 2
cob=(8)
cfi=(189)
cfn=(686)
calls=1 0 
* 12
cob=(8)
cfi=(189)
cfn=(724)
calls=1 0 
* 1945
+2 6
cfi=(193)
cfn=(740) _pthread_cleanup_pop@@GLIBC_2.34
calls=2 -78 
* 12
fi=(195)
+91 6
fe=(192)
-85 2
fi=(195)
+85 10
fe=(192)

fl=(182)
fn=(612)
46 6
+5 2
+4 5
+8 1
-2 1
+10 1
-9 1
+1 1
+9 3
-1 1
cfi=(183) ./misc/./misc/init-misc.c
cfn=(614) __init_misc
calls=1 -41 
* 50

fl=(185)
fn=(620)
545 1
+1 4
+1 3
+1 3
+2 1

fl=(317)
fn=(2068)
39 24
+4 12
+5 10
+4 2
+3 2
+2 4
+1 4
+16 10
+10 4
+34 2
-4 2
+7 4
+4 4
cfi=(379)
cfn=(2766)
calls=2 25 
* 118
* 2
+5 2
+3 22
-44 12
cfi=(193)
cfn=(722)
calls=2 -64 
* 14
+5 2
+8 10
cfi=(318)
cfn=(2070)
calls=2 +36 
* 170
+2 8
-10 12
+17 6
cfi=(193)
cfn=(740)
calls=2 -71 
* 12
* 2

fl=(193)
fn=(722)
25 4
+3 4
+1 4
+1 8
+2 4
+1 4

fn=(740)
40 4
+3 8
+4 8
+2 4

fl=(237)
fn=(1550)
25 2
+1 12
+1 2

fl=(331)
fn=(2126)
32 12
+1 24
-1 60
+7 24
+1 12
fi=(236)
1025 36
+1 24
fe=(331)
40 24
cfi=(227)
cfn=(2128)
calls=12 793 
* 415
* 24
fi=(236)
979 24
+1 48
fe=(331)
44 60
-5 168
fi=(236)
980 72
fe=(331)

fl=(309) ./misc/../sysdeps/unix/sysv/linux/clone-internal.c
fn=(2038) __clone_internal
97 24
+2 4
-19 6
+2 4
cfi=(310)
cfn=(2040)
calls=1 -40 
* 16
+1 4
+3 1
+20 1
-42 1
-11 1
+11 1
-2 1
-9 1
+11 2
-2 1
+2 4
cfi=(311)
cfn=(2042)
calls=1 -12 
* 19
+42 1
-42 1
-11 1
+11 1
-2 1
-9 1
+11 2
-2 1
+2 4
cfi=(311)
cfn=(2042)
calls=1 -12 
* 19
+45 4
+1 16

fl=(131)
fn=(412)
29 4
fi=(88)
+11 12
-2 16
fe=(131)
-9 8
fi=(88)
+12 8
+1 12
+3 8
+4 12
+3 20
fe=(131)

fl=(98)
fn=(326)
29 1
fi=(97)
+28 3
-1 2
+4 3
+14 2
+3 2
+8 2
+8 2
+3 5
fe=(98)

fl=(282) ./stdlib/./stdlib/cmp.c
fn=(1852) __mpn_cmp
31 9
+4 22
+2 10
+1 10
+1 20
+8 40
-5 1
+6 1

fl=(183)
fn=(614)
30 1
+1 2
-1 4
+1 4
+2 3
cob=(4)
cfi=(178)
cfn=(616)
calls=1 -33 
* 24
+4 5
+1 3
+2 4

fl=(265)
fn=(1784)
81 2
+1 8
cfi=(266)
cfn=(1786)
calls=2 508 
* 838

fl=(319)
fn=(2074)
31 11
+1 11
+1 22
+4 22
+2 22
+3 44
fi=(320) ./nptl/../nptl/descr.h
439 22
fe=(319)
45 22
+11 22

fn=(2122)
63 11
+3 33
+5 33
+3 11
+2 11
-2 11
+2 22
+7 33

fl=(384)
fn=(2864)
30 14
+3 14
-3 56
+3 35
+3 28
+4 240
+1 176
+2 11
+2 11
+36 11
-5 11
-33 11
+35 33
+3 33
+1 33
cob=(8)
cfi=(189)
cfn=(2988)
calls=1 -82 
* 7590
cob=(8)
cfi=(189)
cfn=(2986)
calls=1 -82 
* 8
cob=(8)
cfi=(189)
cfn=(2978)
calls=1 -82 
* 829
cob=(8)
cfi=(189)
cfn=(2976)
calls=1 -82 
* 2
cob=(8)
cfi=(189)
cfn=(2974)
calls=1 -82 
* 2
cob=(8)
cfi=(189)
cfn=(2972)
calls=1 -82 
* 2
cob=(8)
cfi=(189)
cfn=(2970)
calls=1 -82 
* 2
cob=(8)
cfi=(189)
cfn=(2968)
calls=1 -82 
* 2
cob=(8)
cfi=(189)
cfn=(2966)
calls=1 -82 
* 2
cob=(8)
cfi=(189)
cfn=(2964)
calls=1 -82 
* 2
cob=(8)
cfi=(189)
cfn=(2960)
calls=1 -82 
* 5
+1 44
+4 33
-47 34
-4 21
+57 28
+4 42
-4 21
+12 14
cfi=(385)
cfn=(2866)
calls=7 -23 
* 140
+1 28
+1 56

fl=(104)
fn=(342)
31 2
fi=(105)
+9 6
-2 8
fi=(106) ./wcsmbs/../sysdeps/x86_64/multiarch/wcschr.c
-7 4
fi=(105)
+10 4
+1 6
+3 4
+4 6
+3 10
fe=(104)

fn=(408)
31 1
fi=(101)
+9 3
-1 4
+2 3
+3 2
+4 4
fe=(104)
-17 1

fl=(112)
fn=(362)
31 1
fi=(113)
+4 5
+1 3
+3 2
+4 3
+3 4
fe=(112)
-15 1

fl=(313) ./nptl/./nptl/pthread_attr_destroy.c
fn=(2046) pthread_attr_destroy
26 2
+10 6
+8 4

fl=(373) ./malloc/./malloc/thread-freeres.c
fn=(2744) __libc_thread_freeres
31 6
+2 2
cfi=(374)
cfn=(2746)
calls=2 -12 
* 26
+2 2
cfi=(375)
cfn=(2748)
calls=2 +96 
* 82
+1 2
cfi=(377)
cfn=(2752)
calls=2 -12 
* 48
+1 2
cfi=(378)
cfn=(2754)
calls=2 -8 
* 24
+5 2
-1 2
cfi=(209)
cfn=(2756)
calls=2 893 
* 22621

fl=(226)
fn=(1528)
299 10
+1 2
-1 2
+1 4
+5 6
+3 2
173 2
308 4
+2 4
+6 4
+7 2
fi=(236)
1025 6
+1 4
fe=(226)
323 4
+1 6
-1 2
cfn=(1530) _IO_default_uflow
calls=2 +38 
* 540
-23 4
+21 6

fn=(1534)
343 3
+1 6
-1 21
+3 12
+1 2
fi=(236)
1025 6
+1 4
fe=(226)
347 4
cfi=(234)
cfn=(1536)
calls=2 78 
* 528
* 4
-10 1
-5 1
+1 1
+4 1
+13 18
-1 2
-19 1

fn=(1546)
164 12
+1 6
+3 6
+4 4
+1 4
+7 2
-4 2
+4 2
-2 4
+3 2
+1 8

fn=(3114) _IO_flush_all
686 5
+5 1
-5 1
+5 1
-5 6
+5 4
cfi=(228)
cfn=(1498)
calls=1 24 
* 13
+1 12
+3 3
-8 1
fi=(236)
1025 2
fe=(226)
708 18
+1 3
-14 9
+2 3
+1 45
+2 21
+8 18
+5 3
+1 2
cfi=(228)
cfn=(1500)
calls=1 54 
* 9
+4 12
-5 6

fn=(1622)
601 6
+2 3
+6 3
+3 3
54 2
624 3

fn=(2032) _IO_enable_locks
518 1
+3 3
1044 1
523 1
+1 3
+1 1
1058 1
524 2
+1 2
1058 2
524 4
+2 1

fn=(1490)
563 11
+1 1
cfn=(1492) _IO_old_init
calls=1 -33 
* 25
+1 1
+1 2
+2 1
+4 1
+7 1
+2 1
-9 5
+15 1
+1 6

fn=(1594)
53 2
+1 4
+28 2
cfn=(1596) __GI__IO_un_link.part.0
calls=1 -30 
* 100

fn=(1596)
52 4
+6 1
-6 2
+6 1
-6 4
+6 4
cfi=(228)
cfn=(1498)
calls=1 -34 
* 13
+1 7
+2 1
-1 1
+1 10
+4 2
+9 2
+2 6
+3 2
cfi=(228)
cfn=(1500)
calls=1 -25 
* 9
+3 9
-19 1
-2 2
+2 2
+13 3
+2 1
-2 1
+1 1
+1 5
-12 3
-7 3

fn=(1910)
371 11
+3 4
fi=(236)
1025 1
fe=(226)
373 2
+16 2
+8 1
+2 2
-20 4
+2 1
+1 2
+2 2
-9 1
+29 8
-11 6
-4 3
+6 6
-1 1
-1 3
+1 1
-1 2
+1 2
-1 2

fn=(3120)
452 8
fi=(236)
1025 1
fe=(226)
452 1
+1 1
-1 1
fi=(236)
1025 2
+1 2
fe=(226)
453 2
cfi=(227)
cfn=(2128)
calls=1 793 
* 21
* 2
+4 1
330 1
462 1
-7 2
332 1
466 1
337 1
-4 1
+4 1
467 1
-1 3
+2 6
-11 1
+1 2
-1 1
330 4

fn=(1600)
937 6
+2 2
+5 3
+2 3

fn=(3112)
842 6
-66 1
+66 6
+1 1
cfn=(3114)
calls=1 686 
* 198
-67 2
+67 1
-67 3
cfi=(228)
cfn=(1498)
calls=1 24 
* 13
+1 12
+3 3
fi=(236)
1025 1
fe=(226)
785 1
-1 1
+1 4
-1 2
+1 40
+7 3
-7 3
+7 6
+2 6
+2 4
+4 1
-2 1
+3 1
-3 1
+2 2
+5 1
fi=(236)
1025 2
+1 2
fe=(226)
805 4
cfi=(227)
cfn=(3118)
calls=1 382 
* 87
+2 3
+9 1
-2 1
+2 2
-2 2
+2 4
+1 3
-37 9
+41 3
+1 2
cfi=(228)
cfn=(1500)
calls=1 54 
* 9
+33 12
-78 3
+39 27
+5 6

fn=(1530)
361 4
fi=(236)
1025 2
fe=(226)
361 6
+1 2
-1 2
fi=(236)
1025 4
+1 4
fe=(226)
362 4
cfi=(227)
cfn=(1532)
calls=2 462 
* 496
+1 4
+2 4
+1 8

fn=(1542)
329 33
+1 14
+5 6
-3 3
+3 6
-2 3
+2 6
+3 18
-7 1
cob=(4)
cfi=(178)
cfn=(1606)
calls=1 0 
* 154
+4 2

fn=(1492)
531 1
+3 1
-2 1
+2 1
+5 1
-7 1
+2 1
+10 1
-10 1
+16 1
-11 1
-5 1
+16 1
-16 1
+21 1
-16 5
+16 2
+1 2
+2 1

fn=(1496)
87 14
+1 10
+18 18
-16 1
+2 3
-2 1
+2 4
cfi=(228)
cfn=(1498)
calls=1 -68 
* 13
+1 7
+10 2
cfi=(228)
cfn=(1500)
calls=1 -49 
* 9
+3 1
-11 5
+2 1
-2 1
+3 1
-3 1
+2 1
+3 4
+2 1
-2 1
+1 1
+1 5
-9 2
+1 1
+1 2

fl=(307)
fn=(2030) __nptl_stack_list_add
43 2
+1 8
fi=(410) ./nptl/../include/list.h
-1 10
+2 2
+2 2
fe=(307)
+5 2
+1 2

fn=(2768)
112 4
+1 4
-1 8
+1 6
+4 2
-88 2
fi=(410)
+26 6
+1 2
fe=(307)
+67 2
-86 2
+86 2
-79 6
fi=(410)
-1 2
+1 4
-1 2
+2 2
+2 2
fe=(307)
+58 2
-1 2
-52 2
+52 4
+1 4
+24 8
+1 8

fl=(275)
fn=(1832) __printf_buffer
600 216
fi=(278) ./stdio-common/./stdio-common/printf-parse.h
82 18
fe=(275)
600 36
fi=(278)
82 18
fe=(275)
600 18
+27 54
+11 18
-11 18
+11 18
-11 18
+11 36
fi=(278)
82 18
cob=(4)
cfi=(178)
cfn=(1834)
calls=18 -82 
* 394
fe=(275)
653 36
+1 18
fi=(278)
82 36
fe=(275)
654 18
-1 18
cfi=(276)
cfn=(1838)
calls=18 27 
* 644
+2 54
+4 36
+4 136
-32 17
973 17
642 17
973 34
634 17
+71 124
1044 198
705 62
-13 31
+7 31
+6 62
-14 31
-4 31
+18 31
-10 31
+10 31
-7 31
-4 31
+11 62
-19 31
-1 31
+20 31
-12 31
-9 31
-1 31
+22 31
-15 62
891 26
+82 26
+3 442
+20 143
+1 13
263 13
+1 13
997 13
744 13
264 26
744 13
263 26
1024 31
fi=(278)
82 31
fe=(275)
1018 31
fi=(278)
82 62
cob=(4)
cfi=(178)
cfn=(1834)
calls=31 -82 
* 667
fe=(275)
1028 62
+1 31
fi=(278)
82 31
fe=(275)
1029 31
-1 31
cfi=(276)
cfn=(1838)
calls=31 27 
* 1307
+3 104
fi=(277) ./stdio-common/./stdio-common/vfprintf-process-arg.c
501 8
cfi=(276)
cfn=(1838)
calls=2 27 
* 110
+1 2
-11 2
-88 16
+19 4
-14 4
+47 6
fe=(275)
709 13
814 13
-1 13
+1 26
+26 21
+15 169
fi=(277)
422 8
+8 4
fe=(275)
761 2
fi=(290)
148 6
+1 8
fe=(275)
784 8
fi=(277)
126 16
+1 42
+74 6
92 6
+1 6
+1 6
201 12
-65 12
+65 2
92 2
+1 2
+1 2
201 4
-65 16
+19 182
cfi=(322)
cfn=(2084)
calls=14 +14 
* 602
+11 28
-11 28
+11 56
-5 112
+25 62
+1 4
+14 8
-4 12
+4 20
-4 30
+2 42
+2 28
+7 14
-2 28
+2 42
+3 28
+13 28
fi=(290)
-61 28
fi=(277)
+70 28
+3 28
128 4
+8 14
+2 28
fe=(275)
876 6
-5 54
-1 6
+1 48
+12 8
fi=(277)
66 8
+1 14
-18 6
-1 12
201 18
58 12
-23 6
+22 12
161 14
+9 28
+17 14
+8 14
-8 14
+12 14
-12 14
+8 56
-8 60
+53 56
cfi=(276)
cfn=(1838)
calls=14 27 
* 789
* 14
130 4
+1 16
fe=(275)
266 13
cfi=(279) ./stdio-common/./stdio-common/printf_fp.c
cfn=(1844) __printf_fp_l_buffer
calls=13 1099 
* 14014
1001 13
fi=(290)
163 28
fi=(277)
50 12
+2 12
+1 48
fe=(275)
819 6
-1 6
+1 18
+15 42
+3 12
+18 6
-37 6
+19 24
fi=(277)
435 4
cob=(4)
cfi=(178)
cfn=(844)
calls=2 0 
* 32
* 4
fi=(278)
55 7
+10 14
-10 35
fe=(275)

fn=(2106)
1522 91
+3 36
+4 35
+11 14
+11 28
+5 28
cfi=(328)
cfn=(2108)
calls=7 108 
* 168
+3 35
cfn=(1832)
calls=7 600 
* 9701
+1 14
cfi=(328)
cfn=(2114)
calls=7 117 
* 2124
+3 14
+1 14
+3 77
-42 12
+38 28
-12 28
cfi=(228)
cfn=(1498)
calls=7 24 
* 91
+1 49
-30 14
+30 63
+12 21
cfi=(228)
cfn=(1500)
calls=7 54 
* 63
* 7
+2 7
-3 42

fl=(121)
fn=(380)
29 1
fi=(122)
+9 2
+1 1
-1 2
+1 2
+3 2
+4 3
+3 3
fe=(121)
-20 1

fl=(218)
fn=(1354)
113 77
+1 7
-1 21
+1 7
+1 14
+6 7
+17 28
cob=(1)
cfi=(50)
cfn=(158)
calls=7 254 
* 5999
+7 7
-2 7
-5 7
+7 14
+53 77
-47 14
+5 14

fl=(274)
fn=(2808)
102 18
fi=(411) ./libio/../include/printf_buffer.h
+22 6
fe=(274)
-22 6
fi=(411)
+22 6
fe=(274)
-22 42
fi=(411)
+35 6
-13 6
+13 6
-10 6
+1 6
fe=(274)
-65 12
+3 6
+30 24
cfi=(275)
cfn=(1832)
calls=6 600 
* 8927
-21 18
+1 6
+11 12
cfi=(291)
cfn=(1872)
calls=6 -62 
* 114
+17 36

fn=(1830)
93 25
fi=(411)
+31 5
fe=(274)
-31 10
fi=(411)
+31 5
fe=(274)
-31 30
fi=(411)
+44 5
-13 5
+13 5
-10 5
+1 5
fe=(274)
-65 10
+3 5
+30 15
cfi=(275)
cfn=(1832)
calls=5 600 
* 5336
-21 15
+1 5
+11 10
cfi=(291)
cfn=(1872)
calls=5 -62 
* 95
+11 30

fl=(300)
fn=(2010)
25 20
+4 4
-4 6
+4 4
+9 2
-9 6
+3 2
-3 2
+9 4
+23 4
+1 2
-1 12
+2 22

fl=(247)
fn=(1684)
242 13
+69 3
+1 3
cfi=(204)
cfn=(1104)
calls=1 67 
* 76
+25 6
+6 2
-3 2
+10 2
cob=(4)
cfi=(178)
cfn=(1700)
calls=1 0 
* 7
+2 2
+8 4
cfi=(249)
cfn=(1704)
calls=1 29 
* 270924
128 2
+6 3
+1 6
cob=(4)
cfi=(178)
cfn=(1686)
calls=1 0 
* 7
* 1
+3 1
+1 2
+3 2
+1 2
-1 1
+2 9
+1 4
cob=(10)
cfi=(248)
cfn=(1696)
calls=1 +4 
* 94
* 4
cob=(10)
cfi=(246)
cfn=(1690)
calls=1 0 
* 12
-1 7

fl=(143)
fn=(450)
31 1
fi=(118)
+6 2
-1 4
fe=(143)
-5 2
fi=(118)
+7 3
+3 2
+4 3
+3 4
fe=(143)

fl=(380) ./stdlib/./stdlib/mul.c
fn=(2820) __mpn_mul
48 17
+6 2
+12 2
+76 11
-71 1
+1 2
+69 1
-60 2
cfi=(329)
cfn=(2112)
calls=1 -50 
* 33
* 2
+2 1
+1 1
+4 2

fl=(114)
fn=(366)
31 2
fi=(115) ./wcsmbs/../sysdeps/x86_64/multiarch/ifunc-evex.h
+7 6
-1 8
+2 6
+6 4
-3 4
+9 6
+3 8
fe=(114)
-23 2

fl=(232)
fn=(1522)
32 42
+5 24
+2 12
+8 54
+4 6
+1 6
+1 12
-1 6
+1 24
-2 6
+2 6
cfi=(233)
cfn=(1524)
calls=6 -20 
* 1227
+3 6
+1 6
-1 12
+7 2
fi=(236)
979 2
+1 48
fe=(232)
66 42
-10 10
+4 5
+3 5
-2 5
+2 10
fi=(236)
979 15
fe=(232)
47 30

fl=(279)
fn=(1848) __printf_fp_buffer_1.isra.0
138 234
+21 13
+18 13
+10 13
-28 91
+62 26
1030 143
226 39
+4 91
+36 13
+5 13
-49 13
+44 52
+1 13
+1 26
+3 169
+1 13
-1 13
+1 39
-1 13
+1 26
-1 13
+1 104
+1 13
-1 26
+1 169
+6 13
-6 26
+7 26
+17 7
+4 28
-4 14
+16 14
+11 7
-41 7
+10 7
+31 7
-30 49
+33 24
+41 8
+1 8
-1 8
+1 24
fi=(283)
29 8
cob=(4)
cfi=(178)
cfn=(1556)
calls=8 -29 
* 104
fe=(279)
385 35
+18 2
-9 2
+2 4
-2 82
+2 164
-74 168
-4 84
+4 343
-4 7
+4 28
+15 9
-13 18
+53 1
-2 6
cfi=(380)
cfn=(2820)
calls=1 48 
* 77
+5 2
+1 2
fi=(283)
29 14
fe=(279)
388 14
fi=(283)
29 7
cob=(4)
cfi=(178)
cfn=(1556)
calls=7 -29 
* 91
fe=(279)
389 21
+1 21
+1 7
+3 7
-4 7
-1 7
+1 7
+1 21
+5 14
+1 14
+6 14
+4 7
+4 7
-4 7
+4 21
-4 95
+6 4
665 13
+9 13
-9 13
+9 13
+6 13
-15 13
+9 26
+6 13
-6 26
+2 26
+10 26
+20 10
+1 2
-13 2
+13 4
+21 2
+3 4
-11 2
+11 2
-3 2
+3 4
-3 2
+10 2
-7 2
+7 22
+8 26
fi=(286) ./stdio-common/../sysdeps/pthread/allocalim.h
27 13
fe=(279)
746 13
fi=(286)
27 13
cfi=(285)
cfn=(1858)
calls=13 * 
* 143
+2 26
fe=(279)
759 182
fi=(286)
29 13
fe=(279)
759 39
+4 13
-3 26
+3 30
+3 33
+7 66
+2 16
-4 8
+4 8
+14 16
-2 8
+1 40
+1 8
+1 16
-1 10
-2 5
+1 25
+1 5
+1 10
-1 20
+1 66
91 20
792 20
+2 20
91 48
+2 20
+2 40
-2 40
+8 22
+4 66
cfi=(287)
cfn=(1864)
calls=11 -59 
* 447
+2 11
+4 11
-6 11
+2 33
+1 11
+2 22
+1 22
+1 14
-1 29
+7 4
+4 12
cfi=(329)
cfn=(2112)
calls=4 -91 
* 84
+1 8
+1 15
793 3
+1 6
-1 17
+1 34
+1 40
230 78
cfi=(281)
cfn=(1850)
calls=13 33 
* 289
* 52
+4 13
382 3
91 20
796 45
95 9
+1 27
-1 18
+1 9
cfi=(329)
cfn=(2112)
calls=9 -65 
* 189
* 9
+31 27
805 66
+1 3
cfn=(1862) hack_digit
calls=1 88 
* 55
* 36
cfn=(1862)
calls=12 88 
* 888
+2 26
-2 13
+2 65
+2 27
+3 8
+5 8
-8 8
+8 32
fi=(288) ./stdio-common/../sysdeps/generic/get-rounding-mode.h
94 13
+1 91
fi=(289) ./stdio-common/../include/rounding-mode.h
-37 4
fe=(279)
935 10
-11 33
+7 46
+1 2
+3 26
+45 65
+3 26
+8 26
-4 13
+4 13
+5 26
-9 52
+9 52
fi=(290)
163 39
fe=(279)
999 52
+2 39
+5 26
fi=(290)
163 39
fe=(279)
1009 39
+13 52
cfi=(276)
cfn=(1838)
calls=13 27 
* 726
+2 39
+4 39
117 7
+1 14
483 12
655 12
+4 8
cfi=(267)
cfn=(1790)
calls=4 28 
* 64
* 4
+1 20
+1 8
385 27
cfi=(282)
cfn=(1852)
calls=9 31 
* 113
* 18
+3 14
fi=(289)
52 32
fe=(279)
835 3
-5 6
+5 8
+5 6
+2 4
+2 4
+80 6
-69 4
+80 2
-11 6
766 33
-35 10
+97 1
+30 3
+1 1
+2 9
+3 3
+2 1
+69 2
688 22
+1 22
+3 33
+2 9
+2 18
+42 18
-31 4
+15 2
-1 4
+1 8
994 52
+2 26
308 7
-2 7
+2 7
-3 7
+3 28
-3 14
cfi=(267)
cfn=(1790)
calls=7 28 
* 112
+4 14
-4 7
+4 49
+1 14
+1 57
766 33
+3 22
cfn=(1862)
calls=11 88 
* 878
* 16
cfn=(1862)
calls=8 88 
* 727
* 19
-3 68
+8 9
-3 9
+10 2
+2 2
669 4
782 2
-1 2
+2 6
+27 15
407 5
+6 10
+86 6
cfi=(267)
cfn=(1790)
calls=2 28 
* 32
+1 10
+1 4
+3 2
-8 2
+7 2
+1 2
-18 2
+18 4
+2 2
623 24
-2 24
+2 92
509 24
+2 48
647 6
+54 4
-12 6
1003 26
625 4
+4 10
cfi=(329)
cfn=(2112)
calls=2 31 
* 66
+1 2
+1 2
-1 2
+1 4
+3 2
-1 2
+1 2
-1 2
+3 2
-2 8
+9 2
+1 2
-1 2
+2 4
439 4
+3 41
+16 6
+2 2
-2 2
cfi=(284)
cfn=(1856)
calls=2 28 
* 36
+3 4
-1 2
+1 2
-1 2
+1 6
cfi=(284)
cfn=(1856)
calls=2 28 
* 36
+2 12
+14 14
-4 5
-21 10
+19 5
-1 15
+1 5
-1 15
cfi=(284)
cfn=(1856)
calls=5 28 
* 90
+4 15
-1 5
+1 15
cfi=(284)
cfn=(1856)
calls=5 28 
* 90
+3 5
+1 25
-1 3
-47 5
+4 5
-5 5
+5 30
694 72
-52 2
cfi=(284)
cfn=(1856)
calls=2 28 
* 36
+3 4
834 4

fn=(1862)
88 128
+3 32
-3 32
+3 68
+2 32
+2 64
-2 64
+8 44
+21 18
cfi=(329)
cfn=(2112)
calls=6 -91 
* 126
+1 12
+1 25
+4 30
-23 132
cfi=(287)
cfn=(1864)
calls=22 -59 
* 903
+2 22
-2 22
+2 66
+3 22
-2 22
+2 22
+1 88
+1 32
-1 60
+11 6
-4 12
-23 10
+1 30
-1 10
+1 10
cfi=(329)
cfn=(2112)
calls=10 -65 
* 210
+31 10
-31 10
+32 50
-37 12
+27 16
-1 16
+11 80

fn=(1844)
1099 156
+3 13
-3 91
+3 26
+13 26
+2 13
-2 13
cob=(4)
cfi=(178)
cfn=(844)
calls=13 0 
* 208
* 26
+1 65
+31 143
-30 26
fi=(280) ./stdio-common/../include/../locale/localeinfo.h
331 26
fe=(279)
1111 13
fi=(280)
331 13
fe=(279)
1112 26
+10 91
cfn=(1848)
calls=13 138 
* 13026
+4 13

fl=(99)
fn=(330)
29 1
fi=(88)
+11 3
-2 4
fe=(99)
-9 2
fi=(88)
+12 2
+1 3
+3 2
+4 3
+3 5
fe=(99)

fl=(387)
fn=(2910)
27 1
+2 4
+4 1

fl=(297)
fn=(2078)
338 22
+7 4
+22 8
+3 2
cfi=(174)
cfn=(572)
calls=2 29 
* 34
+3 6
cfi=(301)
cfn=(2080)
calls=2 587 
* 1288
+4 2
fi=(324) ./nptl/../sysdeps/unix/sysv/linux/rseq-internal.h
32 4
+8 2
fe=(297)
388 10
+17 4
cfi=(250)
cfn=(1706)
calls=2 28 
* 76
* 2
+14 2
-14 2
+18 2
-4 2
+4 10
+3 4
+3 4
+2 2
fi=(312) ./nptl/../sysdeps/unix/sysv/linux/internal-signals.h
89 8
fe=(297)
431 2
fi=(312)
89 2
fe=(297)
433 2
+4 4
+11 2
+4 2
cfi=(371)
cfn=(2740)
calls=2 148 
* 26
+3 2
cfi=(372)
cfn=(2742)
calls=2 23 
* 12
+3 2
cfi=(373)
cfn=(2744)
calls=2 31 
* 22819
+3 6
+31 4
+2 4
fi=(308) ./nptl/../sysdeps/unix/sysv/linux/internal-sigset.h
102 2
fe=(297)
508 6
fi=(308)
102 4
fe=(297)
508 6
+7 10
+1 4
+1 8
+35 6
+1 6
fi=(301)
189 2
cfi=(302)
cfn=(2014)
calls=2 27 
* 12
* 2
+2 10
+1 4
+1 4
fe=(297)
556 2
fi=(195)
146 2
fe=(297)
556 4
+17 6
+5 6
cfi=(301)
cfn=(2080)
calls=2 +9 
* 96
* 2
447 6
cob=(8)
cfi=(189)
cfn=(2092)
calls=2 0 
* 1258298313
* 2
fi=(301)
194 8
cfi=(305)
cfn=(2764)
calls=2 -77 
* 12
* 2
fe=(297)

fn=(2004)
626 32
+6 4
+13 8
+2 6
cfi=(299)
cfn=(2008)
calls=2 24 
* 130
* 2
+1 4
+2 4
fi=(301)
219 2
cfi=(302)
cfn=(2014)
calls=2 27 
* 12
fi=(303) ./nptl/./nptl-stack.h
61 2
fi=(301)
219 4
fi=(303)
61 2
fi=(301)
219 2
fi=(303)
61 14
fi=(301)
223 2
fi=(303)
61 2
fi=(301)
223 4
+5 6
+10 4
+91 4
+4 4
-4 2
+4 2
+10 12
+4 4
fe=(297)
897 4
+1 4
cfi=(313)
cfn=(2046)
calls=2 26 
* 12
+3 26
fi=(301)
347 8
+5 6
+1 2
-2 4
66 8
329 2
74 2
329 4
-1 4
74 6
477 6
+29 10
+26 2
fe=(297)
755 2
fi=(301)
547 2
fe=(297)
674 2
fi=(301)
558 2
-11 2
+11 2
+5 2
-26 2
+21 2
-11 2
fe=(297)
677 2
+12 2
fi=(301)
558 2
fe=(297)
683 2
fi=(301)
542 2
+21 2
fe=(297)
+81 2
fi=(301)
-97 2
fe=(297)
689 2
-6 2
+1 2
+1 2
+4 2
-5 2
fi=(301)
545 2
fe=(297)
688 2
+2 6
+4 2
+1 2
+8 2
-8 6
+5 4
+3 2
-3 2
-11 2
+11 2
+3 4
+5 2
+1 2
-1 2
+1 2
+4 4
+5 4
fi=(412) ./nptl/../sysdeps/x86/nptl/tls-setup.h
22 4
fe=(297)
730 4
+21 4
+4 4
+2 2
+10 2
fi=(312)
81 10
fe=(297)
772 4
fi=(312)
81 4
fe=(297)
780 6
fi=(308)
34 2
fe=(297)
609 8
836 12
cfn=(2036) create_thread
calls=2 236 
* 259
fi=(312)
89 6
fe=(297)
836 2
fi=(312)
89 6
fe=(297)
843 4
+40 4
+10 4
83 2
-2 1
+2 1
fi=(413) ./nptl/../sysdeps/unix/sysv/linux/sigsetops.h
-29 1
fe=(297)
+27 1
+1 1
+1 1
cfi=(298)
cfn=(2006)
calls=1 -40 
* 52
+7 2
fi=(413)
+14 1
fe=(297)
-14 1
fi=(413)
+14 1
fe=(297)
-14 3
638 1
-3 1
+3 2
791 4
fi=(308)
102 2
+1 2
fi=(301)
-4 8
366 22
cfi=(304)
cfn=(2018)
calls=2 47 
* 52
+3 6
-3 2
+3 2
+5 8
+6 4
+5 4
+1 2
+9 4
170 4
-4 6
+4 2
cfi=(305)
cfn=(2020)
calls=2 -53 
* 12
* 8
407 2
+1 2
+21 2
-18 2
-4 2
+9 4
+3 2
+7 2
-18 2
+3 2
+18 2
cob=(4)
cfi=(178)
cfn=(2022)
calls=2 0 
* 1310
* 8
fe=(297)
663 1
+89 1
cfi=(226)
cfn=(2032)
calls=1 518 
* 22
* 2

ob=(5)
fl=(181)
fn=(2892) 0x0000000000001060
0 5

fn=(2882)
0 7

ob=(2)
fl=(297)
fn=(2004)
fi=(301)
442 8
+3 14
cfi=(307)
cfn=(2030)
calls=2 43 
* 28
+2 12
+7 10
-88 4
fe=(297)

fn=(2036)
236 24
+4 10
+4 4
+3 4
+1 4
+42 2
-3 2
+10 2
-10 2
+10 4
-10 18
+10 2
cfi=(309)
cfn=(2038)
calls=2 97 
* 143
+1 4
+5 2
+6 4

ob=(5)
fl=(181)
fn=(2882)
0 2
cob=(4)
cfi=(178)
cfn=(2888)
calls=1 0 
0 134
0 1
cfn=(2892)
calls=1 0 
0 5
0 3

fn=(606)
0 12

ob=(2)
fl=(297)
fn=(2036)
321 4
+11 2
+1 22

ob=(7)
fl=(187)
fn=(638)
0 12

fn=(636)
0 364

fn=(3064)
0 5
cfn=(3066) 0x00000000000048f0
calls=1 0 
0 16
0 2
cfn=(3066)
calls=1 0 
0 16
0 3

fn=(3086) 0x0000000000005a60
0 5

fn=(3066)
0 32

fn=(3076)
0 9
cob=(4)
cfi=(178)
cfn=(3082)
calls=1 0 
0 134
0 1
cfn=(3086)
calls=1 0 
0 5
0 3

totals: 1260778884
